-- phpMyAdmin SQL Dump
-- version 5.2.1
-- https://www.phpmyadmin.net/
--
-- Servidor: localhost:3306
-- Tiempo de generación: 19-07-2023 a las 10:06:11
-- Versión del servidor: 10.3.39-MariaDB-log
-- Versión de PHP: 8.1.16

SET SQL_MODE = "NO_AUTO_VALUE_ON_ZERO";
START TRANSACTION;
SET time_zone = "+00:00";


/*!40101 SET @OLD_CHARACTER_SET_CLIENT=@@CHARACTER_SET_CLIENT */;
/*!40101 SET @OLD_CHARACTER_SET_RESULTS=@@CHARACTER_SET_RESULTS */;
/*!40101 SET @OLD_COLLATION_CONNECTION=@@COLLATION_CONNECTION */;
/*!40101 SET NAMES utf8mb4 */;

--
-- Base de datos: `concordi_alivianate`
--

-- --------------------------------------------------------

--
-- Estructura de tabla para la tabla `apoyos_asignados`
--

CREATE TABLE `apoyos_asignados` (
  `id_remesa` int(10) UNSIGNED NOT NULL,
  `id_ciclo` int(11) NOT NULL,
  `id_estudiante` bigint(20) UNSIGNED NOT NULL,
  `monto` bigint(20) NOT NULL,
  `entregado` tinyint(1) NOT NULL DEFAULT 0,
  `created_at` timestamp NULL DEFAULT NULL,
  `updated_at` timestamp NULL DEFAULT NULL
) ENGINE=InnoDB DEFAULT CHARSET=utf8mb4 COLLATE=utf8mb4_unicode_ci;

--
-- Volcado de datos para la tabla `apoyos_asignados`
--

INSERT INTO `apoyos_asignados` (`id_remesa`, `id_ciclo`, `id_estudiante`, `monto`, `entregado`, `created_at`, `updated_at`) VALUES
(1, 2223, 3, 800, 0, '2022-12-02 17:34:10', '2022-12-02 17:34:10'),
(1, 2223, 7, 1000, 0, '2022-12-02 00:38:49', '2022-12-02 00:38:49'),
(1, 2223, 8, 1000, 0, '2022-12-02 00:38:49', '2022-12-02 00:38:49'),
(1, 2223, 9, 800, 0, '2022-12-02 17:34:10', '2022-12-02 17:34:10'),
(1, 2223, 13, 800, 0, '2022-12-02 17:34:10', '2022-12-02 17:34:10'),
(1, 2223, 29, 800, 0, '2022-12-02 17:34:10', '2022-12-02 17:34:10'),
(1, 2223, 34, 1000, 0, '2022-12-02 00:38:49', '2022-12-02 00:38:49'),
(1, 2223, 35, 800, 0, '2022-12-02 17:34:10', '2022-12-02 17:34:10'),
(1, 2223, 47, 800, 0, '2022-12-02 17:34:10', '2022-12-02 17:34:10'),
(1, 2223, 48, 800, 0, '2022-12-02 17:34:10', '2022-12-02 17:34:10'),
(1, 2223, 50, 800, 0, '2022-12-02 17:34:10', '2022-12-02 17:34:10'),
(1, 2223, 51, 1000, 0, '2022-12-02 00:38:49', '2022-12-02 00:38:49'),
(1, 2223, 55, 800, 0, '2022-12-02 17:34:10', '2022-12-02 17:34:10'),
(1, 2223, 60, 800, 0, '2022-12-02 17:34:10', '2022-12-02 17:34:10'),
(1, 2223, 68, 1000, 0, '2022-12-02 00:38:49', '2022-12-02 00:38:49'),
(1, 2223, 79, 1000, 0, '2022-12-02 00:38:49', '2022-12-02 00:38:49'),
(1, 2223, 89, 800, 0, '2022-12-02 17:34:10', '2022-12-02 17:34:10'),
(1, 2223, 91, 800, 0, '2022-12-02 17:34:10', '2022-12-02 17:34:10'),
(1, 2223, 98, 1000, 0, '2022-12-02 00:38:49', '2022-12-02 00:38:49'),
(1, 2223, 99, 1000, 0, '2022-12-02 00:38:49', '2022-12-02 00:38:49'),
(1, 2223, 108, 1000, 0, '2022-12-02 00:38:49', '2022-12-02 00:38:49'),
(1, 2223, 115, 1000, 0, '2022-12-02 00:38:49', '2022-12-02 00:38:49'),
(1, 2223, 120, 1000, 0, '2022-12-02 00:38:49', '2022-12-02 00:38:49'),
(1, 2223, 129, 800, 0, '2022-12-02 17:34:10', '2022-12-02 17:34:10'),
(1, 2223, 130, 800, 0, '2022-12-02 17:34:10', '2022-12-02 17:34:10'),
(1, 2223, 131, 1000, 0, '2022-12-02 00:38:49', '2022-12-02 00:38:49'),
(1, 2223, 132, 1000, 0, '2022-12-02 00:38:49', '2022-12-02 00:38:49'),
(1, 2223, 141, 800, 0, '2022-12-02 17:34:10', '2022-12-02 17:34:10'),
(1, 2223, 148, 1000, 0, '2022-12-02 00:38:49', '2022-12-02 00:38:49'),
(1, 2223, 151, 1000, 0, '2022-12-02 00:38:49', '2022-12-02 00:38:49'),
(1, 2223, 156, 800, 0, '2022-12-02 17:34:10', '2022-12-02 17:34:10'),
(1, 2223, 165, 800, 0, '2022-12-02 17:34:10', '2022-12-02 17:34:10'),
(1, 2223, 179, 800, 0, '2022-12-02 17:34:10', '2022-12-02 17:34:10'),
(1, 2223, 186, 800, 0, '2022-12-02 17:34:10', '2022-12-02 17:34:10'),
(1, 2223, 194, 1000, 0, '2022-12-02 00:38:49', '2022-12-02 00:38:49'),
(1, 2223, 206, 1000, 0, '2022-12-02 00:38:49', '2022-12-02 00:38:49'),
(1, 2223, 208, 1000, 0, '2022-12-02 00:38:49', '2022-12-02 00:38:49'),
(1, 2223, 210, 800, 0, '2022-12-02 17:34:10', '2022-12-02 17:34:10'),
(1, 2223, 211, 1000, 0, '2022-12-02 00:38:49', '2022-12-02 00:38:49'),
(1, 2223, 213, 800, 0, '2022-12-02 17:34:10', '2022-12-02 17:34:10'),
(1, 2223, 214, 800, 0, '2022-12-02 17:34:10', '2022-12-02 17:34:10'),
(1, 2223, 216, 800, 0, '2022-12-02 17:34:10', '2022-12-02 17:34:10'),
(1, 2223, 217, 800, 0, '2022-12-02 17:34:10', '2022-12-02 17:34:10'),
(1, 2223, 220, 1000, 0, '2022-12-02 00:38:49', '2022-12-02 00:38:49'),
(1, 2223, 234, 1000, 0, '2022-12-02 00:38:49', '2022-12-02 00:38:49'),
(1, 2223, 240, 800, 0, '2022-12-02 17:34:10', '2022-12-02 17:34:10'),
(1, 2223, 254, 1000, 0, '2022-12-02 00:38:49', '2022-12-02 00:38:49'),
(1, 2223, 256, 1000, 0, '2022-12-02 00:38:49', '2022-12-02 00:38:49'),
(1, 2223, 260, 1000, 0, '2022-12-02 00:38:49', '2022-12-02 00:38:49'),
(1, 2223, 263, 1000, 0, '2022-12-02 00:38:49', '2022-12-02 00:38:49'),
(1, 2223, 264, 1000, 0, '2022-12-02 00:38:49', '2022-12-02 00:38:49'),
(1, 2223, 266, 800, 0, '2022-12-02 17:34:10', '2022-12-02 17:34:10'),
(1, 2223, 268, 1000, 0, '2022-12-02 00:38:49', '2022-12-02 00:38:49'),
(1, 2223, 271, 1000, 0, '2022-12-02 00:38:49', '2022-12-02 00:38:49'),
(1, 2223, 277, 1000, 0, '2022-12-02 00:38:49', '2022-12-02 00:38:49'),
(2, 2223, 3, 300, 0, '2022-12-19 20:07:07', '2022-12-19 20:07:07'),
(2, 2223, 7, 400, 0, '2022-12-19 20:08:17', '2022-12-19 20:08:17'),
(2, 2223, 8, 400, 0, '2022-12-19 20:08:17', '2022-12-19 20:08:17'),
(2, 2223, 9, 300, 0, '2022-12-19 20:07:07', '2022-12-19 20:07:07'),
(2, 2223, 13, 300, 0, '2022-12-19 20:07:07', '2022-12-19 20:07:07'),
(2, 2223, 29, 300, 0, '2022-12-19 20:07:07', '2022-12-19 20:07:07'),
(2, 2223, 34, 400, 0, '2022-12-19 20:08:17', '2022-12-19 20:08:17'),
(2, 2223, 35, 300, 0, '2022-12-19 20:07:07', '2022-12-19 20:07:07'),
(2, 2223, 47, 300, 0, '2022-12-19 20:07:07', '2022-12-19 20:07:07'),
(2, 2223, 48, 300, 0, '2022-12-19 20:07:07', '2022-12-19 20:07:07'),
(2, 2223, 50, 300, 0, '2022-12-19 20:07:07', '2022-12-19 20:07:07'),
(2, 2223, 51, 400, 0, '2022-12-19 20:08:17', '2022-12-19 20:08:17'),
(2, 2223, 55, 300, 0, '2022-12-19 20:07:07', '2022-12-19 20:07:07'),
(2, 2223, 60, 300, 0, '2022-12-19 20:07:07', '2022-12-19 20:07:07'),
(2, 2223, 68, 400, 0, '2022-12-19 20:08:17', '2022-12-19 20:08:17'),
(2, 2223, 79, 400, 0, '2022-12-19 20:08:17', '2022-12-19 20:08:17'),
(2, 2223, 89, 300, 0, '2022-12-19 20:07:07', '2022-12-19 20:07:07'),
(2, 2223, 98, 400, 0, '2022-12-19 20:08:17', '2022-12-19 20:08:17'),
(2, 2223, 99, 400, 0, '2022-12-19 20:08:17', '2022-12-19 20:08:17'),
(2, 2223, 108, 400, 0, '2022-12-19 20:08:17', '2022-12-19 20:08:17'),
(2, 2223, 115, 400, 0, '2022-12-19 20:08:17', '2022-12-19 20:08:17'),
(2, 2223, 120, 400, 0, '2022-12-19 20:08:17', '2022-12-19 20:08:17'),
(2, 2223, 129, 300, 0, '2022-12-19 20:07:07', '2022-12-19 20:07:07'),
(2, 2223, 130, 300, 0, '2022-12-19 20:07:07', '2022-12-19 20:07:07'),
(2, 2223, 131, 400, 0, '2022-12-19 20:08:17', '2022-12-19 20:08:17'),
(2, 2223, 132, 400, 0, '2022-12-19 20:08:17', '2022-12-19 20:08:17'),
(2, 2223, 141, 300, 0, '2022-12-19 20:07:07', '2022-12-19 20:07:07'),
(2, 2223, 148, 400, 0, '2022-12-19 20:08:17', '2022-12-19 20:08:17'),
(2, 2223, 151, 400, 0, '2022-12-19 20:08:17', '2022-12-19 20:08:17'),
(2, 2223, 156, 300, 0, '2022-12-19 20:07:07', '2022-12-19 20:07:07'),
(2, 2223, 165, 300, 0, '2022-12-19 20:07:07', '2022-12-19 20:07:07'),
(2, 2223, 179, 300, 0, '2022-12-19 20:07:07', '2022-12-19 20:07:07'),
(2, 2223, 186, 300, 0, '2022-12-19 20:07:07', '2022-12-19 20:07:07'),
(2, 2223, 194, 400, 0, '2022-12-19 20:08:17', '2022-12-19 20:08:17'),
(2, 2223, 206, 400, 0, '2022-12-19 20:08:17', '2022-12-19 20:08:17'),
(2, 2223, 208, 400, 0, '2022-12-19 20:08:17', '2022-12-19 20:08:17'),
(2, 2223, 210, 300, 0, '2022-12-19 20:07:07', '2022-12-19 20:07:07'),
(2, 2223, 211, 400, 0, '2022-12-19 20:08:17', '2022-12-19 20:08:17'),
(2, 2223, 213, 300, 0, '2022-12-19 20:07:07', '2022-12-19 20:07:07'),
(2, 2223, 214, 300, 0, '2022-12-19 20:07:07', '2022-12-19 20:07:07'),
(2, 2223, 216, 300, 0, '2022-12-19 20:07:07', '2022-12-19 20:07:07'),
(2, 2223, 217, 300, 0, '2022-12-19 20:07:07', '2022-12-19 20:07:07'),
(2, 2223, 220, 400, 0, '2022-12-19 20:08:17', '2022-12-19 20:08:17'),
(2, 2223, 234, 400, 0, '2022-12-19 20:08:17', '2022-12-19 20:08:17'),
(2, 2223, 240, 300, 0, '2022-12-19 20:07:07', '2022-12-19 20:07:07'),
(2, 2223, 253, 400, 0, '2022-12-19 20:08:17', '2022-12-19 20:08:17'),
(2, 2223, 254, 400, 0, '2022-12-19 20:08:17', '2022-12-19 20:08:17'),
(2, 2223, 256, 400, 0, '2022-12-19 20:08:17', '2022-12-19 20:08:17'),
(2, 2223, 260, 400, 0, '2022-12-19 20:08:17', '2022-12-19 20:08:17'),
(2, 2223, 263, 400, 0, '2022-12-19 20:08:17', '2022-12-19 20:08:17'),
(2, 2223, 264, 400, 0, '2022-12-19 20:08:17', '2022-12-19 20:08:17'),
(2, 2223, 266, 300, 0, '2022-12-19 20:07:07', '2022-12-19 20:07:07'),
(2, 2223, 268, 400, 0, '2022-12-19 20:08:17', '2022-12-19 20:08:17'),
(2, 2223, 271, 400, 0, '2022-12-19 20:08:17', '2022-12-19 20:08:17'),
(2, 2223, 277, 400, 0, '2022-12-19 20:08:17', '2022-12-19 20:08:17'),
(2, 2223, 278, 400, 0, '2022-12-19 20:08:17', '2022-12-19 20:08:17'),
(4, 2223, 8, 800, 0, '2023-02-01 21:51:53', '2023-02-01 21:51:53'),
(4, 2223, 9, 600, 0, '2023-02-01 21:51:45', '2023-02-01 21:51:45'),
(4, 2223, 13, 600, 0, '2023-02-01 21:51:44', '2023-02-01 21:51:44'),
(4, 2223, 29, 600, 0, '2023-02-01 21:51:44', '2023-02-01 21:51:44'),
(4, 2223, 34, 800, 0, '2023-02-01 21:51:53', '2023-02-01 21:51:53'),
(4, 2223, 35, 600, 0, '2023-02-01 21:51:44', '2023-02-01 21:51:44'),
(4, 2223, 48, 600, 0, '2023-02-01 21:51:44', '2023-02-01 21:51:44'),
(4, 2223, 50, 600, 0, '2023-02-01 21:51:45', '2023-02-01 21:51:45'),
(4, 2223, 55, 600, 0, '2023-02-01 21:51:45', '2023-02-01 21:51:45'),
(4, 2223, 60, 600, 0, '2023-02-01 21:51:44', '2023-02-01 21:51:44'),
(4, 2223, 68, 800, 0, '2023-02-01 21:51:53', '2023-02-01 21:51:53'),
(4, 2223, 89, 600, 0, '2023-02-01 21:51:44', '2023-02-01 21:51:44'),
(4, 2223, 91, 600, 0, '2023-02-02 21:43:03', '2023-02-02 21:43:03'),
(4, 2223, 99, 800, 0, '2023-02-01 21:51:53', '2023-02-01 21:51:53'),
(4, 2223, 108, 800, 0, '2023-02-01 21:51:53', '2023-02-01 21:51:53'),
(4, 2223, 115, 800, 0, '2023-02-01 21:51:53', '2023-02-01 21:51:53'),
(4, 2223, 129, 600, 0, '2023-02-01 21:51:45', '2023-02-01 21:51:45'),
(4, 2223, 131, 800, 0, '2023-02-01 21:51:53', '2023-02-01 21:51:53'),
(4, 2223, 141, 600, 0, '2023-02-01 21:51:44', '2023-02-01 21:51:44'),
(4, 2223, 148, 800, 0, '2023-02-01 21:51:53', '2023-02-01 21:51:53'),
(4, 2223, 151, 800, 0, '2023-02-02 17:57:58', '2023-02-02 17:57:58'),
(4, 2223, 156, 600, 0, '2023-02-01 21:51:45', '2023-02-01 21:51:45'),
(4, 2223, 165, 600, 0, '2023-02-01 21:51:44', '2023-02-01 21:51:44'),
(4, 2223, 186, 600, 0, '2023-02-01 21:51:44', '2023-02-01 21:51:44'),
(4, 2223, 206, 800, 0, '2023-02-01 21:51:53', '2023-02-01 21:51:53'),
(4, 2223, 210, 600, 0, '2023-02-01 21:51:44', '2023-02-01 21:51:44'),
(4, 2223, 214, 600, 0, '2023-02-01 21:51:44', '2023-02-01 21:51:44'),
(4, 2223, 216, 600, 0, '2023-02-01 21:51:44', '2023-02-01 21:51:44'),
(4, 2223, 217, 600, 0, '2023-02-01 21:51:44', '2023-02-01 21:51:44'),
(4, 2223, 240, 600, 0, '2023-02-01 21:51:44', '2023-02-01 21:51:44'),
(4, 2223, 253, 800, 0, '2023-02-01 21:51:53', '2023-02-01 21:51:53'),
(4, 2223, 263, 800, 0, '2023-02-01 22:15:10', '2023-02-01 22:15:10'),
(4, 2223, 264, 800, 0, '2023-02-01 21:51:53', '2023-02-01 21:51:53'),
(4, 2223, 266, 600, 0, '2023-02-01 21:51:44', '2023-02-01 21:51:44'),
(4, 2223, 271, 800, 0, '2023-02-02 17:57:58', '2023-02-02 17:57:58'),
(5, 2223, 8, 800, 0, '2023-03-02 19:00:03', '2023-03-02 19:00:03'),
(5, 2223, 9, 600, 0, '2023-03-02 18:59:37', '2023-03-02 18:59:37'),
(5, 2223, 13, 600, 0, '2023-03-02 18:59:37', '2023-03-02 18:59:37'),
(5, 2223, 29, 600, 0, '2023-03-02 18:59:37', '2023-03-02 18:59:37'),
(5, 2223, 34, 800, 0, '2023-03-02 19:00:03', '2023-03-02 19:00:03'),
(5, 2223, 35, 600, 0, '2023-03-02 18:59:37', '2023-03-02 18:59:37'),
(5, 2223, 48, 600, 0, '2023-03-02 18:59:37', '2023-03-02 18:59:37'),
(5, 2223, 50, 600, 0, '2023-03-02 18:59:37', '2023-03-02 18:59:37'),
(5, 2223, 51, 1600, 0, '2023-03-02 19:00:03', '2023-03-02 19:00:03'),
(5, 2223, 55, 600, 0, '2023-03-02 18:59:37', '2023-03-02 18:59:37'),
(5, 2223, 60, 600, 0, '2023-03-02 18:59:37', '2023-03-02 18:59:37'),
(5, 2223, 68, 800, 0, '2023-03-02 19:00:03', '2023-03-02 19:00:03'),
(5, 2223, 69, 1600, 0, '2023-03-02 19:00:03', '2023-03-02 19:00:03'),
(5, 2223, 87, 600, 0, '2023-03-02 18:59:37', '2023-03-02 18:59:37'),
(5, 2223, 89, 600, 0, '2023-03-02 18:59:37', '2023-03-02 18:59:37'),
(5, 2223, 91, 600, 0, '2023-03-02 18:59:37', '2023-03-02 18:59:37'),
(5, 2223, 99, 800, 0, '2023-03-02 19:00:03', '2023-03-02 19:00:03'),
(5, 2223, 108, 800, 0, '2023-03-02 19:00:03', '2023-03-02 19:00:03'),
(5, 2223, 115, 800, 0, '2023-03-02 19:00:03', '2023-03-02 19:00:03'),
(5, 2223, 120, 1600, 0, '2023-03-02 19:00:03', '2023-03-02 19:00:03'),
(5, 2223, 129, 600, 0, '2023-03-02 18:59:37', '2023-03-02 18:59:37'),
(5, 2223, 130, 1200, 0, '2023-03-02 18:59:37', '2023-03-02 18:59:37'),
(5, 2223, 131, 800, 0, '2023-03-02 19:00:03', '2023-03-02 19:00:03'),
(5, 2223, 141, 600, 0, '2023-03-02 18:59:37', '2023-03-02 18:59:37'),
(5, 2223, 148, 800, 0, '2023-03-02 19:00:03', '2023-03-02 19:00:03'),
(5, 2223, 151, 800, 0, '2023-03-02 19:00:03', '2023-03-02 19:00:03'),
(5, 2223, 156, 600, 0, '2023-03-02 18:59:37', '2023-03-02 18:59:37'),
(5, 2223, 165, 600, 0, '2023-03-02 18:59:37', '2023-03-02 18:59:37'),
(5, 2223, 186, 600, 0, '2023-03-02 18:59:37', '2023-03-02 18:59:37'),
(5, 2223, 204, 1200, 0, '2023-03-02 18:59:37', '2023-03-02 18:59:37'),
(5, 2223, 206, 800, 0, '2023-03-02 19:00:03', '2023-03-02 19:00:03'),
(5, 2223, 208, 1600, 0, '2023-03-02 19:00:03', '2023-03-02 19:00:03'),
(5, 2223, 210, 600, 0, '2023-03-02 18:59:37', '2023-03-02 18:59:37'),
(5, 2223, 211, 1600, 0, '2023-03-08 21:59:47', '2023-03-08 21:59:47'),
(5, 2223, 213, 1200, 0, '2023-03-02 18:59:37', '2023-03-02 18:59:37'),
(5, 2223, 214, 600, 0, '2023-03-02 18:59:37', '2023-03-02 18:59:37'),
(5, 2223, 216, 600, 0, '2023-03-02 18:59:37', '2023-03-02 18:59:37'),
(5, 2223, 217, 600, 0, '2023-03-02 18:59:37', '2023-03-02 18:59:37'),
(5, 2223, 231, 1600, 0, '2023-03-02 19:00:03', '2023-03-02 19:00:03'),
(5, 2223, 240, 600, 0, '2023-03-02 18:59:37', '2023-03-02 18:59:37'),
(5, 2223, 253, 800, 0, '2023-03-02 19:00:03', '2023-03-02 19:00:03'),
(5, 2223, 256, 1600, 0, '2023-03-02 19:00:03', '2023-03-02 19:00:03'),
(5, 2223, 263, 800, 0, '2023-03-02 19:00:03', '2023-03-02 19:00:03'),
(5, 2223, 264, 800, 0, '2023-03-02 19:00:03', '2023-03-02 19:00:03'),
(5, 2223, 266, 600, 0, '2023-03-02 18:59:37', '2023-03-02 18:59:37'),
(5, 2223, 268, 1600, 0, '2023-03-02 19:00:03', '2023-03-02 19:00:03'),
(5, 2223, 271, 800, 0, '2023-03-02 19:00:03', '2023-03-02 19:00:03'),
(5, 2223, 277, 1600, 0, '2023-03-06 18:49:46', '2023-03-06 18:49:46'),
(5, 2223, 278, 1600, 0, '2023-03-02 19:00:03', '2023-03-02 19:00:03'),
(5, 2223, 283, 1200, 0, '2023-03-02 18:59:37', '2023-03-02 18:59:37'),
(5, 2223, 284, 1200, 0, '2023-03-02 18:59:37', '2023-03-02 18:59:37'),
(6, 2223, 7, 800, 0, '2023-03-30 21:40:08', '2023-03-30 21:40:08'),
(6, 2223, 8, 800, 0, '2023-03-30 21:40:08', '2023-03-30 21:40:08'),
(6, 2223, 9, 600, 0, '2023-03-30 21:38:33', '2023-03-30 21:38:33'),
(6, 2223, 13, 600, 0, '2023-03-30 21:38:33', '2023-03-30 21:38:33'),
(6, 2223, 18, 600, 0, '2023-03-30 21:38:33', '2023-03-30 21:38:33'),
(6, 2223, 29, 600, 0, '2023-03-30 21:38:33', '2023-03-30 21:38:33'),
(6, 2223, 34, 800, 0, '2023-03-30 21:40:08', '2023-03-30 21:40:08'),
(6, 2223, 35, 600, 0, '2023-03-30 21:38:33', '2023-03-30 21:38:33'),
(6, 2223, 48, 600, 0, '2023-03-30 21:38:33', '2023-03-30 21:38:33'),
(6, 2223, 50, 600, 0, '2023-03-30 21:38:33', '2023-03-30 21:38:33'),
(6, 2223, 51, 800, 0, '2023-03-30 21:40:08', '2023-03-30 21:40:08'),
(6, 2223, 55, 600, 0, '2023-03-30 21:38:33', '2023-03-30 21:38:33'),
(6, 2223, 60, 600, 0, '2023-03-30 21:38:33', '2023-03-30 21:38:33'),
(6, 2223, 68, 800, 0, '2023-03-30 21:40:08', '2023-03-30 21:40:08'),
(6, 2223, 69, 800, 0, '2023-03-30 21:40:08', '2023-03-30 21:40:08'),
(6, 2223, 79, 800, 0, '2023-03-30 21:40:08', '2023-03-30 21:40:08'),
(6, 2223, 87, 600, 0, '2023-03-30 21:38:33', '2023-03-30 21:38:33'),
(6, 2223, 89, 600, 0, '2023-03-30 21:38:33', '2023-03-30 21:38:33'),
(6, 2223, 91, 600, 0, '2023-03-30 21:38:33', '2023-03-30 21:38:33'),
(6, 2223, 99, 800, 0, '2023-03-30 21:40:08', '2023-03-30 21:40:08'),
(6, 2223, 108, 800, 0, '2023-03-30 21:40:08', '2023-03-30 21:40:08'),
(6, 2223, 115, 800, 0, '2023-03-30 21:40:08', '2023-03-30 21:40:08'),
(6, 2223, 120, 800, 0, '2023-03-30 21:40:08', '2023-03-30 21:40:08'),
(6, 2223, 129, 600, 0, '2023-03-30 21:38:33', '2023-03-30 21:38:33'),
(6, 2223, 130, 600, 0, '2023-03-30 21:38:33', '2023-03-30 21:38:33'),
(6, 2223, 131, 800, 0, '2023-03-30 21:40:08', '2023-03-30 21:40:08'),
(6, 2223, 140, 600, 0, '2023-03-30 21:38:33', '2023-03-30 21:38:33'),
(6, 2223, 141, 600, 0, '2023-03-30 21:38:33', '2023-03-30 21:38:33'),
(6, 2223, 148, 800, 0, '2023-03-30 21:40:08', '2023-03-30 21:40:08'),
(6, 2223, 151, 800, 0, '2023-03-30 21:40:08', '2023-03-30 21:40:08'),
(6, 2223, 156, 600, 0, '2023-03-30 21:38:33', '2023-03-30 21:38:33'),
(6, 2223, 165, 600, 0, '2023-03-30 21:38:33', '2023-03-30 21:38:33'),
(6, 2223, 186, 600, 0, '2023-03-30 21:38:33', '2023-03-30 21:38:33'),
(6, 2223, 204, 600, 0, '2023-03-30 21:38:33', '2023-03-30 21:38:33'),
(6, 2223, 206, 800, 0, '2023-03-30 21:40:08', '2023-03-30 21:40:08'),
(6, 2223, 208, 800, 0, '2023-03-30 21:40:08', '2023-03-30 21:40:08'),
(6, 2223, 210, 600, 0, '2023-03-30 21:38:33', '2023-03-30 21:38:33'),
(6, 2223, 211, 800, 0, '2023-03-30 21:40:08', '2023-03-30 21:40:08'),
(6, 2223, 213, 600, 0, '2023-03-30 21:38:33', '2023-03-30 21:38:33'),
(6, 2223, 214, 600, 0, '2023-03-30 21:38:33', '2023-03-30 21:38:33'),
(6, 2223, 216, 600, 0, '2023-03-30 21:38:33', '2023-03-30 21:38:33'),
(6, 2223, 217, 600, 0, '2023-03-30 21:38:33', '2023-03-30 21:38:33'),
(6, 2223, 231, 800, 0, '2023-03-30 21:40:08', '2023-03-30 21:40:08'),
(6, 2223, 240, 600, 0, '2023-03-30 21:38:33', '2023-03-30 21:38:33'),
(6, 2223, 253, 800, 0, '2023-03-30 21:40:08', '2023-03-30 21:40:08'),
(6, 2223, 256, 800, 0, '2023-03-30 21:40:08', '2023-03-30 21:40:08'),
(6, 2223, 263, 800, 0, '2023-03-30 21:40:08', '2023-03-30 21:40:08'),
(6, 2223, 264, 800, 0, '2023-03-30 21:40:08', '2023-03-30 21:40:08'),
(6, 2223, 266, 600, 0, '2023-03-30 21:38:33', '2023-03-30 21:38:33'),
(6, 2223, 268, 800, 0, '2023-03-30 21:40:08', '2023-03-30 21:40:08'),
(6, 2223, 271, 800, 0, '2023-03-30 21:40:08', '2023-03-30 21:40:08'),
(6, 2223, 277, 800, 0, '2023-03-30 21:40:08', '2023-03-30 21:40:08'),
(6, 2223, 278, 800, 0, '2023-03-30 21:40:08', '2023-03-30 21:40:08'),
(6, 2223, 283, 600, 0, '2023-03-30 21:38:33', '2023-03-30 21:38:33'),
(6, 2223, 284, 600, 0, '2023-03-30 21:38:33', '2023-03-30 21:38:33'),
(7, 2223, 7, 800, 0, '2023-05-05 15:23:43', '2023-05-05 15:23:43'),
(7, 2223, 8, 800, 0, '2023-05-05 15:23:43', '2023-05-05 15:23:43'),
(7, 2223, 9, 600, 0, '2023-05-05 15:23:35', '2023-05-05 15:23:35'),
(7, 2223, 13, 600, 0, '2023-05-05 15:23:35', '2023-05-05 15:23:35'),
(7, 2223, 18, 600, 0, '2023-05-05 15:23:35', '2023-05-05 15:23:35'),
(7, 2223, 29, 600, 0, '2023-05-05 15:23:35', '2023-05-05 15:23:35'),
(7, 2223, 34, 800, 0, '2023-05-05 15:23:43', '2023-05-05 15:23:43'),
(7, 2223, 35, 600, 0, '2023-05-05 15:23:35', '2023-05-05 15:23:35'),
(7, 2223, 48, 600, 0, '2023-05-05 15:23:35', '2023-05-05 15:23:35'),
(7, 2223, 50, 600, 0, '2023-05-05 15:23:35', '2023-05-05 15:23:35'),
(7, 2223, 51, 800, 0, '2023-05-05 15:23:43', '2023-05-05 15:23:43'),
(7, 2223, 55, 600, 0, '2023-05-05 15:23:35', '2023-05-05 15:23:35'),
(7, 2223, 60, 600, 0, '2023-05-05 15:23:35', '2023-05-05 15:23:35'),
(7, 2223, 68, 800, 0, '2023-05-05 15:23:43', '2023-05-05 15:23:43'),
(7, 2223, 69, 800, 0, '2023-05-05 15:23:43', '2023-05-05 15:23:43'),
(7, 2223, 79, 800, 0, '2023-05-05 15:23:43', '2023-05-05 15:23:43'),
(7, 2223, 87, 600, 0, '2023-05-05 15:23:35', '2023-05-05 15:23:35'),
(7, 2223, 89, 600, 0, '2023-05-05 15:23:35', '2023-05-05 15:23:35'),
(7, 2223, 91, 600, 0, '2023-05-05 15:23:35', '2023-05-05 15:23:35'),
(7, 2223, 99, 800, 0, '2023-05-05 15:23:43', '2023-05-05 15:23:43'),
(7, 2223, 108, 800, 0, '2023-05-05 15:23:43', '2023-05-05 15:23:43'),
(7, 2223, 115, 800, 0, '2023-05-05 15:23:43', '2023-05-05 15:23:43'),
(7, 2223, 120, 800, 0, '2023-05-05 15:23:43', '2023-05-05 15:23:43'),
(7, 2223, 129, 600, 0, '2023-05-05 15:23:35', '2023-05-05 15:23:35'),
(7, 2223, 130, 600, 0, '2023-05-05 15:23:35', '2023-05-05 15:23:35'),
(7, 2223, 131, 800, 0, '2023-05-05 15:23:43', '2023-05-05 15:23:43'),
(7, 2223, 140, 600, 0, '2023-05-05 15:23:35', '2023-05-05 15:23:35'),
(7, 2223, 141, 600, 0, '2023-05-05 15:23:35', '2023-05-05 15:23:35'),
(7, 2223, 148, 800, 0, '2023-05-05 15:23:43', '2023-05-05 15:23:43'),
(7, 2223, 151, 800, 0, '2023-05-05 15:23:43', '2023-05-05 15:23:43'),
(7, 2223, 156, 600, 0, '2023-05-05 15:23:35', '2023-05-05 15:23:35'),
(7, 2223, 165, 600, 0, '2023-05-05 15:23:35', '2023-05-05 15:23:35'),
(7, 2223, 186, 600, 0, '2023-05-05 15:23:35', '2023-05-05 15:23:35'),
(7, 2223, 204, 600, 0, '2023-05-05 15:23:35', '2023-05-05 15:23:35'),
(7, 2223, 206, 800, 0, '2023-05-05 15:23:43', '2023-05-05 15:23:43'),
(7, 2223, 208, 800, 0, '2023-05-05 15:23:43', '2023-05-05 15:23:43'),
(7, 2223, 210, 600, 0, '2023-05-05 15:23:35', '2023-05-05 15:23:35'),
(7, 2223, 211, 800, 0, '2023-05-05 15:23:43', '2023-05-05 15:23:43'),
(7, 2223, 213, 600, 0, '2023-05-05 15:23:35', '2023-05-05 15:23:35'),
(7, 2223, 214, 600, 0, '2023-05-05 15:23:35', '2023-05-05 15:23:35'),
(7, 2223, 216, 600, 0, '2023-05-05 15:23:35', '2023-05-05 15:23:35'),
(7, 2223, 217, 600, 0, '2023-05-05 15:23:35', '2023-05-05 15:23:35'),
(7, 2223, 231, 800, 0, '2023-05-05 15:23:43', '2023-05-05 15:23:43'),
(7, 2223, 240, 600, 0, '2023-05-05 15:23:35', '2023-05-05 15:23:35'),
(7, 2223, 253, 800, 0, '2023-05-05 15:23:43', '2023-05-05 15:23:43'),
(7, 2223, 256, 800, 0, '2023-05-05 15:23:43', '2023-05-05 15:23:43'),
(7, 2223, 263, 800, 0, '2023-05-05 15:23:43', '2023-05-05 15:23:43'),
(7, 2223, 264, 800, 0, '2023-05-05 15:23:43', '2023-05-05 15:23:43'),
(7, 2223, 266, 600, 0, '2023-05-05 15:23:35', '2023-05-05 15:23:35'),
(7, 2223, 268, 800, 0, '2023-05-05 15:23:43', '2023-05-05 15:23:43'),
(7, 2223, 269, 600, 0, '2023-05-05 15:23:35', '2023-05-05 15:23:35'),
(7, 2223, 271, 800, 0, '2023-05-05 15:23:43', '2023-05-05 15:23:43'),
(7, 2223, 277, 800, 0, '2023-05-05 15:23:43', '2023-05-05 15:23:43'),
(7, 2223, 278, 800, 0, '2023-05-05 15:23:43', '2023-05-05 15:23:43'),
(7, 2223, 283, 600, 0, '2023-05-05 15:23:35', '2023-05-05 15:23:35'),
(7, 2223, 284, 600, 0, '2023-05-05 15:23:35', '2023-05-05 15:23:35'),
(7, 2223, 286, 600, 0, '2023-05-05 15:23:35', '2023-05-05 15:23:35'),
(7, 2223, 287, 600, 0, '2023-05-05 15:23:35', '2023-05-05 15:23:35'),
(7, 2223, 288, 800, 0, '2023-05-05 15:23:43', '2023-05-05 15:23:43'),
(8, 2223, 7, 400, 0, '2023-05-31 21:58:35', '2023-05-31 21:58:35'),
(8, 2223, 8, 400, 0, '2023-05-31 21:58:35', '2023-05-31 21:58:35'),
(8, 2223, 9, 600, 0, '2023-05-31 21:57:54', '2023-05-31 21:57:54'),
(8, 2223, 13, 300, 0, '2023-05-31 21:57:54', '2023-05-31 21:57:54'),
(8, 2223, 18, 300, 0, '2023-05-31 21:57:54', '2023-05-31 21:57:54'),
(8, 2223, 29, 300, 0, '2023-05-31 21:57:54', '2023-05-31 21:57:54'),
(8, 2223, 34, 400, 0, '2023-05-31 21:58:35', '2023-05-31 21:58:35'),
(8, 2223, 35, 300, 0, '2023-05-31 21:57:54', '2023-05-31 21:57:54'),
(8, 2223, 48, 300, 0, '2023-05-31 21:57:54', '2023-05-31 21:57:54'),
(8, 2223, 50, 300, 0, '2023-05-31 21:57:54', '2023-05-31 21:57:54'),
(8, 2223, 51, 800, 0, '2023-05-31 21:58:35', '2023-05-31 21:58:35'),
(8, 2223, 55, 300, 0, '2023-05-31 21:57:54', '2023-05-31 21:57:54'),
(8, 2223, 60, 300, 0, '2023-05-31 21:57:54', '2023-05-31 21:57:54'),
(8, 2223, 68, 400, 0, '2023-05-31 21:58:35', '2023-05-31 21:58:35'),
(8, 2223, 69, 400, 0, '2023-05-31 21:58:35', '2023-05-31 21:58:35'),
(8, 2223, 79, 400, 0, '2023-05-31 21:58:35', '2023-05-31 21:58:35'),
(8, 2223, 87, 300, 0, '2023-05-31 21:57:54', '2023-05-31 21:57:54'),
(8, 2223, 89, 600, 0, '2023-05-31 21:57:54', '2023-05-31 21:57:54'),
(8, 2223, 91, 300, 0, '2023-05-31 21:57:54', '2023-05-31 21:57:54'),
(8, 2223, 99, 400, 0, '2023-05-31 21:58:35', '2023-05-31 21:58:35'),
(8, 2223, 108, 400, 0, '2023-05-31 21:58:35', '2023-05-31 21:58:35'),
(8, 2223, 115, 400, 0, '2023-05-31 21:58:35', '2023-05-31 21:58:35'),
(8, 2223, 120, 400, 0, '2023-05-31 21:58:35', '2023-05-31 21:58:35'),
(8, 2223, 129, 600, 0, '2023-05-31 21:57:54', '2023-05-31 21:57:54'),
(8, 2223, 130, 600, 0, '2023-05-31 21:57:54', '2023-05-31 21:57:54'),
(8, 2223, 131, 400, 0, '2023-05-31 21:58:35', '2023-05-31 21:58:35'),
(8, 2223, 140, 600, 0, '2023-05-31 21:57:54', '2023-05-31 21:57:54'),
(8, 2223, 141, 600, 0, '2023-05-31 21:57:54', '2023-05-31 21:57:54'),
(8, 2223, 148, 400, 0, '2023-05-31 21:58:35', '2023-05-31 21:58:35'),
(8, 2223, 151, 400, 0, '2023-05-31 21:58:35', '2023-05-31 21:58:35'),
(8, 2223, 156, 300, 0, '2023-05-31 21:57:54', '2023-05-31 21:57:54'),
(8, 2223, 165, 300, 0, '2023-05-31 21:57:54', '2023-05-31 21:57:54'),
(8, 2223, 186, 300, 0, '2023-05-31 21:57:54', '2023-05-31 21:57:54'),
(8, 2223, 204, 600, 0, '2023-05-31 21:57:54', '2023-05-31 21:57:54'),
(8, 2223, 206, 800, 0, '2023-05-31 21:58:35', '2023-05-31 21:58:35'),
(8, 2223, 208, 0, 0, '2023-05-31 21:58:35', '2023-05-31 21:58:35'),
(8, 2223, 210, 0, 0, '2023-05-31 21:57:54', '2023-05-31 21:57:54'),
(8, 2223, 211, 400, 0, '2023-05-31 21:58:35', '2023-05-31 21:58:35'),
(8, 2223, 213, 300, 0, '2023-05-31 21:57:54', '2023-05-31 21:57:54'),
(8, 2223, 214, 300, 0, '2023-05-31 21:57:54', '2023-05-31 21:57:54'),
(8, 2223, 216, 300, 0, '2023-05-31 21:57:54', '2023-05-31 21:57:54'),
(8, 2223, 217, 300, 0, '2023-05-31 21:57:54', '2023-05-31 21:57:54'),
(8, 2223, 231, 400, 0, '2023-05-31 21:58:35', '2023-05-31 21:58:35'),
(8, 2223, 240, 600, 0, '2023-05-31 21:57:54', '2023-05-31 21:57:54'),
(8, 2223, 253, 400, 0, '2023-05-31 21:58:35', '2023-05-31 21:58:35'),
(8, 2223, 256, 800, 0, '2023-05-31 21:58:35', '2023-05-31 21:58:35'),
(8, 2223, 263, 400, 0, '2023-05-31 21:58:35', '2023-05-31 21:58:35'),
(8, 2223, 264, 400, 0, '2023-05-31 21:58:35', '2023-05-31 21:58:35'),
(8, 2223, 266, 300, 0, '2023-05-31 21:57:54', '2023-05-31 21:57:54'),
(8, 2223, 268, 400, 0, '2023-05-31 21:58:35', '2023-05-31 21:58:35'),
(8, 2223, 269, 300, 0, '2023-05-31 21:57:54', '2023-05-31 21:57:54'),
(8, 2223, 271, 400, 0, '2023-05-31 21:58:35', '2023-05-31 21:58:35'),
(8, 2223, 277, 400, 0, '2023-05-31 21:58:35', '2023-05-31 21:58:35'),
(8, 2223, 278, 800, 0, '2023-05-31 21:58:35', '2023-05-31 21:58:35'),
(8, 2223, 283, 300, 0, '2023-05-31 21:57:54', '2023-05-31 21:57:54'),
(8, 2223, 284, 300, 0, '2023-05-31 21:57:54', '2023-05-31 21:57:54'),
(8, 2223, 286, 0, 0, '2023-05-31 21:57:54', '2023-05-31 21:57:54'),
(8, 2223, 287, 600, 0, '2023-05-31 21:57:54', '2023-05-31 21:57:54'),
(8, 2223, 288, 400, 0, '2023-05-31 21:58:35', '2023-05-31 21:58:35'),
(8, 2223, 293, 600, 0, '2023-05-31 21:57:54', '2023-05-31 21:57:54');

-- --------------------------------------------------------

--
-- Estructura de tabla para la tabla `apoyos_montos`
--

CREATE TABLE `apoyos_montos` (
  `id_remesa` int(10) UNSIGNED NOT NULL,
  `id_ciclo` int(11) NOT NULL,
  `cve_ciudad_escuela` int(10) UNSIGNED NOT NULL,
  `cve_escuela` int(10) UNSIGNED NOT NULL,
  `monto` int(11) NOT NULL,
  `created_at` timestamp NULL DEFAULT NULL,
  `updated_at` timestamp NULL DEFAULT NULL
) ENGINE=InnoDB DEFAULT CHARSET=utf8mb4 COLLATE=utf8mb4_unicode_ci;

--
-- Volcado de datos para la tabla `apoyos_montos`
--

INSERT INTO `apoyos_montos` (`id_remesa`, `id_ciclo`, `cve_ciudad_escuela`, `cve_escuela`, `monto`, `created_at`, `updated_at`) VALUES
(1, 2223, 1, 1, 800, '2022-12-01 23:28:47', '2022-12-02 17:13:12'),
(1, 2223, 1, 3, 800, '2022-12-01 23:28:47', '2022-12-02 17:13:00'),
(1, 2223, 1, 4, 800, '2022-12-01 23:28:47', '2022-12-02 17:13:33'),
(1, 2223, 1, 11, 800, '2022-12-01 23:28:47', '2022-12-02 17:13:22'),
(1, 2223, 1, 17, 800, '2022-12-01 23:28:47', '2022-12-02 17:13:57'),
(1, 2223, 2, 1, 1000, '2022-12-01 23:29:02', '2022-12-02 00:38:15'),
(1, 2223, 2, 21, 1000, '2022-12-01 23:29:02', '2022-12-02 00:25:30'),
(1, 2223, 2, 24, 1000, '2022-12-01 23:29:02', '2022-12-02 00:26:07'),
(1, 2223, 2, 25, 1000, '2022-12-01 23:29:02', '2022-12-02 00:25:40'),
(1, 2223, 2, 26, 1000, '2022-12-01 23:29:02', '2022-12-02 00:26:22'),
(1, 2223, 2, 27, 1000, '2022-12-01 23:29:02', '2022-12-02 00:25:49'),
(2, 2223, 1, 1, 300, '2022-12-19 20:05:26', '2022-12-19 20:05:26'),
(2, 2223, 1, 3, 300, '2022-12-19 20:05:26', '2022-12-19 20:05:26'),
(2, 2223, 1, 4, 300, '2022-12-19 20:05:26', '2022-12-19 20:05:26'),
(2, 2223, 1, 11, 300, '2022-12-19 20:05:26', '2022-12-19 20:05:26'),
(2, 2223, 1, 17, 300, '2022-12-19 20:05:26', '2022-12-19 20:05:26'),
(2, 2223, 2, 1, 400, '2022-12-19 20:05:58', '2022-12-19 20:05:58'),
(2, 2223, 2, 21, 400, '2022-12-19 20:05:58', '2022-12-19 20:05:58'),
(2, 2223, 2, 24, 400, '2022-12-19 20:05:58', '2022-12-19 20:05:58'),
(2, 2223, 2, 25, 400, '2022-12-19 20:05:58', '2022-12-19 20:05:58'),
(2, 2223, 2, 26, 400, '2022-12-19 20:05:58', '2022-12-19 20:05:58'),
(2, 2223, 2, 27, 400, '2022-12-19 20:05:58', '2022-12-19 20:05:58'),
(4, 2223, 1, 1, 600, '2023-02-01 21:45:10', '2023-02-01 21:45:10'),
(4, 2223, 1, 3, 600, '2023-02-01 21:45:10', '2023-02-01 21:45:10'),
(4, 2223, 1, 4, 600, '2023-02-01 21:45:10', '2023-02-01 21:45:10'),
(4, 2223, 1, 11, 600, '2023-02-16 22:39:09', '2023-02-16 22:39:09'),
(4, 2223, 1, 17, 600, '2023-02-01 21:45:10', '2023-02-01 21:45:10'),
(4, 2223, 2, 1, 800, '2023-02-01 21:45:41', '2023-02-01 21:45:41'),
(4, 2223, 2, 21, 800, '2023-02-16 22:53:38', '2023-02-16 22:53:38'),
(4, 2223, 2, 25, 800, '2023-02-16 22:52:58', '2023-02-16 22:52:58'),
(4, 2223, 2, 26, 800, '2023-02-01 21:45:41', '2023-02-01 21:45:41'),
(4, 2223, 2, 27, 800, '2023-02-01 21:45:41', '2023-02-01 21:45:41'),
(5, 2223, 1, 1, 600, '2023-03-02 18:58:18', '2023-03-02 18:58:18'),
(5, 2223, 1, 3, 600, '2023-03-02 18:58:18', '2023-03-02 18:58:18'),
(5, 2223, 1, 4, 600, '2023-03-02 18:58:18', '2023-03-02 18:58:18'),
(5, 2223, 1, 11, 600, '2023-03-02 18:58:18', '2023-03-02 18:58:18'),
(5, 2223, 1, 17, 600, '2023-03-02 18:58:18', '2023-03-02 18:58:18'),
(5, 2223, 2, 1, 800, '2023-03-02 18:59:13', '2023-03-02 18:59:13'),
(5, 2223, 2, 21, 800, '2023-03-02 18:59:13', '2023-03-02 18:59:13'),
(5, 2223, 2, 25, 800, '2023-03-02 18:59:13', '2023-03-02 18:59:13'),
(5, 2223, 2, 26, 800, '2023-03-02 18:59:13', '2023-03-02 18:59:13'),
(5, 2223, 2, 27, 800, '2023-03-02 18:59:13', '2023-03-02 18:59:13'),
(6, 2223, 1, 1, 600, '2023-03-30 21:34:55', '2023-03-30 21:34:55'),
(6, 2223, 1, 3, 600, '2023-03-30 21:34:55', '2023-03-30 21:34:55'),
(6, 2223, 1, 4, 600, '2023-03-30 21:34:55', '2023-03-30 21:34:55'),
(6, 2223, 1, 6, 600, '2023-03-30 21:34:55', '2023-03-30 21:34:55'),
(6, 2223, 1, 11, 600, '2023-03-30 21:34:55', '2023-03-30 21:34:55'),
(6, 2223, 1, 17, 600, '2023-03-30 21:34:55', '2023-03-30 21:34:55'),
(6, 2223, 2, 1, 800, '2023-03-30 21:35:09', '2023-03-30 21:35:09'),
(6, 2223, 2, 21, 800, '2023-03-30 21:35:09', '2023-03-30 21:35:09'),
(6, 2223, 2, 25, 800, '2023-03-30 21:35:09', '2023-03-30 21:35:09'),
(6, 2223, 2, 26, 800, '2023-03-30 21:35:09', '2023-03-30 21:35:09'),
(6, 2223, 2, 27, 800, '2023-03-30 21:35:09', '2023-03-30 21:35:09'),
(7, 2223, 1, 1, 600, '2023-05-03 18:01:21', '2023-05-03 18:01:21'),
(7, 2223, 1, 3, 600, '2023-05-03 18:01:22', '2023-05-03 18:01:22'),
(7, 2223, 1, 4, 600, '2023-05-03 18:01:22', '2023-05-03 18:01:22'),
(7, 2223, 1, 6, 600, '2023-05-03 18:01:22', '2023-05-03 18:01:22'),
(7, 2223, 1, 11, 600, '2023-05-03 18:01:22', '2023-05-03 18:01:22'),
(7, 2223, 1, 17, 600, '2023-05-03 18:01:22', '2023-05-03 18:01:22'),
(7, 2223, 1, 999, 600, '2023-05-03 18:01:22', '2023-05-03 18:01:22'),
(7, 2223, 2, 1, 800, '2023-05-03 18:01:35', '2023-05-03 18:01:35'),
(7, 2223, 2, 21, 800, '2023-05-03 18:01:35', '2023-05-03 18:01:35'),
(7, 2223, 2, 25, 800, '2023-05-03 18:01:35', '2023-05-03 18:01:35'),
(7, 2223, 2, 26, 800, '2023-05-03 18:01:35', '2023-05-03 18:01:35'),
(7, 2223, 2, 27, 800, '2023-05-03 18:01:35', '2023-05-03 18:01:35'),
(8, 2223, 1, 1, 300, '2023-05-31 21:36:41', '2023-05-31 21:36:41'),
(8, 2223, 1, 3, 600, '2023-05-31 21:36:41', '2023-05-31 21:38:19'),
(8, 2223, 1, 4, 0, '2023-05-31 21:36:41', '2023-05-31 21:39:14'),
(8, 2223, 1, 6, 600, '2023-05-31 21:36:41', '2023-05-31 21:39:34'),
(8, 2223, 1, 11, 600, '2023-05-31 21:36:41', '2023-05-31 21:41:03'),
(8, 2223, 1, 14, 600, '2023-05-31 21:36:41', '2023-05-31 21:40:00'),
(8, 2223, 1, 17, 600, '2023-05-31 21:36:41', '2023-05-31 21:40:40'),
(8, 2223, 1, 999, 600, '2023-05-31 21:36:41', '2023-05-31 21:47:46'),
(8, 2223, 2, 1, 400, '2023-05-31 21:36:52', '2023-05-31 21:36:52'),
(8, 2223, 2, 21, 800, '2023-05-31 21:36:52', '2023-05-31 21:49:07'),
(8, 2223, 2, 25, 0, '2023-05-31 21:36:52', '2023-05-31 21:50:02'),
(8, 2223, 2, 26, 400, '2023-05-31 21:36:52', '2023-05-31 21:36:52'),
(8, 2223, 2, 27, 800, '2023-05-31 21:36:52', '2023-05-31 21:57:29');

-- --------------------------------------------------------

--
-- Estructura de tabla para la tabla `boletos_asignados`
--

CREATE TABLE `boletos_asignados` (
  `id_remesa` int(10) UNSIGNED NOT NULL,
  `id_paquete` int(10) UNSIGNED NOT NULL,
  `id_ciclo` int(11) NOT NULL,
  `id_estudiante` bigint(20) UNSIGNED NOT NULL,
  `folio_inicial` bigint(20) NOT NULL,
  `folio_final` bigint(20) NOT NULL,
  `entregados` tinyint(1) NOT NULL DEFAULT 0,
  `created_at` timestamp NULL DEFAULT NULL,
  `updated_at` timestamp NULL DEFAULT NULL
) ENGINE=InnoDB DEFAULT CHARSET=utf8mb4 COLLATE=utf8mb4_unicode_ci;

--
-- Volcado de datos para la tabla `boletos_asignados`
--

INSERT INTO `boletos_asignados` (`id_remesa`, `id_paquete`, `id_ciclo`, `id_estudiante`, `folio_inicial`, `folio_final`, `entregados`, `created_at`, `updated_at`) VALUES
(1, 1, 2223, 1, 6865, 6880, 0, '2022-11-28 17:53:30', '2022-11-28 17:53:30'),
(1, 1, 2223, 2, 6849, 6864, 0, '2022-11-28 17:53:30', '2022-11-28 17:53:30'),
(1, 1, 2223, 4, 6257, 6272, 0, '2022-11-28 17:53:30', '2022-11-28 17:53:30'),
(1, 1, 2223, 5, 5585, 5600, 0, '2022-11-28 17:53:30', '2022-11-28 17:53:30'),
(1, 1, 2223, 6, 7761, 7776, 0, '2022-11-28 17:53:30', '2022-11-28 17:53:30'),
(1, 1, 2223, 11, 8337, 8352, 0, '2022-11-28 17:53:30', '2022-11-28 17:53:30'),
(1, 1, 2223, 12, 6129, 6144, 0, '2022-11-28 17:53:30', '2022-11-28 17:53:30'),
(1, 1, 2223, 14, 7617, 7632, 0, '2022-11-28 17:53:30', '2022-11-28 17:53:30'),
(1, 1, 2223, 15, 7905, 7920, 0, '2022-11-28 17:53:30', '2022-11-28 17:53:30'),
(1, 1, 2223, 16, 7665, 7680, 0, '2022-11-28 17:53:30', '2022-11-28 17:53:30'),
(1, 1, 2223, 17, 5633, 5648, 0, '2022-11-28 17:53:30', '2022-11-28 17:53:30'),
(1, 1, 2223, 18, 7793, 7808, 0, '2022-11-28 17:53:30', '2022-11-28 17:53:30'),
(1, 1, 2223, 19, 7857, 7872, 0, '2022-11-28 17:53:30', '2022-11-28 17:53:30'),
(1, 1, 2223, 20, 7281, 7296, 0, '2022-11-28 17:53:30', '2022-11-28 17:53:30'),
(1, 1, 2223, 21, 7649, 7664, 0, '2022-11-28 17:53:30', '2022-11-28 17:53:30'),
(1, 1, 2223, 22, 6993, 7008, 0, '2022-11-28 17:53:30', '2022-11-28 17:53:30'),
(1, 1, 2223, 23, 5873, 5888, 0, '2022-11-28 17:53:30', '2022-11-28 17:53:30'),
(1, 1, 2223, 24, 6737, 6752, 0, '2022-11-28 17:53:30', '2022-11-28 17:53:30'),
(1, 1, 2223, 25, 7985, 8000, 0, '2022-11-28 17:53:30', '2022-11-28 17:53:30'),
(1, 1, 2223, 26, 7921, 7936, 0, '2022-11-28 17:53:30', '2022-11-28 17:53:30'),
(1, 1, 2223, 27, 8241, 8256, 0, '2022-11-28 17:53:30', '2022-11-28 17:53:30'),
(1, 1, 2223, 28, 6673, 6688, 0, '2022-11-28 17:53:30', '2022-11-28 17:53:30'),
(1, 1, 2223, 30, 8209, 8224, 0, '2022-11-28 17:53:30', '2022-11-28 17:53:30'),
(1, 1, 2223, 31, 6577, 6592, 0, '2022-11-28 17:53:30', '2022-11-28 17:53:30'),
(1, 1, 2223, 32, 7233, 7248, 0, '2022-11-28 17:53:30', '2022-11-28 17:53:30'),
(1, 1, 2223, 33, 7553, 7568, 0, '2022-11-28 17:53:30', '2022-11-28 17:53:30'),
(1, 1, 2223, 36, 7313, 7328, 0, '2022-11-28 17:53:30', '2022-11-28 17:53:30'),
(1, 1, 2223, 39, 6049, 6064, 0, '2022-11-28 17:53:30', '2022-11-28 17:53:30'),
(1, 1, 2223, 40, 6017, 6032, 0, '2022-11-28 17:53:30', '2022-11-28 17:53:30'),
(1, 1, 2223, 41, 6033, 6048, 0, '2022-11-28 17:53:30', '2022-11-28 17:53:30'),
(1, 1, 2223, 42, 7953, 7968, 0, '2022-11-28 17:53:30', '2022-11-28 17:53:30'),
(1, 1, 2223, 43, 6145, 6160, 0, '2022-11-28 17:53:30', '2022-11-28 17:53:30'),
(1, 1, 2223, 44, 7105, 7120, 0, '2022-11-28 17:53:30', '2022-11-28 17:53:30'),
(1, 1, 2223, 49, 6897, 6912, 0, '2022-11-28 17:53:30', '2022-11-28 17:53:30'),
(1, 1, 2223, 52, 8369, 8384, 0, '2022-11-28 17:53:30', '2022-11-28 17:53:30'),
(1, 1, 2223, 53, 5681, 5696, 0, '2022-11-28 17:53:30', '2022-11-28 17:53:30'),
(1, 1, 2223, 54, 7121, 7136, 0, '2022-11-28 17:53:30', '2022-11-28 17:53:30'),
(1, 1, 2223, 56, 8081, 8096, 0, '2022-11-28 17:53:30', '2022-11-28 17:53:30'),
(1, 1, 2223, 57, 6881, 6896, 0, '2022-11-28 17:53:30', '2022-11-28 17:53:30'),
(1, 1, 2223, 58, 5713, 5728, 0, '2022-11-28 17:53:30', '2022-11-28 17:53:30'),
(1, 1, 2223, 59, 7041, 7056, 0, '2022-11-28 17:53:30', '2022-11-28 17:53:30'),
(1, 1, 2223, 61, 7473, 7488, 0, '2022-11-28 17:53:30', '2022-11-28 17:53:30'),
(1, 1, 2223, 62, 7329, 7344, 0, '2022-11-28 17:53:30', '2022-11-28 17:53:30'),
(1, 1, 2223, 63, 7377, 7392, 0, '2022-11-28 17:53:30', '2022-11-28 17:53:30'),
(1, 1, 2223, 67, 6529, 6544, 0, '2022-11-28 17:53:30', '2022-11-28 17:53:30'),
(1, 1, 2223, 71, 6625, 6640, 0, '2022-11-28 17:53:30', '2022-11-28 17:53:30'),
(1, 1, 2223, 72, 6721, 6736, 0, '2022-11-28 17:53:30', '2022-11-28 17:53:30'),
(1, 1, 2223, 73, 7409, 7424, 0, '2022-11-28 17:53:30', '2022-11-28 17:53:30'),
(1, 1, 2223, 74, 5537, 5552, 0, '2022-11-28 17:53:30', '2022-11-28 17:53:30'),
(1, 1, 2223, 75, 5985, 6000, 0, '2022-11-28 17:53:30', '2022-11-28 17:53:30'),
(1, 1, 2223, 76, 6961, 6976, 0, '2022-11-28 17:53:30', '2022-11-28 17:53:30'),
(1, 1, 2223, 77, 7089, 7104, 0, '2022-11-28 17:53:30', '2022-11-28 17:53:30'),
(1, 1, 2223, 78, 7137, 7152, 0, '2022-11-28 17:53:30', '2022-11-28 17:53:30'),
(1, 1, 2223, 80, 5473, 5488, 0, '2022-11-28 17:53:30', '2022-11-28 17:53:30'),
(1, 1, 2223, 81, 6209, 6224, 0, '2022-11-28 17:53:30', '2022-11-28 17:53:30'),
(1, 1, 2223, 82, 8385, 8400, 0, '2022-11-28 17:53:30', '2022-11-28 17:53:30'),
(1, 1, 2223, 83, 6609, 6624, 0, '2022-11-28 17:53:30', '2022-11-28 17:53:30'),
(1, 1, 2223, 84, 7057, 7072, 0, '2022-11-28 17:53:30', '2022-11-28 17:53:30'),
(1, 1, 2223, 86, 7153, 7168, 0, '2022-11-28 17:53:30', '2022-11-28 17:53:30'),
(1, 1, 2223, 87, 6113, 6128, 0, '2022-11-28 17:53:30', '2022-11-28 17:53:30'),
(1, 1, 2223, 88, 7841, 7856, 0, '2022-11-28 17:53:30', '2022-11-28 17:53:30'),
(1, 1, 2223, 90, 6193, 6208, 0, '2022-11-28 17:53:30', '2022-11-28 17:53:30'),
(1, 1, 2223, 92, 8161, 8176, 0, '2022-11-28 17:53:30', '2022-11-28 17:53:30'),
(1, 1, 2223, 93, 6817, 6832, 0, '2022-11-28 17:53:30', '2022-11-28 17:53:30'),
(1, 1, 2223, 94, 5761, 5776, 0, '2022-11-28 17:53:30', '2022-11-28 17:53:30'),
(1, 1, 2223, 95, 8225, 8240, 0, '2022-11-28 17:53:30', '2022-11-28 17:53:30'),
(1, 1, 2223, 96, 6289, 6304, 0, '2022-11-28 17:53:30', '2022-11-28 17:53:30'),
(1, 1, 2223, 97, 7073, 7088, 0, '2022-11-28 17:53:30', '2022-11-28 17:53:30'),
(1, 1, 2223, 100, 7265, 7280, 0, '2022-11-28 17:53:30', '2022-11-28 17:53:30'),
(1, 1, 2223, 101, 7809, 7824, 0, '2022-11-28 17:53:30', '2022-11-28 17:53:30'),
(1, 1, 2223, 102, 6833, 6848, 0, '2022-11-28 17:53:30', '2022-11-28 17:53:30'),
(1, 1, 2223, 104, 5617, 5632, 0, '2022-11-28 17:53:30', '2022-11-28 17:53:30'),
(1, 1, 2223, 105, 6545, 6560, 0, '2022-11-28 17:53:30', '2022-11-28 17:53:30'),
(1, 1, 2223, 109, 6465, 6480, 0, '2022-11-28 17:53:30', '2022-11-28 17:53:30'),
(1, 1, 2223, 111, 7697, 7712, 0, '2022-11-28 17:53:30', '2022-11-28 17:53:30'),
(1, 1, 2223, 112, 6369, 6384, 0, '2022-11-28 17:53:30', '2022-11-28 17:53:30'),
(1, 1, 2223, 113, 7489, 7504, 0, '2022-11-28 17:53:30', '2022-11-28 17:53:30'),
(1, 1, 2223, 114, 7601, 7616, 0, '2022-11-28 17:53:30', '2022-11-28 17:53:30'),
(1, 1, 2223, 116, 6001, 6016, 0, '2022-11-28 17:53:30', '2022-11-28 17:53:30'),
(1, 1, 2223, 117, 7569, 7584, 0, '2022-11-28 17:53:30', '2022-11-28 17:53:30'),
(1, 1, 2223, 118, 5569, 5584, 0, '2022-11-28 17:53:30', '2022-11-28 17:53:30'),
(1, 1, 2223, 119, 6929, 6944, 0, '2022-11-28 17:53:30', '2022-11-28 17:53:30'),
(1, 1, 2223, 121, 6753, 6768, 0, '2022-11-28 17:53:30', '2022-11-28 17:53:30'),
(1, 1, 2223, 122, 7009, 7024, 0, '2022-11-28 17:53:30', '2022-11-28 17:53:30'),
(1, 1, 2223, 123, 6273, 6288, 0, '2022-11-28 17:53:30', '2022-11-28 17:53:30'),
(1, 1, 2223, 124, 7393, 7408, 0, '2022-11-28 17:53:30', '2022-11-28 17:53:30'),
(1, 1, 2223, 125, 8417, 8432, 0, '2022-11-28 17:53:30', '2022-11-28 17:53:30'),
(1, 1, 2223, 126, 5889, 5904, 0, '2022-11-28 17:53:30', '2022-11-28 17:53:30'),
(1, 1, 2223, 127, 6097, 6112, 0, '2022-11-28 17:53:30', '2022-11-28 17:53:30'),
(1, 1, 2223, 133, 7937, 7952, 0, '2022-11-28 17:53:30', '2022-11-28 17:53:30'),
(1, 1, 2223, 135, 7457, 7472, 0, '2022-11-28 17:53:30', '2022-11-28 17:53:30'),
(1, 1, 2223, 136, 6641, 6656, 0, '2022-11-28 17:53:30', '2022-11-28 17:53:30'),
(1, 1, 2223, 137, 6305, 6320, 0, '2022-11-28 17:53:30', '2022-11-28 17:53:30'),
(1, 1, 2223, 138, 6321, 6336, 0, '2022-11-28 17:53:30', '2022-11-28 17:53:30'),
(1, 1, 2223, 140, 8353, 8368, 0, '2022-11-28 17:53:30', '2022-11-28 17:53:30'),
(1, 1, 2223, 142, 6385, 6400, 0, '2022-11-28 17:53:30', '2022-11-28 17:53:30'),
(1, 1, 2223, 143, 8065, 8080, 0, '2022-11-28 17:53:30', '2022-11-28 17:53:30'),
(1, 1, 2223, 144, 6433, 6448, 0, '2022-11-28 17:53:30', '2022-11-28 17:53:30'),
(1, 1, 2223, 145, 7185, 7200, 0, '2022-11-28 17:53:30', '2022-11-28 17:53:30'),
(1, 1, 2223, 146, 5905, 5920, 0, '2022-11-28 17:53:30', '2022-11-28 17:53:30'),
(1, 1, 2223, 147, 7585, 7600, 0, '2022-11-28 17:53:30', '2022-11-28 17:53:30'),
(1, 1, 2223, 149, 5505, 5520, 0, '2022-11-28 17:53:30', '2022-11-28 17:53:30'),
(1, 1, 2223, 150, 8273, 8288, 0, '2022-11-28 17:53:30', '2022-11-28 17:53:30'),
(1, 1, 2223, 152, 6449, 6464, 0, '2022-11-28 17:53:30', '2022-11-28 17:53:30'),
(1, 1, 2223, 153, 7345, 7360, 0, '2022-11-28 17:53:30', '2022-11-28 17:53:30'),
(1, 1, 2223, 155, 7249, 7264, 0, '2022-11-28 17:53:30', '2022-11-28 17:53:30'),
(1, 1, 2223, 157, 6561, 6576, 0, '2022-11-28 17:53:30', '2022-11-28 17:53:30'),
(1, 1, 2223, 158, 6785, 6800, 0, '2022-11-28 17:53:30', '2022-11-28 17:53:30'),
(1, 1, 2223, 159, 5649, 5664, 0, '2022-11-28 17:53:30', '2022-11-28 17:53:30'),
(1, 1, 2223, 161, 5601, 5616, 0, '2022-11-28 17:53:30', '2022-11-28 17:53:30'),
(1, 1, 2223, 162, 6945, 6960, 0, '2022-11-28 17:53:30', '2022-11-28 17:53:30'),
(1, 1, 2223, 163, 7521, 7536, 0, '2022-11-28 17:53:30', '2022-11-28 17:53:30'),
(1, 1, 2223, 164, 8289, 8304, 0, '2022-11-28 17:53:30', '2022-11-28 17:53:30'),
(1, 1, 2223, 166, 8017, 8032, 0, '2022-11-28 17:53:30', '2022-11-28 17:53:30'),
(1, 1, 2223, 167, 7713, 7728, 0, '2022-11-28 17:53:30', '2022-11-28 17:53:30'),
(1, 1, 2223, 169, 6065, 6080, 0, '2022-11-28 17:53:30', '2022-11-28 17:53:30'),
(1, 1, 2223, 170, 5489, 5504, 0, '2022-11-28 17:53:30', '2022-11-28 17:53:30'),
(1, 1, 2223, 171, 6801, 6816, 0, '2022-11-28 17:53:30', '2022-11-28 17:53:30'),
(1, 1, 2223, 172, 5745, 5760, 0, '2022-11-28 17:53:30', '2022-11-28 17:53:30'),
(1, 1, 2223, 173, 7217, 7232, 0, '2022-11-28 17:53:30', '2022-11-28 17:53:30'),
(1, 1, 2223, 174, 7297, 7312, 0, '2022-11-28 17:53:30', '2022-11-28 17:53:30'),
(1, 1, 2223, 175, 5553, 5568, 0, '2022-11-28 17:53:30', '2022-11-28 17:53:30'),
(1, 1, 2223, 176, 6225, 6240, 0, '2022-11-28 17:53:30', '2022-11-28 17:53:30'),
(1, 1, 2223, 178, 5777, 5792, 0, '2022-11-28 17:53:30', '2022-11-28 17:53:30'),
(1, 1, 2223, 180, 6417, 6432, 0, '2022-11-28 17:53:30', '2022-11-28 17:53:30'),
(1, 1, 2223, 181, 7969, 7984, 0, '2022-11-28 17:53:30', '2022-11-28 17:53:30'),
(1, 1, 2223, 182, 8097, 8112, 0, '2022-11-28 17:53:30', '2022-11-28 17:53:30'),
(1, 1, 2223, 183, 7681, 7696, 0, '2022-11-28 17:53:30', '2022-11-28 17:53:30'),
(1, 1, 2223, 184, 5729, 5744, 0, '2022-11-28 17:53:30', '2022-11-28 17:53:30'),
(1, 1, 2223, 185, 7873, 7888, 0, '2022-11-28 17:53:30', '2022-11-28 17:53:30'),
(1, 1, 2223, 187, 7361, 7376, 0, '2022-11-28 17:53:30', '2022-11-28 17:53:30'),
(1, 1, 2223, 188, 5793, 5808, 0, '2022-11-28 17:53:30', '2022-11-28 17:53:30'),
(1, 1, 2223, 192, 5809, 5824, 0, '2022-11-28 17:53:30', '2022-11-28 17:53:30'),
(1, 1, 2223, 193, 6913, 6928, 0, '2022-11-28 17:53:30', '2022-11-28 17:53:30'),
(1, 1, 2223, 195, 7633, 7648, 0, '2022-11-28 17:53:30', '2022-11-28 17:53:30'),
(1, 1, 2223, 196, 8113, 8128, 0, '2022-11-28 17:53:30', '2022-11-28 17:53:30'),
(1, 1, 2223, 199, 7777, 7792, 0, '2022-11-28 17:53:30', '2022-11-28 17:53:30'),
(1, 1, 2223, 201, 8129, 8144, 0, '2022-11-28 17:53:30', '2022-11-28 17:53:30'),
(1, 1, 2223, 203, 5697, 5712, 0, '2022-11-28 17:53:30', '2022-11-28 17:53:30'),
(1, 1, 2223, 204, 5841, 5856, 0, '2022-11-28 17:53:30', '2022-11-28 17:53:30'),
(1, 1, 2223, 205, 6497, 6512, 0, '2022-11-28 17:53:30', '2022-11-28 17:53:30'),
(1, 1, 2223, 207, 5969, 5984, 0, '2022-11-28 17:53:30', '2022-11-28 17:53:30'),
(1, 1, 2223, 209, 6689, 6704, 0, '2022-11-28 17:53:30', '2022-11-28 17:53:30'),
(1, 1, 2223, 215, 8145, 8160, 0, '2022-11-28 17:53:30', '2022-11-28 17:53:30'),
(1, 1, 2223, 218, 6081, 6096, 0, '2022-11-28 17:53:30', '2022-11-28 17:53:30'),
(1, 1, 2223, 219, 7537, 7552, 0, '2022-11-28 17:53:30', '2022-11-28 17:53:30'),
(1, 1, 2223, 221, 6353, 6368, 0, '2022-11-28 17:53:30', '2022-11-28 17:53:30'),
(1, 1, 2223, 222, 8433, 8448, 0, '2022-11-28 17:53:30', '2022-11-28 17:53:30'),
(1, 1, 2223, 223, 5665, 5680, 0, '2022-11-28 17:53:30', '2022-11-28 17:53:30'),
(1, 1, 2223, 224, 7889, 7904, 0, '2022-11-28 17:53:30', '2022-11-28 17:53:30'),
(1, 1, 2223, 225, 7201, 7216, 0, '2022-11-28 17:53:30', '2022-11-28 17:53:30'),
(1, 1, 2223, 226, 8401, 8416, 0, '2022-11-28 17:53:30', '2022-11-28 17:53:30'),
(1, 1, 2223, 227, 8033, 8048, 0, '2022-11-28 17:53:30', '2022-11-28 17:53:30'),
(1, 1, 2223, 229, 5921, 5936, 0, '2022-11-28 17:53:30', '2022-11-28 17:53:30'),
(1, 1, 2223, 232, 6657, 6672, 0, '2022-11-28 17:53:30', '2022-11-28 17:53:30'),
(1, 1, 2223, 233, 7729, 7744, 0, '2022-11-28 17:53:30', '2022-11-28 17:53:30'),
(1, 1, 2223, 236, 6241, 6256, 0, '2022-11-28 17:53:30', '2022-11-28 17:53:30'),
(1, 1, 2223, 238, 7825, 7840, 0, '2022-11-28 17:53:30', '2022-11-28 17:53:30'),
(1, 1, 2223, 239, 8001, 8016, 0, '2022-11-28 17:53:30', '2022-11-28 17:53:30'),
(1, 1, 2223, 241, 5521, 5536, 0, '2022-11-28 17:53:30', '2022-11-28 17:53:30'),
(1, 1, 2223, 242, 6177, 6192, 0, '2022-11-28 17:53:30', '2022-11-28 17:53:30'),
(1, 1, 2223, 243, 8321, 8336, 0, '2022-11-28 17:53:30', '2022-11-28 17:53:30'),
(1, 1, 2223, 244, 6705, 6720, 0, '2022-11-28 17:53:30', '2022-11-28 17:53:30'),
(1, 1, 2223, 245, 7025, 7040, 0, '2022-11-28 17:53:30', '2022-11-28 17:53:30'),
(1, 1, 2223, 246, 6593, 6608, 0, '2022-11-28 17:53:30', '2022-11-28 17:53:30'),
(1, 1, 2223, 247, 6977, 6992, 0, '2022-11-28 17:53:30', '2022-11-28 17:53:30'),
(1, 1, 2223, 248, 5825, 5840, 0, '2022-11-28 17:53:30', '2022-11-28 17:53:30'),
(1, 1, 2223, 249, 7441, 7456, 0, '2022-11-28 17:53:30', '2022-11-28 17:53:30'),
(1, 1, 2223, 250, 8177, 8192, 0, '2022-11-28 17:53:30', '2022-11-28 17:53:30'),
(1, 1, 2223, 251, 5937, 5952, 0, '2022-11-28 17:53:30', '2022-11-28 17:53:30'),
(1, 1, 2223, 252, 5953, 5968, 0, '2022-11-28 17:53:30', '2022-11-28 17:53:30'),
(1, 1, 2223, 255, 8049, 8064, 0, '2022-11-28 17:53:30', '2022-11-28 17:53:30'),
(1, 1, 2223, 257, 6161, 6176, 0, '2022-11-28 17:53:30', '2022-11-28 17:53:30'),
(1, 1, 2223, 258, 6481, 6496, 0, '2022-11-28 17:53:30', '2022-11-28 17:53:30'),
(1, 1, 2223, 259, 8257, 8272, 0, '2022-11-28 17:53:30', '2022-11-28 17:53:30'),
(1, 1, 2223, 261, 8305, 8320, 0, '2022-11-28 17:53:30', '2022-11-28 17:53:30'),
(1, 1, 2223, 262, 6337, 6352, 0, '2022-11-28 17:53:30', '2022-11-28 17:53:30'),
(1, 1, 2223, 265, 6513, 6528, 0, '2022-11-28 17:53:30', '2022-11-28 17:53:30'),
(1, 1, 2223, 267, 8193, 8208, 0, '2022-11-28 17:53:30', '2022-11-28 17:53:30'),
(1, 1, 2223, 269, 7745, 7760, 0, '2022-11-28 17:53:30', '2022-11-28 17:53:30'),
(1, 1, 2223, 270, 7169, 7184, 0, '2022-11-28 17:53:30', '2022-11-28 17:53:30'),
(1, 1, 2223, 272, 7505, 7520, 0, '2022-11-28 17:53:30', '2022-11-28 17:53:30'),
(1, 1, 2223, 273, 6401, 6416, 0, '2022-11-28 17:53:30', '2022-11-28 17:53:30'),
(1, 1, 2223, 274, 7425, 7440, 0, '2022-11-28 17:53:30', '2022-11-28 17:53:30'),
(1, 1, 2223, 275, 5857, 5872, 0, '2022-11-28 17:53:30', '2022-11-28 17:53:30'),
(1, 1, 2223, 276, 8449, 8464, 0, '2022-11-28 20:33:57', '2022-11-28 20:33:57'),
(1, 2, 2223, 91, 6769, 6784, 0, '2022-12-02 21:07:12', '2022-12-02 21:07:12'),
(3, 1, 2223, 5, 8531, 8544, 0, '2023-01-10 20:41:28', '2023-01-10 20:41:28'),
(3, 1, 2223, 17, 8559, 8565, 0, '2023-01-10 20:41:28', '2023-01-10 20:41:28'),
(3, 1, 2223, 53, 8580, 8586, 0, '2023-01-10 20:41:28', '2023-01-10 20:41:28'),
(3, 1, 2223, 74, 8515, 8516, 0, '2023-01-10 20:41:28', '2023-01-10 20:41:28'),
(3, 1, 2223, 80, 8465, 8471, 0, '2023-01-10 20:41:28', '2023-01-10 20:41:28'),
(3, 1, 2223, 104, 8552, 8558, 0, '2023-01-10 20:41:28', '2023-01-10 20:41:28'),
(3, 1, 2223, 118, 8524, 8530, 0, '2023-01-10 20:41:28', '2023-01-10 20:41:28'),
(3, 1, 2223, 149, 8487, 8500, 0, '2023-01-10 20:41:28', '2023-01-10 20:41:28'),
(3, 1, 2223, 159, 8566, 8572, 0, '2023-01-10 20:41:28', '2023-01-10 20:41:28'),
(3, 1, 2223, 161, 8545, 8551, 0, '2023-01-10 20:41:28', '2023-01-10 20:41:28'),
(3, 1, 2223, 170, 8472, 8486, 0, '2023-01-10 20:41:28', '2023-01-10 20:41:28'),
(3, 1, 2223, 175, 8517, 8523, 0, '2023-01-10 20:41:28', '2023-01-10 20:41:28'),
(3, 1, 2223, 203, 8587, 8600, 0, '2023-01-10 20:41:28', '2023-01-10 20:41:28'),
(3, 1, 2223, 223, 8573, 8579, 0, '2023-01-10 20:41:28', '2023-01-10 20:41:28'),
(3, 1, 2223, 241, 8501, 8514, 0, '2023-01-10 20:41:28', '2023-01-10 20:41:28'),
(3, 3, 2223, 1, 106053, 106059, 0, '2023-01-10 20:41:28', '2023-01-10 20:41:28'),
(3, 3, 2223, 2, 106046, 106052, 0, '2023-01-10 20:41:28', '2023-01-10 20:41:28'),
(3, 3, 2223, 4, 105758, 105764, 0, '2023-01-10 20:41:28', '2023-01-10 20:41:28'),
(3, 3, 2223, 6, 106472, 106478, 0, '2023-01-10 20:41:28', '2023-01-10 20:41:28'),
(3, 3, 2223, 11, 106779, 106785, 0, '2023-01-10 20:41:29', '2023-01-10 20:41:29'),
(3, 3, 2223, 12, 105704, 105705, 0, '2023-01-10 20:41:28', '2023-01-10 20:41:28'),
(3, 3, 2223, 14, 106406, 106412, 0, '2023-01-10 20:41:28', '2023-01-10 20:41:28'),
(3, 3, 2223, 15, 106556, 106562, 0, '2023-01-10 20:41:28', '2023-01-10 20:41:28'),
(3, 3, 2223, 16, 106427, 106433, 0, '2023-01-10 20:41:28', '2023-01-10 20:41:28'),
(3, 3, 2223, 18, 106489, 106495, 0, '2023-01-10 20:41:28', '2023-01-10 20:41:28'),
(3, 3, 2223, 19, 106520, 106526, 0, '2023-01-10 20:41:28', '2023-01-10 20:41:28'),
(3, 3, 2223, 20, 106246, 106252, 0, '2023-01-10 20:41:28', '2023-01-10 20:41:28'),
(3, 3, 2223, 21, 106420, 106426, 0, '2023-01-10 20:41:28', '2023-01-10 20:41:28'),
(3, 3, 2223, 22, 106104, 106110, 0, '2023-01-10 20:41:28', '2023-01-10 20:41:28'),
(3, 3, 2223, 23, 105581, 105587, 0, '2023-01-10 20:41:28', '2023-01-10 20:41:28'),
(3, 3, 2223, 24, 105985, 105991, 0, '2023-01-10 20:41:28', '2023-01-10 20:41:28'),
(3, 3, 2223, 25, 106594, 106600, 0, '2023-01-10 20:41:28', '2023-01-10 20:41:28'),
(3, 3, 2223, 26, 106563, 106569, 0, '2023-01-10 20:41:28', '2023-01-10 20:41:28'),
(3, 3, 2223, 27, 106730, 106743, 0, '2023-01-10 20:41:29', '2023-01-10 20:41:29'),
(3, 3, 2223, 28, 105947, 105953, 0, '2023-01-10 20:41:28', '2023-01-10 20:41:28'),
(3, 3, 2223, 30, 106716, 106722, 0, '2023-01-10 20:41:29', '2023-01-10 20:41:29'),
(3, 3, 2223, 31, 105915, 105921, 0, '2023-01-10 20:41:28', '2023-01-10 20:41:28'),
(3, 3, 2223, 32, 106225, 106231, 0, '2023-01-10 20:41:28', '2023-01-10 20:41:28'),
(3, 3, 2223, 33, 106375, 106381, 0, '2023-01-10 20:41:28', '2023-01-10 20:41:28'),
(3, 3, 2223, 36, 106255, 106261, 0, '2023-01-10 20:41:28', '2023-01-10 20:41:28'),
(3, 3, 2223, 39, 105666, 105672, 0, '2023-01-10 20:41:28', '2023-01-10 20:41:28'),
(3, 3, 2223, 40, 105652, 105658, 0, '2023-01-10 20:41:28', '2023-01-10 20:41:28'),
(3, 3, 2223, 41, 105659, 105665, 0, '2023-01-10 20:41:28', '2023-01-10 20:41:28'),
(3, 3, 2223, 42, 106577, 106583, 0, '2023-01-10 20:41:28', '2023-01-10 20:41:28'),
(3, 3, 2223, 43, 105706, 105712, 0, '2023-01-10 20:41:28', '2023-01-10 20:41:28'),
(3, 3, 2223, 44, 106156, 106162, 0, '2023-01-10 20:41:28', '2023-01-10 20:41:28'),
(3, 3, 2223, 49, 106067, 106073, 0, '2023-01-10 20:41:28', '2023-01-10 20:41:28'),
(3, 3, 2223, 52, 106796, 106802, 0, '2023-01-10 20:41:29', '2023-01-10 20:41:29'),
(3, 3, 2223, 54, 106163, 106169, 0, '2023-01-10 20:41:28', '2023-01-10 20:41:28'),
(3, 3, 2223, 56, 106636, 106642, 0, '2023-01-10 20:41:28', '2023-01-10 20:41:28'),
(3, 3, 2223, 57, 106060, 106066, 0, '2023-01-10 20:41:28', '2023-01-10 20:41:28'),
(3, 3, 2223, 58, 105501, 105507, 0, '2023-01-10 20:41:28', '2023-01-10 20:41:28'),
(3, 3, 2223, 59, 106128, 106134, 0, '2023-01-10 20:41:28', '2023-01-10 20:41:28'),
(3, 3, 2223, 61, 106333, 106339, 0, '2023-01-10 20:41:28', '2023-01-10 20:41:28'),
(3, 3, 2223, 62, 106262, 106268, 0, '2023-01-10 20:41:28', '2023-01-10 20:41:28'),
(3, 3, 2223, 63, 106283, 106289, 0, '2023-01-10 20:41:28', '2023-01-10 20:41:28'),
(3, 3, 2223, 67, 105891, 105897, 0, '2023-01-10 20:41:28', '2023-01-10 20:41:28'),
(3, 3, 2223, 71, 105936, 105937, 0, '2023-01-10 20:41:28', '2023-01-10 20:41:28'),
(3, 3, 2223, 72, 105978, 105984, 0, '2023-01-10 20:41:28', '2023-01-10 20:41:28'),
(3, 3, 2223, 73, 106297, 106303, 0, '2023-01-10 20:41:28', '2023-01-10 20:41:28'),
(3, 3, 2223, 75, 105638, 105644, 0, '2023-01-10 20:41:28', '2023-01-10 20:41:28'),
(3, 3, 2223, 76, 106090, 106096, 0, '2023-01-10 20:41:28', '2023-01-10 20:41:28'),
(3, 3, 2223, 77, 106149, 106155, 0, '2023-01-10 20:41:28', '2023-01-10 20:41:28'),
(3, 3, 2223, 78, 106170, 106176, 0, '2023-01-10 20:41:28', '2023-01-10 20:41:28'),
(3, 3, 2223, 81, 105734, 105740, 0, '2023-01-10 20:41:28', '2023-01-10 20:41:28'),
(3, 3, 2223, 82, 106803, 106816, 0, '2023-01-10 20:41:29', '2023-01-10 20:41:29'),
(3, 3, 2223, 83, 105929, 105935, 0, '2023-01-10 20:41:28', '2023-01-10 20:41:28'),
(3, 3, 2223, 84, 106135, 106141, 0, '2023-01-10 20:41:28', '2023-01-10 20:41:28'),
(3, 3, 2223, 86, 106177, 106183, 0, '2023-01-10 20:41:28', '2023-01-10 20:41:28'),
(3, 3, 2223, 87, 105697, 105703, 0, '2023-01-10 20:41:28', '2023-01-10 20:41:28'),
(3, 3, 2223, 88, 106510, 106519, 0, '2023-01-10 20:41:28', '2023-01-10 20:41:28'),
(3, 3, 2223, 90, 105727, 105733, 0, '2023-01-10 20:41:28', '2023-01-10 20:41:28'),
(3, 3, 2223, 91, 106006, 106012, 0, '2023-01-10 20:41:28', '2023-01-10 20:41:28'),
(3, 3, 2223, 92, 106674, 106680, 0, '2023-01-10 20:41:28', '2023-01-10 20:41:28'),
(3, 3, 2223, 93, 106025, 106038, 0, '2023-01-10 20:41:28', '2023-01-10 20:41:28'),
(3, 3, 2223, 94, 105522, 105528, 0, '2023-01-10 20:41:28', '2023-01-10 20:41:28'),
(3, 3, 2223, 95, 106723, 106729, 0, '2023-01-10 20:41:29', '2023-01-10 20:41:29'),
(3, 3, 2223, 96, 105772, 105778, 0, '2023-01-10 20:41:28', '2023-01-10 20:41:28'),
(3, 3, 2223, 97, 106142, 106148, 0, '2023-01-10 20:41:28', '2023-01-10 20:41:28'),
(3, 3, 2223, 100, 106239, 106245, 0, '2023-01-10 20:41:28', '2023-01-10 20:41:28'),
(3, 3, 2223, 101, 106496, 106502, 0, '2023-01-10 20:41:28', '2023-01-10 20:41:28'),
(3, 3, 2223, 102, 106039, 106045, 0, '2023-01-10 20:41:28', '2023-01-10 20:41:28'),
(3, 3, 2223, 105, 105898, 105907, 0, '2023-01-10 20:41:28', '2023-01-10 20:41:28'),
(3, 3, 2223, 109, 105858, 105864, 0, '2023-01-10 20:41:28', '2023-01-10 20:41:28'),
(3, 3, 2223, 111, 106441, 106455, 0, '2023-01-10 20:41:28', '2023-01-10 20:41:28'),
(3, 3, 2223, 112, 105802, 105815, 0, '2023-01-10 20:41:28', '2023-01-10 20:41:28'),
(3, 3, 2223, 113, 106340, 106346, 0, '2023-01-10 20:41:28', '2023-01-10 20:41:28'),
(3, 3, 2223, 114, 106391, 106405, 0, '2023-01-10 20:41:28', '2023-01-10 20:41:28'),
(3, 3, 2223, 116, 105645, 105651, 0, '2023-01-10 20:41:28', '2023-01-10 20:41:28'),
(3, 3, 2223, 117, 106382, 106383, 0, '2023-01-10 20:41:28', '2023-01-10 20:41:28'),
(3, 3, 2223, 119, 106081, 106082, 0, '2023-01-10 20:41:28', '2023-01-10 20:41:28'),
(3, 3, 2223, 121, 105992, 106005, 0, '2023-01-10 20:41:28', '2023-01-10 20:41:28'),
(3, 3, 2223, 122, 106111, 106120, 0, '2023-01-10 20:41:28', '2023-01-10 20:41:28'),
(3, 3, 2223, 123, 105765, 105771, 0, '2023-01-10 20:41:28', '2023-01-10 20:41:28'),
(3, 3, 2223, 124, 106290, 106296, 0, '2023-01-10 20:41:28', '2023-01-10 20:41:28'),
(3, 3, 2223, 125, 106831, 106837, 0, '2023-01-10 20:41:29', '2023-01-10 20:41:29'),
(3, 3, 2223, 126, 105588, 105594, 0, '2023-01-10 20:41:28', '2023-01-10 20:41:28'),
(3, 3, 2223, 127, 105690, 105696, 0, '2023-01-10 20:41:28', '2023-01-10 20:41:28'),
(3, 3, 2223, 133, 106570, 106576, 0, '2023-01-10 20:41:28', '2023-01-10 20:41:28'),
(3, 3, 2223, 135, 106318, 106332, 0, '2023-01-10 20:41:28', '2023-01-10 20:41:28'),
(3, 3, 2223, 136, 105938, 105939, 0, '2023-01-10 20:41:28', '2023-01-10 20:41:28'),
(3, 3, 2223, 137, 105779, 105780, 0, '2023-01-10 20:41:28', '2023-01-10 20:41:28'),
(3, 3, 2223, 138, 105781, 105787, 0, '2023-01-10 20:41:28', '2023-01-10 20:41:28'),
(3, 3, 2223, 140, 106786, 106795, 0, '2023-01-10 20:41:29', '2023-01-10 20:41:29'),
(3, 3, 2223, 142, 105816, 105829, 0, '2023-01-10 20:41:28', '2023-01-10 20:41:28'),
(3, 3, 2223, 143, 106629, 106635, 0, '2023-01-10 20:41:28', '2023-01-10 20:41:28'),
(3, 3, 2223, 144, 105844, 105850, 0, '2023-01-10 20:41:28', '2023-01-10 20:41:28'),
(3, 3, 2223, 145, 106191, 106197, 0, '2023-01-10 20:41:28', '2023-01-10 20:41:28'),
(3, 3, 2223, 146, 105595, 105601, 0, '2023-01-10 20:41:28', '2023-01-10 20:41:28'),
(3, 3, 2223, 147, 106384, 106390, 0, '2023-01-10 20:41:28', '2023-01-10 20:41:28'),
(3, 3, 2223, 150, 106751, 106757, 0, '2023-01-10 20:41:29', '2023-01-10 20:41:29'),
(3, 3, 2223, 152, 105851, 105857, 0, '2023-01-10 20:41:28', '2023-01-10 20:41:28'),
(3, 3, 2223, 153, 106269, 106275, 0, '2023-01-10 20:41:28', '2023-01-10 20:41:28'),
(3, 3, 2223, 155, 106232, 106238, 0, '2023-01-10 20:41:28', '2023-01-10 20:41:28'),
(3, 3, 2223, 157, 105908, 105914, 0, '2023-01-10 20:41:28', '2023-01-10 20:41:28'),
(3, 3, 2223, 158, 106013, 106014, 0, '2023-01-10 20:41:28', '2023-01-10 20:41:28'),
(3, 3, 2223, 162, 106083, 106089, 0, '2023-01-10 20:41:28', '2023-01-10 20:41:28'),
(3, 3, 2223, 163, 106354, 106360, 0, '2023-01-10 20:41:28', '2023-01-10 20:41:28'),
(3, 3, 2223, 164, 106758, 106764, 0, '2023-01-10 20:41:29', '2023-01-10 20:41:29'),
(3, 3, 2223, 166, 106608, 106614, 0, '2023-01-10 20:41:28', '2023-01-10 20:41:28'),
(3, 3, 2223, 167, 106456, 106457, 0, '2023-01-10 20:41:28', '2023-01-10 20:41:28'),
(3, 3, 2223, 169, 105673, 105679, 0, '2023-01-10 20:41:28', '2023-01-10 20:41:28'),
(3, 3, 2223, 171, 106015, 106024, 0, '2023-01-10 20:41:28', '2023-01-10 20:41:28'),
(3, 3, 2223, 172, 105515, 105521, 0, '2023-01-10 20:41:28', '2023-01-10 20:41:28'),
(3, 3, 2223, 173, 106213, 106224, 0, '2023-01-10 20:41:28', '2023-01-10 20:41:28'),
(3, 3, 2223, 174, 106253, 106254, 0, '2023-01-10 20:41:28', '2023-01-10 20:41:28'),
(3, 3, 2223, 176, 105741, 105755, 0, '2023-01-10 20:41:28', '2023-01-10 20:41:28'),
(3, 3, 2223, 178, 105529, 105530, 0, '2023-01-10 20:41:28', '2023-01-10 20:41:28'),
(3, 3, 2223, 180, 105837, 105843, 0, '2023-01-10 20:41:28', '2023-01-10 20:41:28'),
(3, 3, 2223, 181, 106584, 106593, 0, '2023-01-10 20:41:28', '2023-01-10 20:41:28'),
(3, 3, 2223, 182, 106643, 106649, 0, '2023-01-10 20:41:28', '2023-01-10 20:41:28'),
(3, 3, 2223, 183, 106434, 106440, 0, '2023-01-10 20:41:28', '2023-01-10 20:41:28'),
(3, 3, 2223, 184, 105508, 105514, 0, '2023-01-10 20:41:28', '2023-01-10 20:41:28'),
(3, 3, 2223, 185, 106527, 106533, 0, '2023-01-10 20:41:28', '2023-01-10 20:41:28'),
(3, 3, 2223, 187, 106276, 106282, 0, '2023-01-10 20:41:28', '2023-01-10 20:41:28'),
(3, 3, 2223, 188, 105531, 105537, 0, '2023-01-10 20:41:28', '2023-01-10 20:41:28'),
(3, 3, 2223, 192, 105538, 105552, 0, '2023-01-10 20:41:28', '2023-01-10 20:41:28'),
(3, 3, 2223, 193, 106074, 106080, 0, '2023-01-10 20:41:28', '2023-01-10 20:41:28'),
(3, 3, 2223, 195, 106413, 106419, 0, '2023-01-10 20:41:28', '2023-01-10 20:41:28'),
(3, 3, 2223, 196, 106650, 106659, 0, '2023-01-10 20:41:28', '2023-01-10 20:41:28'),
(3, 3, 2223, 199, 106479, 106488, 0, '2023-01-10 20:41:28', '2023-01-10 20:41:28'),
(3, 3, 2223, 201, 106660, 106666, 0, '2023-01-10 20:41:28', '2023-01-10 20:41:28'),
(3, 3, 2223, 204, 105560, 105573, 0, '2023-01-10 20:41:28', '2023-01-10 20:41:28'),
(3, 3, 2223, 205, 105872, 105878, 0, '2023-01-10 20:41:28', '2023-01-10 20:41:28'),
(3, 3, 2223, 207, 105631, 105637, 0, '2023-01-10 20:41:28', '2023-01-10 20:41:28'),
(3, 3, 2223, 209, 105954, 105967, 0, '2023-01-10 20:41:28', '2023-01-10 20:41:28'),
(3, 3, 2223, 215, 106667, 106673, 0, '2023-01-10 20:41:28', '2023-01-10 20:41:28'),
(3, 3, 2223, 218, 105680, 105689, 0, '2023-01-10 20:41:28', '2023-01-10 20:41:28'),
(3, 3, 2223, 219, 106361, 106374, 0, '2023-01-10 20:41:28', '2023-01-10 20:41:28'),
(3, 3, 2223, 221, 105795, 105801, 0, '2023-01-10 20:41:28', '2023-01-10 20:41:28'),
(3, 3, 2223, 222, 106838, 106844, 0, '2023-01-10 20:41:29', '2023-01-10 20:41:29'),
(3, 3, 2223, 224, 106534, 106548, 0, '2023-01-10 20:41:28', '2023-01-10 20:41:28'),
(3, 3, 2223, 225, 106198, 106212, 0, '2023-01-10 20:41:28', '2023-01-10 20:41:28'),
(3, 3, 2223, 226, 106817, 106823, 0, '2023-01-10 20:41:29', '2023-01-10 20:41:29'),
(3, 3, 2223, 227, 106615, 106621, 0, '2023-01-10 20:41:28', '2023-01-10 20:41:28'),
(3, 3, 2223, 229, 105602, 105616, 0, '2023-01-10 20:41:28', '2023-01-10 20:41:28'),
(3, 3, 2223, 232, 105940, 105946, 0, '2023-01-10 20:41:28', '2023-01-10 20:41:28'),
(3, 3, 2223, 233, 106458, 106464, 0, '2023-01-10 20:41:28', '2023-01-10 20:41:28'),
(3, 3, 2223, 236, 105756, 105757, 0, '2023-01-10 20:41:28', '2023-01-10 20:41:28'),
(3, 3, 2223, 238, 106503, 106509, 0, '2023-01-10 20:41:28', '2023-01-10 20:41:28'),
(3, 3, 2223, 239, 106601, 106607, 0, '2023-01-10 20:41:28', '2023-01-10 20:41:28'),
(3, 3, 2223, 242, 105720, 105726, 0, '2023-01-10 20:41:28', '2023-01-10 20:41:28'),
(3, 3, 2223, 243, 106772, 106778, 0, '2023-01-10 20:41:29', '2023-01-10 20:41:29'),
(3, 3, 2223, 244, 105968, 105977, 0, '2023-01-10 20:41:28', '2023-01-10 20:41:28'),
(3, 3, 2223, 245, 106121, 106127, 0, '2023-01-10 20:41:28', '2023-01-10 20:41:28'),
(3, 3, 2223, 246, 105922, 105928, 0, '2023-01-10 20:41:28', '2023-01-10 20:41:28'),
(3, 3, 2223, 247, 106097, 106103, 0, '2023-01-10 20:41:28', '2023-01-10 20:41:28'),
(3, 3, 2223, 248, 105553, 105559, 0, '2023-01-10 20:41:28', '2023-01-10 20:41:28'),
(3, 3, 2223, 249, 106311, 106317, 0, '2023-01-10 20:41:28', '2023-01-10 20:41:28'),
(3, 3, 2223, 250, 106681, 106695, 0, '2023-01-10 20:41:28', '2023-01-10 20:41:28'),
(3, 3, 2223, 251, 105617, 105623, 0, '2023-01-10 20:41:28', '2023-01-10 20:41:28'),
(3, 3, 2223, 252, 105624, 105630, 0, '2023-01-10 20:41:28', '2023-01-10 20:41:28'),
(3, 3, 2223, 255, 106622, 106628, 0, '2023-01-10 20:41:28', '2023-01-10 20:41:28'),
(3, 3, 2223, 257, 105713, 105719, 0, '2023-01-10 20:41:28', '2023-01-10 20:41:28'),
(3, 3, 2223, 258, 105865, 105871, 0, '2023-01-10 20:41:28', '2023-01-10 20:41:28'),
(3, 3, 2223, 259, 106744, 106750, 0, '2023-01-10 20:41:29', '2023-01-10 20:41:29'),
(3, 3, 2223, 261, 106765, 106771, 0, '2023-01-10 20:41:29', '2023-01-10 20:41:29'),
(3, 3, 2223, 262, 105788, 105794, 0, '2023-01-10 20:41:28', '2023-01-10 20:41:28'),
(3, 3, 2223, 265, 105879, 105890, 0, '2023-01-10 20:41:28', '2023-01-10 20:41:28'),
(3, 3, 2223, 267, 106696, 106715, 0, '2023-01-10 20:41:28', '2023-01-10 20:41:28'),
(3, 3, 2223, 269, 106465, 106471, 0, '2023-01-10 20:41:28', '2023-01-10 20:41:28'),
(3, 3, 2223, 270, 106184, 106190, 0, '2023-01-10 20:41:28', '2023-01-10 20:41:28'),
(3, 3, 2223, 272, 106347, 106353, 0, '2023-01-10 20:41:28', '2023-01-10 20:41:28'),
(3, 3, 2223, 273, 105830, 105836, 0, '2023-01-10 20:41:28', '2023-01-10 20:41:28'),
(3, 3, 2223, 274, 106304, 106310, 0, '2023-01-10 20:41:28', '2023-01-10 20:41:28'),
(3, 3, 2223, 275, 105574, 105580, 0, '2023-01-10 20:41:28', '2023-01-10 20:41:28'),
(3, 3, 2223, 276, 106824, 106830, 0, '2023-01-10 20:41:29', '2023-01-10 20:41:29'),
(3, 3, 2223, 279, 106549, 106555, 0, '2023-01-10 20:41:28', '2023-01-10 20:41:28'),
(3, 3, 2223, 280, 106845, 106858, 0, '2023-01-11 15:57:18', '2023-01-11 15:57:18'),
(4, 4, 2223, 1, 9231, 9245, 0, '2023-02-01 21:49:16', '2023-02-01 21:49:16'),
(4, 4, 2223, 2, 9216, 9230, 0, '2023-02-01 21:49:16', '2023-02-01 21:49:16'),
(4, 4, 2223, 4, 9021, 9035, 0, '2023-02-01 21:49:16', '2023-02-01 21:49:16'),
(4, 4, 2223, 5, 8646, 8660, 0, '2023-02-01 21:49:16', '2023-02-01 21:49:16'),
(4, 4, 2223, 12, 8931, 8945, 0, '2023-02-01 21:49:16', '2023-02-01 21:49:16'),
(4, 4, 2223, 17, 8676, 8690, 0, '2023-02-01 21:49:16', '2023-02-01 21:49:16'),
(4, 4, 2223, 20, 9426, 9440, 0, '2023-02-01 21:49:17', '2023-02-01 21:49:17'),
(4, 4, 2223, 22, 9261, 9275, 0, '2023-02-01 21:49:17', '2023-02-01 21:49:17'),
(4, 4, 2223, 24, 9156, 9170, 0, '2023-02-01 21:49:16', '2023-02-01 21:49:16'),
(4, 4, 2223, 32, 9411, 9425, 0, '2023-02-01 21:49:17', '2023-02-01 21:49:17'),
(4, 4, 2223, 36, 9441, 9455, 0, '2023-02-01 21:49:17', '2023-02-01 21:49:17'),
(4, 4, 2223, 40, 8886, 8900, 0, '2023-02-01 21:49:16', '2023-02-01 21:49:16'),
(4, 4, 2223, 43, 8946, 8960, 0, '2023-02-01 21:49:16', '2023-02-01 21:49:16'),
(4, 4, 2223, 44, 9336, 9350, 0, '2023-02-01 21:49:17', '2023-02-01 21:49:17'),
(4, 4, 2223, 53, 8721, 8735, 0, '2023-02-01 21:49:16', '2023-02-01 21:49:16'),
(4, 4, 2223, 54, 9351, 9365, 0, '2023-02-01 21:49:17', '2023-02-01 21:49:17'),
(4, 4, 2223, 59, 9276, 9290, 0, '2023-02-01 21:49:17', '2023-02-01 21:49:17'),
(4, 4, 2223, 62, 9456, 9470, 0, '2023-02-01 21:49:17', '2023-02-01 21:49:17'),
(4, 4, 2223, 67, 9096, 9110, 0, '2023-02-01 21:49:16', '2023-02-01 21:49:16'),
(4, 4, 2223, 75, 8856, 8870, 0, '2023-02-01 21:49:16', '2023-02-01 21:49:16'),
(4, 4, 2223, 77, 9321, 9335, 0, '2023-02-01 21:49:17', '2023-02-01 21:49:17'),
(4, 4, 2223, 81, 8991, 9005, 0, '2023-02-01 21:49:16', '2023-02-01 21:49:16'),
(4, 4, 2223, 83, 9111, 9125, 0, '2023-02-01 21:49:16', '2023-02-01 21:49:16'),
(4, 4, 2223, 84, 9291, 9305, 0, '2023-02-01 21:49:17', '2023-02-01 21:49:17'),
(4, 4, 2223, 86, 9366, 9380, 0, '2023-02-01 21:49:17', '2023-02-01 21:49:17'),
(4, 4, 2223, 87, 8916, 8930, 0, '2023-02-01 21:49:16', '2023-02-01 21:49:16'),
(4, 4, 2223, 90, 8976, 8990, 0, '2023-02-01 21:49:16', '2023-02-01 21:49:16'),
(4, 4, 2223, 93, 9186, 9200, 0, '2023-02-01 21:49:16', '2023-02-01 21:49:16'),
(4, 4, 2223, 97, 9306, 9320, 0, '2023-02-01 21:49:17', '2023-02-01 21:49:17'),
(4, 4, 2223, 102, 9201, 9215, 0, '2023-02-01 21:49:16', '2023-02-01 21:49:16'),
(4, 4, 2223, 104, 8661, 8675, 0, '2023-02-01 21:49:16', '2023-02-01 21:49:16'),
(4, 4, 2223, 116, 8871, 8885, 0, '2023-02-01 21:49:16', '2023-02-01 21:49:16'),
(4, 4, 2223, 121, 9171, 9185, 0, '2023-02-01 21:49:16', '2023-02-01 21:49:16'),
(4, 4, 2223, 126, 8796, 8810, 0, '2023-02-01 21:49:16', '2023-02-01 21:49:16'),
(4, 4, 2223, 146, 8811, 8825, 0, '2023-02-01 21:49:16', '2023-02-01 21:49:16'),
(4, 4, 2223, 149, 8616, 8630, 0, '2023-02-01 21:49:16', '2023-02-01 21:49:16'),
(4, 4, 2223, 153, 9471, 9485, 0, '2023-02-01 21:49:17', '2023-02-01 21:49:17'),
(4, 4, 2223, 159, 8691, 8705, 0, '2023-02-01 21:49:16', '2023-02-01 21:49:16'),
(4, 4, 2223, 169, 8901, 8915, 0, '2023-02-01 21:49:16', '2023-02-01 21:49:16'),
(4, 4, 2223, 170, 8601, 8615, 0, '2023-02-01 21:49:16', '2023-02-01 21:49:16'),
(4, 4, 2223, 172, 8751, 8765, 0, '2023-02-01 21:49:16', '2023-02-01 21:49:16'),
(4, 4, 2223, 175, 8631, 8645, 0, '2023-02-01 21:49:16', '2023-02-01 21:49:16'),
(4, 4, 2223, 176, 9006, 9020, 0, '2023-02-01 21:49:16', '2023-02-01 21:49:16'),
(4, 4, 2223, 178, 8766, 8780, 0, '2023-02-01 21:49:16', '2023-02-01 21:49:16'),
(4, 4, 2223, 187, 9486, 9500, 0, '2023-02-01 21:49:17', '2023-02-01 21:49:17'),
(4, 4, 2223, 188, 8781, 8795, 0, '2023-02-01 21:49:16', '2023-02-01 21:49:16'),
(4, 4, 2223, 203, 8736, 8750, 0, '2023-02-01 21:49:16', '2023-02-01 21:49:16'),
(4, 4, 2223, 205, 9081, 9095, 0, '2023-02-01 21:49:16', '2023-02-01 21:49:16'),
(4, 4, 2223, 207, 8841, 8855, 0, '2023-02-01 21:49:16', '2023-02-01 21:49:16'),
(4, 4, 2223, 209, 9141, 9155, 0, '2023-02-01 21:49:16', '2023-02-01 21:49:16'),
(4, 4, 2223, 221, 9051, 9065, 0, '2023-02-01 21:49:16', '2023-02-01 21:49:16'),
(4, 4, 2223, 223, 8706, 8720, 0, '2023-02-01 21:49:16', '2023-02-01 21:49:16'),
(4, 4, 2223, 225, 9396, 9410, 0, '2023-02-01 21:49:17', '2023-02-01 21:49:17'),
(4, 4, 2223, 232, 9126, 9140, 0, '2023-02-01 21:49:16', '2023-02-01 21:49:16'),
(4, 4, 2223, 247, 9246, 9260, 0, '2023-02-01 21:49:17', '2023-02-01 21:49:17'),
(4, 4, 2223, 251, 8826, 8840, 0, '2023-02-01 21:49:16', '2023-02-01 21:49:16'),
(4, 4, 2223, 257, 8961, 8975, 0, '2023-02-01 21:49:16', '2023-02-01 21:49:16'),
(4, 4, 2223, 258, 9066, 9080, 0, '2023-02-01 21:49:16', '2023-02-01 21:49:16'),
(4, 4, 2223, 262, 9036, 9050, 0, '2023-02-01 21:49:16', '2023-02-01 21:49:16'),
(4, 4, 2223, 270, 9381, 9395, 0, '2023-02-01 21:49:17', '2023-02-01 21:49:17'),
(4, 6, 2223, 11, 107634, 107648, 0, '2023-02-02 17:57:16', '2023-02-02 17:57:16'),
(4, 6, 2223, 14, 107589, 107603, 0, '2023-02-02 17:57:16', '2023-02-02 17:57:16'),
(4, 6, 2223, 16, 107019, 107033, 0, '2023-02-01 21:49:17', '2023-02-01 21:49:17'),
(4, 6, 2223, 19, 107619, 107633, 0, '2023-02-02 17:57:16', '2023-02-02 17:57:16'),
(4, 6, 2223, 21, 108129, 108143, 0, '2023-02-10 17:10:50', '2023-02-10 17:10:50'),
(4, 6, 2223, 25, 107139, 107153, 0, '2023-02-01 21:49:17', '2023-02-01 21:49:17'),
(4, 6, 2223, 27, 107304, 107318, 0, '2023-02-01 21:49:17', '2023-02-01 21:49:17'),
(4, 6, 2223, 30, 107274, 107288, 0, '2023-02-01 21:49:17', '2023-02-01 21:49:17'),
(4, 6, 2223, 31, 108009, 108023, 0, '2023-02-08 21:38:04', '2023-02-08 21:38:04'),
(4, 6, 2223, 33, 106974, 106988, 0, '2023-02-01 21:49:17', '2023-02-01 21:49:17'),
(4, 6, 2223, 39, 108084, 108098, 0, '2023-02-10 17:10:50', '2023-02-10 17:10:50'),
(4, 6, 2223, 41, 107934, 107948, 0, '2023-02-08 21:38:04', '2023-02-08 21:38:04'),
(4, 6, 2223, 42, 107124, 107138, 0, '2023-02-01 21:49:17', '2023-02-01 21:49:17'),
(4, 6, 2223, 46, 108219, 108233, 0, '2023-02-16 21:21:22', '2023-02-16 21:21:22'),
(4, 6, 2223, 49, 108024, 108038, 0, '2023-02-08 21:38:04', '2023-02-08 21:38:04'),
(4, 6, 2223, 52, 108234, 108248, 0, '2023-02-16 21:57:53', '2023-02-16 21:57:53'),
(4, 6, 2223, 56, 107199, 107213, 0, '2023-02-01 21:49:17', '2023-02-01 21:49:17'),
(4, 6, 2223, 57, 107484, 107498, 0, '2023-02-02 17:57:16', '2023-02-02 17:57:16'),
(4, 6, 2223, 58, 107904, 107918, 0, '2023-02-08 21:38:04', '2023-02-08 21:38:04'),
(4, 6, 2223, 61, 107559, 107573, 0, '2023-02-02 17:57:16', '2023-02-02 17:57:16'),
(4, 6, 2223, 63, 106869, 106883, 0, '2023-02-01 21:49:17', '2023-02-01 21:49:17'),
(4, 6, 2223, 72, 107469, 107483, 0, '2023-02-02 17:57:16', '2023-02-02 17:57:16'),
(4, 6, 2223, 73, 107544, 107558, 0, '2023-02-02 17:57:16', '2023-02-02 17:57:16'),
(4, 6, 2223, 74, 108069, 108083, 0, '2023-02-10 17:10:50', '2023-02-10 17:10:50'),
(4, 6, 2223, 78, 107514, 107528, 0, '2023-02-02 17:57:16', '2023-02-02 17:57:16'),
(4, 6, 2223, 82, 107649, 107663, 0, '2023-02-02 17:57:16', '2023-02-02 17:57:16'),
(4, 6, 2223, 88, 107844, 107858, 0, '2023-02-03 20:55:28', '2023-02-03 20:55:28'),
(4, 6, 2223, 92, 107244, 107258, 0, '2023-02-01 21:49:17', '2023-02-01 21:49:17'),
(4, 6, 2223, 95, 107289, 107303, 0, '2023-02-01 21:49:17', '2023-02-01 21:49:17'),
(4, 6, 2223, 96, 107964, 107978, 0, '2023-02-08 21:38:04', '2023-02-08 21:38:04'),
(4, 6, 2223, 101, 107799, 107813, 0, '2023-02-03 17:58:25', '2023-02-03 17:58:25'),
(4, 6, 2223, 105, 107979, 107993, 0, '2023-02-08 21:38:04', '2023-02-08 21:38:04'),
(4, 6, 2223, 113, 106914, 106928, 0, '2023-02-01 21:49:17', '2023-02-01 21:49:17'),
(4, 6, 2223, 114, 107889, 107903, 0, '2023-02-03 21:06:24', '2023-02-03 21:06:24'),
(4, 6, 2223, 117, 106989, 107003, 0, '2023-02-01 21:49:17', '2023-02-01 21:49:17'),
(4, 6, 2223, 119, 107769, 107783, 0, '2023-02-03 17:58:25', '2023-02-03 17:58:25'),
(4, 6, 2223, 122, 107829, 107843, 0, '2023-02-03 20:55:28', '2023-02-03 20:55:28'),
(4, 6, 2223, 123, 107694, 107708, 0, '2023-02-02 20:54:40', '2023-02-02 20:54:40'),
(4, 6, 2223, 124, 106884, 106898, 0, '2023-02-01 21:49:17', '2023-02-01 21:49:17'),
(4, 6, 2223, 127, 107424, 107438, 0, '2023-02-02 17:57:16', '2023-02-02 17:57:16'),
(4, 6, 2223, 133, 107109, 107123, 0, '2023-02-01 21:49:17', '2023-02-01 21:49:17'),
(4, 6, 2223, 135, 106899, 106913, 0, '2023-02-01 21:49:17', '2023-02-01 21:49:17'),
(4, 6, 2223, 136, 107454, 107468, 0, '2023-02-02 17:57:16', '2023-02-02 17:57:16'),
(4, 6, 2223, 137, 108189, 108203, 0, '2023-02-16 21:21:22', '2023-02-16 21:21:22'),
(4, 6, 2223, 138, 108204, 108218, 0, '2023-02-16 21:21:22', '2023-02-16 21:21:22'),
(4, 6, 2223, 143, 107184, 107198, 0, '2023-02-01 21:49:17', '2023-02-01 21:49:17'),
(4, 6, 2223, 144, 107439, 107453, 0, '2023-02-02 17:57:16', '2023-02-02 17:57:16'),
(4, 6, 2223, 147, 107574, 107588, 0, '2023-02-02 17:57:16', '2023-02-02 17:57:16'),
(4, 6, 2223, 150, 107334, 107348, 0, '2023-02-01 21:49:17', '2023-02-01 21:49:17'),
(4, 6, 2223, 152, 108114, 108128, 0, '2023-02-10 17:10:50', '2023-02-10 17:10:50'),
(4, 6, 2223, 155, 107529, 107543, 0, '2023-02-02 17:57:16', '2023-02-02 17:57:16'),
(4, 6, 2223, 157, 107994, 108008, 0, '2023-02-08 21:38:04', '2023-02-08 21:38:04'),
(4, 6, 2223, 158, 108279, 108293, 0, '2023-02-17 19:18:32', '2023-02-17 19:18:32'),
(4, 6, 2223, 162, 107499, 107513, 0, '2023-02-02 17:57:16', '2023-02-02 17:57:16'),
(4, 6, 2223, 163, 106944, 106958, 0, '2023-02-01 21:49:17', '2023-02-01 21:49:17'),
(4, 6, 2223, 164, 107349, 107363, 0, '2023-02-01 21:49:17', '2023-02-01 21:49:17'),
(4, 6, 2223, 166, 108339, 108353, 0, '2023-02-24 17:28:50', '2023-02-24 17:28:50'),
(4, 6, 2223, 167, 107604, 107618, 0, '2023-02-02 17:57:16', '2023-02-02 17:57:16'),
(4, 6, 2223, 174, 108324, 108338, 0, '2023-02-24 17:28:50', '2023-02-24 17:28:50'),
(4, 6, 2223, 180, 108099, 108113, 0, '2023-02-10 17:10:50', '2023-02-10 17:10:50'),
(4, 6, 2223, 181, 108309, 108323, 0, '2023-02-17 19:29:29', '2023-02-17 19:29:29'),
(4, 6, 2223, 182, 107214, 107228, 0, '2023-02-01 21:49:17', '2023-02-01 21:49:17'),
(4, 6, 2223, 183, 107034, 107048, 0, '2023-02-01 21:49:17', '2023-02-01 21:49:17'),
(4, 6, 2223, 184, 107394, 107408, 0, '2023-02-02 17:57:16', '2023-02-02 17:57:16'),
(4, 6, 2223, 185, 107094, 107108, 0, '2023-02-01 21:49:17', '2023-02-01 21:49:17'),
(4, 6, 2223, 193, 108039, 108053, 0, '2023-02-08 21:38:04', '2023-02-08 21:38:04'),
(4, 6, 2223, 195, 107004, 107018, 0, '2023-02-01 21:49:17', '2023-02-01 21:49:17'),
(4, 6, 2223, 196, 107859, 107873, 0, '2023-02-03 20:55:28', '2023-02-03 20:55:28'),
(4, 6, 2223, 215, 107229, 107243, 0, '2023-02-01 21:49:17', '2023-02-01 21:49:17'),
(4, 6, 2223, 218, 108249, 108263, 0, '2023-02-17 19:18:32', '2023-02-17 19:18:32'),
(4, 6, 2223, 219, 106959, 106973, 0, '2023-02-01 21:49:17', '2023-02-01 21:49:17'),
(4, 6, 2223, 222, 107379, 107393, 0, '2023-02-01 21:49:17', '2023-02-01 21:49:17'),
(4, 6, 2223, 224, 107724, 107738, 0, '2023-02-02 20:54:40', '2023-02-02 20:54:40'),
(4, 6, 2223, 226, 107739, 107753, 0, '2023-02-02 20:54:40', '2023-02-02 20:54:40'),
(4, 6, 2223, 227, 107154, 107168, 0, '2023-02-01 21:49:17', '2023-02-01 21:49:17'),
(4, 6, 2223, 233, 107064, 107078, 0, '2023-02-01 21:49:17', '2023-02-01 21:49:17'),
(4, 6, 2223, 236, 107949, 107963, 0, '2023-02-08 21:38:04', '2023-02-08 21:38:04'),
(4, 6, 2223, 238, 108054, 108068, 0, '2023-02-08 21:38:04', '2023-02-08 21:38:04'),
(4, 6, 2223, 239, 107814, 107828, 0, '2023-02-03 17:58:25', '2023-02-03 17:58:25'),
(4, 6, 2223, 244, 108264, 108278, 0, '2023-02-17 19:18:32', '2023-02-17 19:18:32'),
(4, 6, 2223, 245, 107784, 107798, 0, '2023-02-03 17:58:25', '2023-02-03 17:58:25'),
(4, 6, 2223, 248, 107679, 107693, 0, '2023-02-02 20:54:40', '2023-02-02 20:54:40'),
(4, 6, 2223, 250, 107259, 107273, 0, '2023-02-01 21:49:17', '2023-02-01 21:49:17'),
(4, 6, 2223, 252, 107919, 107933, 0, '2023-02-08 21:38:04', '2023-02-08 21:38:04'),
(4, 6, 2223, 254, 107664, 107678, 0, '2023-02-02 18:22:31', '2023-02-02 18:22:31'),
(4, 6, 2223, 255, 107169, 107183, 0, '2023-02-01 21:49:17', '2023-02-01 21:49:17'),
(4, 6, 2223, 259, 107319, 107333, 0, '2023-02-01 21:49:17', '2023-02-01 21:49:17'),
(4, 6, 2223, 261, 107364, 107378, 0, '2023-02-01 21:49:17', '2023-02-01 21:49:17'),
(4, 6, 2223, 265, 107874, 107888, 0, '2023-02-03 21:00:06', '2023-02-03 21:00:06'),
(4, 6, 2223, 267, 108174, 108188, 0, '2023-02-15 21:41:44', '2023-02-15 21:41:44'),
(4, 6, 2223, 269, 107079, 107093, 0, '2023-02-01 21:49:17', '2023-02-01 21:49:17'),
(4, 6, 2223, 272, 106929, 106943, 0, '2023-02-01 21:49:17', '2023-02-01 21:49:17'),
(4, 6, 2223, 274, 107709, 107723, 0, '2023-02-02 20:54:40', '2023-02-02 20:54:40'),
(4, 6, 2223, 275, 107409, 107423, 0, '2023-02-02 17:57:16', '2023-02-02 17:57:16'),
(4, 6, 2223, 276, 108144, 108158, 0, '2023-02-10 17:10:50', '2023-02-10 17:10:50'),
(4, 6, 2223, 280, 108294, 108308, 0, '2023-02-17 19:29:29', '2023-02-17 19:29:29'),
(4, 6, 2223, 281, 107754, 107768, 0, '2023-02-03 17:58:25', '2023-02-03 17:58:25'),
(4, 6, 2223, 282, 108159, 108173, 0, '2023-02-15 21:37:35', '2023-02-15 21:37:35'),
(4, 7, 2223, 94, 107049, 107063, 0, '2023-02-16 21:21:22', '2023-02-16 21:21:22'),
(4, 8, 2223, 18, 13110, 13124, 0, '2023-03-02 21:02:11', '2023-03-02 21:02:11'),
(4, 8, 2223, 71, 13080, 13094, 0, '2023-03-02 21:02:11', '2023-03-02 21:02:11'),
(4, 8, 2223, 171, 13095, 13109, 0, '2023-03-02 21:02:11', '2023-03-02 21:02:11'),
(4, 8, 2223, 199, 13140, 13154, 0, '2023-03-02 21:04:06', '2023-03-02 21:04:06'),
(4, 8, 2223, 273, 13065, 13079, 0, '2023-03-02 21:02:11', '2023-03-02 21:02:11'),
(4, 8, 2223, 279, 13125, 13139, 0, '2023-03-02 21:02:11', '2023-03-02 21:02:11'),
(5, 8, 2223, 1, 11107, 11128, 0, '2023-03-02 20:56:08', '2023-03-02 20:56:08'),
(5, 8, 2223, 2, 11085, 11106, 0, '2023-03-02 20:56:08', '2023-03-02 20:56:08'),
(5, 8, 2223, 4, 10381, 10402, 0, '2023-03-02 20:56:08', '2023-03-02 20:56:08'),
(5, 8, 2223, 5, 9589, 9610, 0, '2023-03-02 20:56:08', '2023-03-02 20:56:08'),
(5, 8, 2223, 11, 12911, 12932, 0, '2023-03-02 20:56:08', '2023-03-02 20:56:08'),
(5, 8, 2223, 12, 10227, 10248, 0, '2023-03-02 20:56:08', '2023-03-02 20:56:08'),
(5, 8, 2223, 14, 12031, 12052, 0, '2023-03-02 20:56:08', '2023-03-02 20:56:08'),
(5, 8, 2223, 16, 12097, 12118, 0, '2023-03-02 20:56:08', '2023-03-02 20:56:08'),
(5, 8, 2223, 17, 9633, 9654, 0, '2023-03-02 20:56:08', '2023-03-02 20:56:08'),
(5, 8, 2223, 18, 12207, 12228, 0, '2023-03-02 20:56:08', '2023-03-02 20:56:08'),
(5, 8, 2223, 19, 12317, 12338, 0, '2023-03-02 20:56:08', '2023-03-02 20:56:08'),
(5, 8, 2223, 20, 11591, 11612, 0, '2023-03-02 20:56:08', '2023-03-02 20:56:08'),
(5, 8, 2223, 21, 12075, 12096, 0, '2023-03-02 20:56:08', '2023-03-02 20:56:08'),
(5, 8, 2223, 22, 11261, 11282, 0, '2023-03-02 20:56:08', '2023-03-02 20:56:08'),
(5, 8, 2223, 24, 10953, 10974, 0, '2023-03-02 20:56:08', '2023-03-02 20:56:08'),
(5, 8, 2223, 25, 12471, 12492, 0, '2023-03-02 20:56:08', '2023-03-02 20:56:08'),
(5, 8, 2223, 27, 12801, 12822, 0, '2023-03-02 20:56:08', '2023-03-02 20:56:08'),
(5, 8, 2223, 30, 12757, 12778, 0, '2023-03-02 20:56:08', '2023-03-02 20:56:08'),
(5, 8, 2223, 31, 10777, 10798, 0, '2023-03-02 20:56:08', '2023-03-02 20:56:08'),
(5, 8, 2223, 32, 11547, 11568, 0, '2023-03-02 20:56:08', '2023-03-02 20:56:08'),
(5, 8, 2223, 33, 11943, 11964, 0, '2023-03-02 20:56:08', '2023-03-02 20:56:08'),
(5, 8, 2223, 36, 11635, 11656, 0, '2023-03-02 20:56:08', '2023-03-02 20:56:08'),
(5, 8, 2223, 39, 10139, 10160, 0, '2023-03-02 20:56:08', '2023-03-02 20:56:08'),
(5, 8, 2223, 40, 10095, 10116, 0, '2023-03-02 20:56:08', '2023-03-02 20:56:08'),
(5, 8, 2223, 41, 10117, 10138, 0, '2023-03-02 20:56:08', '2023-03-02 20:56:08'),
(5, 8, 2223, 42, 12427, 12448, 0, '2023-03-02 20:56:08', '2023-03-02 20:56:08'),
(5, 8, 2223, 43, 10249, 10270, 0, '2023-03-02 20:56:08', '2023-03-02 20:56:08'),
(5, 8, 2223, 44, 11415, 11436, 0, '2023-03-02 20:56:08', '2023-03-02 20:56:08'),
(5, 8, 2223, 46, 11393, 11414, 0, '2023-03-02 20:56:08', '2023-03-02 20:56:08'),
(5, 8, 2223, 49, 11151, 11172, 0, '2023-03-02 20:56:08', '2023-03-02 20:56:08'),
(5, 8, 2223, 52, 12933, 12954, 0, '2023-03-02 20:56:08', '2023-03-02 20:56:08'),
(5, 8, 2223, 53, 9699, 9720, 0, '2023-03-02 20:56:08', '2023-03-02 20:56:08'),
(5, 8, 2223, 54, 11437, 11458, 0, '2023-03-02 20:56:08', '2023-03-02 20:56:08'),
(5, 8, 2223, 56, 12603, 12624, 0, '2023-03-02 20:56:08', '2023-03-02 20:56:08'),
(5, 8, 2223, 57, 11129, 11150, 0, '2023-03-02 20:56:08', '2023-03-02 20:56:08'),
(5, 8, 2223, 58, 9765, 9786, 0, '2023-03-02 20:56:08', '2023-03-02 20:56:08'),
(5, 8, 2223, 59, 11305, 11326, 0, '2023-03-02 20:56:08', '2023-03-02 20:56:08'),
(5, 8, 2223, 61, 11833, 11854, 0, '2023-03-02 20:56:08', '2023-03-02 20:56:08'),
(5, 8, 2223, 62, 11657, 11678, 0, '2023-03-02 20:56:08', '2023-03-02 20:56:08'),
(5, 8, 2223, 63, 11723, 11744, 0, '2023-03-02 20:56:08', '2023-03-02 20:56:08'),
(5, 8, 2223, 67, 10711, 10732, 0, '2023-03-02 20:56:08', '2023-03-02 20:56:08'),
(5, 8, 2223, 71, 10821, 10842, 0, '2023-03-02 20:56:08', '2023-03-02 20:56:08'),
(5, 8, 2223, 72, 10931, 10952, 0, '2023-03-02 20:56:08', '2023-03-02 20:56:08'),
(5, 8, 2223, 73, 11767, 11788, 0, '2023-03-02 20:56:08', '2023-03-02 20:56:08'),
(5, 8, 2223, 74, 9545, 9566, 0, '2023-03-02 20:56:08', '2023-03-02 20:56:08'),
(5, 8, 2223, 75, 10051, 10072, 0, '2023-03-02 20:56:08', '2023-03-02 20:56:08'),
(5, 8, 2223, 77, 11371, 11392, 0, '2023-03-02 20:56:08', '2023-03-02 20:56:08'),
(5, 8, 2223, 78, 11459, 11480, 0, '2023-03-02 20:56:08', '2023-03-02 20:56:08'),
(5, 8, 2223, 81, 10315, 10336, 0, '2023-03-02 20:56:08', '2023-03-02 20:56:08'),
(5, 8, 2223, 82, 12955, 12976, 0, '2023-03-02 20:56:08', '2023-03-02 20:56:08'),
(5, 8, 2223, 83, 10799, 10820, 0, '2023-03-02 20:56:08', '2023-03-02 20:56:08'),
(5, 8, 2223, 84, 11327, 11348, 0, '2023-03-02 20:56:08', '2023-03-02 20:56:08'),
(5, 8, 2223, 86, 11481, 11502, 0, '2023-03-02 20:56:08', '2023-03-02 20:56:08'),
(5, 8, 2223, 88, 12295, 12316, 0, '2023-03-02 20:56:08', '2023-03-02 20:56:08'),
(5, 8, 2223, 90, 10293, 10314, 0, '2023-03-02 20:56:08', '2023-03-02 20:56:08'),
(5, 8, 2223, 92, 12691, 12712, 0, '2023-03-02 20:56:08', '2023-03-02 20:56:08'),
(5, 8, 2223, 93, 11041, 11062, 0, '2023-03-02 20:56:08', '2023-03-02 20:56:08'),
(5, 8, 2223, 94, 9831, 9852, 0, '2023-03-02 20:56:08', '2023-03-02 20:56:08'),
(5, 8, 2223, 95, 12779, 12800, 0, '2023-03-02 20:56:08', '2023-03-02 20:56:08'),
(5, 8, 2223, 96, 10425, 10446, 0, '2023-03-02 20:56:08', '2023-03-02 20:56:08'),
(5, 8, 2223, 97, 11349, 11370, 0, '2023-03-02 20:56:08', '2023-03-02 20:56:08'),
(5, 8, 2223, 101, 12251, 12272, 0, '2023-03-02 20:56:08', '2023-03-02 20:56:08'),
(5, 8, 2223, 102, 11063, 11084, 0, '2023-03-02 20:56:08', '2023-03-02 20:56:08'),
(5, 8, 2223, 104, 9611, 9632, 0, '2023-03-02 20:56:08', '2023-03-02 20:56:08'),
(5, 8, 2223, 105, 10733, 10754, 0, '2023-03-02 20:56:08', '2023-03-02 20:56:08'),
(5, 8, 2223, 113, 11855, 11876, 0, '2023-03-02 20:56:08', '2023-03-02 20:56:08'),
(5, 8, 2223, 114, 12009, 12030, 0, '2023-03-02 20:56:08', '2023-03-02 20:56:08'),
(5, 8, 2223, 116, 10073, 10094, 0, '2023-03-02 20:56:08', '2023-03-02 20:56:08'),
(5, 8, 2223, 117, 11965, 11986, 0, '2023-03-02 20:56:08', '2023-03-02 20:56:08'),
(5, 8, 2223, 119, 11195, 11216, 0, '2023-03-02 20:56:08', '2023-03-02 20:56:08'),
(5, 8, 2223, 121, 10975, 10996, 0, '2023-03-02 20:56:08', '2023-03-02 20:56:08'),
(5, 8, 2223, 122, 13155, 13176, 0, '2023-03-02 21:05:24', '2023-03-02 21:05:24'),
(5, 8, 2223, 123, 10403, 10424, 0, '2023-03-02 20:56:08', '2023-03-02 20:56:08'),
(5, 8, 2223, 124, 11745, 11766, 0, '2023-03-02 20:56:08', '2023-03-02 20:56:08'),
(5, 8, 2223, 126, 9941, 9962, 0, '2023-03-02 20:56:08', '2023-03-02 20:56:08'),
(5, 8, 2223, 127, 10205, 10226, 0, '2023-03-02 20:56:08', '2023-03-02 20:56:08'),
(5, 8, 2223, 133, 12405, 12426, 0, '2023-03-02 20:56:08', '2023-03-02 20:56:08'),
(5, 8, 2223, 135, 11811, 11832, 0, '2023-03-02 20:56:08', '2023-03-02 20:56:08'),
(5, 8, 2223, 136, 10843, 10864, 0, '2023-03-02 20:56:08', '2023-03-02 20:56:08'),
(5, 8, 2223, 137, 10447, 10468, 0, '2023-03-02 20:56:08', '2023-03-02 20:56:08'),
(5, 8, 2223, 138, 10469, 10490, 0, '2023-03-02 20:56:08', '2023-03-02 20:56:08'),
(5, 8, 2223, 143, 12581, 12602, 0, '2023-03-02 20:56:08', '2023-03-02 20:56:08'),
(5, 8, 2223, 144, 10601, 10622, 0, '2023-03-02 20:56:08', '2023-03-02 20:56:08'),
(5, 8, 2223, 146, 9963, 9984, 0, '2023-03-02 20:56:08', '2023-03-02 20:56:08'),
(5, 8, 2223, 147, 11987, 12008, 0, '2023-03-02 20:56:08', '2023-03-02 20:56:08');
INSERT INTO `boletos_asignados` (`id_remesa`, `id_paquete`, `id_ciclo`, `id_estudiante`, `folio_inicial`, `folio_final`, `entregados`, `created_at`, `updated_at`) VALUES
(5, 8, 2223, 149, 9523, 9544, 0, '2023-03-02 20:56:08', '2023-03-02 20:56:08'),
(5, 8, 2223, 150, 12845, 12866, 0, '2023-03-02 20:56:08', '2023-03-02 20:56:08'),
(5, 8, 2223, 152, 10623, 10644, 0, '2023-03-02 20:56:08', '2023-03-02 20:56:08'),
(5, 8, 2223, 153, 11679, 11700, 0, '2023-03-02 20:56:08', '2023-03-02 20:56:08'),
(5, 8, 2223, 155, 11569, 11590, 0, '2023-03-02 20:56:08', '2023-03-02 20:56:08'),
(5, 8, 2223, 157, 10755, 10776, 0, '2023-03-02 20:56:08', '2023-03-02 20:56:08'),
(5, 8, 2223, 158, 10997, 11018, 0, '2023-03-02 20:56:08', '2023-03-02 20:56:08'),
(5, 8, 2223, 159, 9655, 9676, 0, '2023-03-02 20:56:08', '2023-03-02 20:56:08'),
(5, 8, 2223, 162, 11217, 11238, 0, '2023-03-02 20:56:08', '2023-03-02 20:56:08'),
(5, 8, 2223, 163, 11899, 11920, 0, '2023-03-02 20:56:08', '2023-03-02 20:56:08'),
(5, 8, 2223, 164, 12867, 12888, 0, '2023-03-02 20:56:08', '2023-03-02 20:56:08'),
(5, 8, 2223, 166, 12515, 12536, 0, '2023-03-02 20:56:08', '2023-03-02 20:56:08'),
(5, 8, 2223, 167, 12141, 12162, 0, '2023-03-02 20:56:08', '2023-03-02 20:56:08'),
(5, 8, 2223, 169, 10161, 10182, 0, '2023-03-02 20:56:08', '2023-03-02 20:56:08'),
(5, 8, 2223, 170, 9501, 9522, 0, '2023-03-02 20:56:08', '2023-03-02 20:56:08'),
(5, 8, 2223, 171, 11019, 11040, 0, '2023-03-02 20:56:08', '2023-03-02 20:56:08'),
(5, 8, 2223, 172, 9809, 9830, 0, '2023-03-02 20:56:08', '2023-03-02 20:56:08'),
(5, 8, 2223, 174, 11613, 11634, 0, '2023-03-02 20:56:08', '2023-03-02 20:56:08'),
(5, 8, 2223, 175, 9567, 9588, 0, '2023-03-02 20:56:08', '2023-03-02 20:56:08'),
(5, 8, 2223, 176, 10337, 10358, 0, '2023-03-02 20:56:08', '2023-03-02 20:56:08'),
(5, 8, 2223, 178, 9853, 9874, 0, '2023-03-02 20:56:08', '2023-03-02 20:56:08'),
(5, 8, 2223, 180, 10579, 10600, 0, '2023-03-02 20:56:08', '2023-03-02 20:56:08'),
(5, 8, 2223, 181, 12449, 12470, 0, '2023-03-02 20:56:08', '2023-03-02 20:56:08'),
(5, 8, 2223, 182, 12625, 12646, 0, '2023-03-02 20:56:08', '2023-03-02 20:56:08'),
(5, 8, 2223, 183, 12119, 12140, 0, '2023-03-02 20:56:08', '2023-03-02 20:56:08'),
(5, 8, 2223, 184, 9787, 9808, 0, '2023-03-02 20:56:08', '2023-03-02 20:56:08'),
(5, 8, 2223, 185, 12339, 12360, 0, '2023-03-02 20:56:08', '2023-03-02 20:56:08'),
(5, 8, 2223, 187, 11701, 11722, 0, '2023-03-02 20:56:08', '2023-03-02 20:56:08'),
(5, 8, 2223, 188, 9875, 9896, 0, '2023-03-02 20:56:08', '2023-03-02 20:56:08'),
(5, 8, 2223, 193, 11173, 11194, 0, '2023-03-02 20:56:08', '2023-03-02 20:56:08'),
(5, 8, 2223, 195, 12053, 12074, 0, '2023-03-02 20:56:08', '2023-03-02 20:56:08'),
(5, 8, 2223, 196, 12647, 12668, 0, '2023-03-02 20:56:08', '2023-03-02 20:56:08'),
(5, 8, 2223, 199, 13177, 13198, 0, '2023-03-02 21:05:24', '2023-03-02 21:05:24'),
(5, 8, 2223, 203, 9721, 9742, 0, '2023-03-02 20:56:08', '2023-03-02 20:56:08'),
(5, 8, 2223, 205, 10667, 10688, 0, '2023-03-02 20:56:08', '2023-03-02 20:56:08'),
(5, 8, 2223, 207, 10029, 10050, 0, '2023-03-02 20:56:08', '2023-03-02 20:56:08'),
(5, 8, 2223, 209, 10887, 10908, 0, '2023-03-02 20:56:08', '2023-03-02 20:56:08'),
(5, 8, 2223, 215, 12669, 12690, 0, '2023-03-02 20:56:08', '2023-03-02 20:56:08'),
(5, 8, 2223, 218, 10183, 10204, 0, '2023-03-02 20:56:08', '2023-03-02 20:56:08'),
(5, 8, 2223, 219, 11921, 11942, 0, '2023-03-02 20:56:08', '2023-03-02 20:56:08'),
(5, 8, 2223, 221, 10535, 10556, 0, '2023-03-02 20:56:08', '2023-03-02 20:56:08'),
(5, 8, 2223, 222, 13043, 13064, 0, '2023-03-02 20:56:08', '2023-03-02 20:56:08'),
(5, 8, 2223, 223, 9677, 9698, 0, '2023-03-02 20:56:08', '2023-03-02 20:56:08'),
(5, 8, 2223, 224, 12361, 12382, 0, '2023-03-02 20:56:08', '2023-03-02 20:56:08'),
(5, 8, 2223, 225, 11525, 11546, 0, '2023-03-02 20:56:08', '2023-03-02 20:56:08'),
(5, 8, 2223, 226, 12977, 12998, 0, '2023-03-02 20:56:08', '2023-03-02 20:56:08'),
(5, 8, 2223, 227, 12537, 12558, 0, '2023-03-02 20:56:08', '2023-03-02 20:56:08'),
(5, 8, 2223, 232, 10865, 10886, 0, '2023-03-02 20:56:08', '2023-03-02 20:56:08'),
(5, 8, 2223, 233, 12163, 12184, 0, '2023-03-02 20:56:08', '2023-03-02 20:56:08'),
(5, 8, 2223, 236, 10359, 10380, 0, '2023-03-02 20:56:08', '2023-03-02 20:56:08'),
(5, 8, 2223, 238, 12273, 12294, 0, '2023-03-02 20:56:08', '2023-03-02 20:56:08'),
(5, 8, 2223, 239, 12493, 12514, 0, '2023-03-02 20:56:08', '2023-03-02 20:56:08'),
(5, 8, 2223, 244, 10909, 10930, 0, '2023-03-02 20:56:08', '2023-03-02 20:56:08'),
(5, 8, 2223, 245, 11283, 11304, 0, '2023-03-02 20:56:08', '2023-03-02 20:56:08'),
(5, 8, 2223, 247, 11239, 11260, 0, '2023-03-02 20:56:08', '2023-03-02 20:56:08'),
(5, 8, 2223, 248, 9897, 9918, 0, '2023-03-02 20:56:08', '2023-03-02 20:56:08'),
(5, 8, 2223, 250, 12713, 12734, 0, '2023-03-02 20:56:08', '2023-03-02 20:56:08'),
(5, 8, 2223, 251, 9985, 10006, 0, '2023-03-02 20:56:08', '2023-03-02 20:56:08'),
(5, 8, 2223, 252, 10007, 10028, 0, '2023-03-02 20:56:08', '2023-03-02 20:56:08'),
(5, 8, 2223, 254, 10491, 10512, 0, '2023-03-02 20:56:08', '2023-03-02 20:56:08'),
(5, 8, 2223, 255, 12559, 12580, 0, '2023-03-02 20:56:08', '2023-03-02 20:56:08'),
(5, 8, 2223, 257, 10271, 10292, 0, '2023-03-02 20:56:08', '2023-03-02 20:56:08'),
(5, 8, 2223, 258, 10645, 10666, 0, '2023-03-02 20:56:08', '2023-03-02 20:56:08'),
(5, 8, 2223, 259, 12823, 12844, 0, '2023-03-02 20:56:08', '2023-03-02 20:56:08'),
(5, 8, 2223, 261, 12889, 12910, 0, '2023-03-02 20:56:08', '2023-03-02 20:56:08'),
(5, 8, 2223, 262, 10513, 10534, 0, '2023-03-02 20:56:08', '2023-03-02 20:56:08'),
(5, 8, 2223, 265, 10689, 10710, 0, '2023-03-02 20:56:08', '2023-03-02 20:56:08'),
(5, 8, 2223, 267, 12735, 12756, 0, '2023-03-02 20:56:08', '2023-03-02 20:56:08'),
(5, 8, 2223, 269, 12185, 12206, 0, '2023-03-02 20:56:08', '2023-03-02 20:56:08'),
(5, 8, 2223, 270, 11503, 11524, 0, '2023-03-02 20:56:08', '2023-03-02 20:56:08'),
(5, 8, 2223, 272, 11877, 11898, 0, '2023-03-02 20:56:08', '2023-03-02 20:56:08'),
(5, 8, 2223, 273, 10557, 10578, 0, '2023-03-02 20:56:08', '2023-03-02 20:56:08'),
(5, 8, 2223, 274, 11789, 11810, 0, '2023-03-02 20:56:08', '2023-03-02 20:56:08'),
(5, 8, 2223, 275, 9919, 9940, 0, '2023-03-02 20:56:08', '2023-03-02 20:56:08'),
(5, 8, 2223, 276, 12999, 13020, 0, '2023-03-02 20:56:08', '2023-03-02 20:56:08'),
(5, 8, 2223, 279, 12383, 12404, 0, '2023-03-02 20:56:08', '2023-03-02 20:56:08'),
(5, 8, 2223, 280, 12229, 12250, 0, '2023-03-02 20:56:08', '2023-03-02 20:56:08'),
(5, 8, 2223, 281, 9743, 9764, 0, '2023-03-02 20:56:08', '2023-03-02 20:56:08'),
(5, 8, 2223, 282, 13021, 13042, 0, '2023-03-02 20:56:08', '2023-03-02 20:56:08'),
(6, 6, 2223, 5, 108394, 108403, 0, '2023-03-30 21:06:10', '2023-03-30 21:06:10'),
(6, 6, 2223, 17, 108414, 108423, 0, '2023-03-30 21:06:10', '2023-03-30 21:06:10'),
(6, 6, 2223, 53, 108444, 108453, 0, '2023-03-30 21:06:10', '2023-03-30 21:06:10'),
(6, 6, 2223, 58, 108474, 108483, 0, '2023-03-30 21:06:10', '2023-03-30 21:06:10'),
(6, 6, 2223, 74, 108374, 108383, 0, '2023-03-30 21:06:10', '2023-03-30 21:06:10'),
(6, 6, 2223, 94, 108504, 108513, 0, '2023-03-30 21:06:10', '2023-03-30 21:06:10'),
(6, 6, 2223, 104, 108404, 108413, 0, '2023-03-30 21:06:10', '2023-03-30 21:06:10'),
(6, 6, 2223, 126, 108554, 108563, 0, '2023-03-30 21:06:10', '2023-03-30 21:06:10'),
(6, 6, 2223, 146, 108564, 108573, 0, '2023-03-30 21:06:10', '2023-03-30 21:06:10'),
(6, 6, 2223, 149, 108364, 108373, 0, '2023-03-30 21:06:10', '2023-03-30 21:06:10'),
(6, 6, 2223, 159, 108424, 108433, 0, '2023-03-30 21:06:10', '2023-03-30 21:06:10'),
(6, 6, 2223, 170, 108354, 108363, 0, '2023-03-30 21:06:10', '2023-03-30 21:06:10'),
(6, 6, 2223, 172, 108494, 108503, 0, '2023-03-30 21:06:10', '2023-03-30 21:06:10'),
(6, 6, 2223, 175, 108384, 108393, 0, '2023-03-30 21:06:10', '2023-03-30 21:06:10'),
(6, 6, 2223, 178, 108514, 108523, 0, '2023-03-30 21:06:10', '2023-03-30 21:06:10'),
(6, 6, 2223, 184, 108484, 108493, 0, '2023-03-30 21:06:10', '2023-03-30 21:06:10'),
(6, 6, 2223, 188, 108524, 108533, 0, '2023-03-30 21:06:10', '2023-03-30 21:06:10'),
(6, 6, 2223, 203, 108454, 108463, 0, '2023-03-30 21:06:10', '2023-03-30 21:06:10'),
(6, 6, 2223, 207, 108594, 108600, 0, '2023-03-30 21:06:10', '2023-03-30 21:06:10'),
(6, 6, 2223, 223, 108434, 108443, 0, '2023-03-30 21:06:10', '2023-03-30 21:06:10'),
(6, 6, 2223, 248, 108534, 108543, 0, '2023-03-30 21:06:10', '2023-03-30 21:06:10'),
(6, 6, 2223, 251, 108574, 108583, 0, '2023-03-30 21:06:10', '2023-03-30 21:06:10'),
(6, 6, 2223, 252, 108584, 108593, 0, '2023-03-30 21:06:10', '2023-03-30 21:06:10'),
(6, 6, 2223, 275, 108544, 108553, 0, '2023-03-30 21:06:10', '2023-03-30 21:06:10'),
(6, 6, 2223, 281, 108464, 108473, 0, '2023-03-30 21:06:10', '2023-03-30 21:06:10'),
(6, 8, 2223, 1, 13682, 13691, 0, '2023-03-30 21:06:10', '2023-03-30 21:06:10'),
(6, 8, 2223, 2, 13672, 13681, 0, '2023-03-30 21:06:10', '2023-03-30 21:06:10'),
(6, 8, 2223, 4, 13352, 13361, 0, '2023-03-30 21:06:10', '2023-03-30 21:06:10'),
(6, 8, 2223, 12, 13282, 13291, 0, '2023-03-30 21:06:10', '2023-03-30 21:06:10'),
(6, 8, 2223, 14, 14132, 14141, 0, '2023-03-30 21:06:10', '2023-03-30 21:06:10'),
(6, 8, 2223, 16, 14162, 14171, 0, '2023-03-30 21:06:10', '2023-03-30 21:06:10'),
(6, 8, 2223, 19, 14262, 14271, 0, '2023-03-30 21:06:10', '2023-03-30 21:06:10'),
(6, 8, 2223, 20, 13932, 13941, 0, '2023-03-30 21:06:10', '2023-03-30 21:06:10'),
(6, 8, 2223, 21, 14152, 14161, 0, '2023-03-30 21:06:10', '2023-03-30 21:06:10'),
(6, 8, 2223, 22, 13762, 13771, 0, '2023-03-30 21:06:10', '2023-03-30 21:06:10'),
(6, 8, 2223, 24, 13612, 13621, 0, '2023-03-30 21:06:10', '2023-03-30 21:06:10'),
(6, 8, 2223, 25, 14332, 14341, 0, '2023-03-30 21:06:10', '2023-03-30 21:06:10'),
(6, 8, 2223, 27, 14487, 14496, 0, '2023-03-30 21:06:10', '2023-03-30 21:06:10'),
(6, 8, 2223, 30, 14467, 14476, 0, '2023-03-30 21:06:10', '2023-03-30 21:06:10'),
(6, 8, 2223, 31, 13532, 13541, 0, '2023-03-30 21:06:10', '2023-03-30 21:06:10'),
(6, 8, 2223, 32, 13912, 13921, 0, '2023-03-30 21:06:10', '2023-03-30 21:06:10'),
(6, 8, 2223, 33, 14092, 14101, 0, '2023-03-30 21:06:10', '2023-03-30 21:06:10'),
(6, 8, 2223, 36, 13952, 13961, 0, '2023-03-30 21:06:10', '2023-03-30 21:06:10'),
(6, 8, 2223, 39, 13242, 13251, 0, '2023-03-30 21:06:10', '2023-03-30 21:06:10'),
(6, 8, 2223, 40, 13222, 13231, 0, '2023-03-30 21:06:10', '2023-03-30 21:06:10'),
(6, 8, 2223, 41, 13232, 13241, 0, '2023-03-30 21:06:10', '2023-03-30 21:06:10'),
(6, 8, 2223, 42, 14312, 14321, 0, '2023-03-30 21:06:10', '2023-03-30 21:06:10'),
(6, 8, 2223, 43, 13292, 13301, 0, '2023-03-30 21:06:10', '2023-03-30 21:06:10'),
(6, 8, 2223, 44, 13842, 13851, 0, '2023-03-30 21:06:10', '2023-03-30 21:06:10'),
(6, 8, 2223, 46, 13832, 13841, 0, '2023-03-30 21:06:10', '2023-03-30 21:06:10'),
(6, 8, 2223, 49, 13712, 13721, 0, '2023-03-30 21:06:10', '2023-03-30 21:06:10'),
(6, 8, 2223, 54, 13852, 13861, 0, '2023-03-30 21:06:10', '2023-03-30 21:06:10'),
(6, 8, 2223, 56, 14392, 14401, 0, '2023-03-30 21:06:10', '2023-03-30 21:06:10'),
(6, 8, 2223, 57, 13702, 13711, 0, '2023-03-30 21:06:10', '2023-03-30 21:06:10'),
(6, 8, 2223, 59, 13792, 13801, 0, '2023-03-30 21:06:10', '2023-03-30 21:06:10'),
(6, 8, 2223, 61, 14042, 14051, 0, '2023-03-30 21:06:10', '2023-03-30 21:06:10'),
(6, 8, 2223, 62, 13962, 13971, 0, '2023-03-30 21:06:10', '2023-03-30 21:06:10'),
(6, 8, 2223, 63, 13992, 14001, 0, '2023-03-30 21:06:10', '2023-03-30 21:06:10'),
(6, 8, 2223, 67, 13502, 13511, 0, '2023-03-30 21:06:10', '2023-03-30 21:06:10'),
(6, 8, 2223, 71, 13552, 13561, 0, '2023-03-30 21:06:10', '2023-03-30 21:06:10'),
(6, 8, 2223, 72, 13602, 13611, 0, '2023-03-30 21:06:10', '2023-03-30 21:06:10'),
(6, 8, 2223, 73, 14012, 14021, 0, '2023-03-30 21:06:10', '2023-03-30 21:06:10'),
(6, 8, 2223, 75, 13202, 13211, 0, '2023-03-30 21:06:10', '2023-03-30 21:06:10'),
(6, 8, 2223, 77, 13822, 13831, 0, '2023-03-30 21:06:10', '2023-03-30 21:06:10'),
(6, 8, 2223, 78, 13862, 13871, 0, '2023-03-30 21:06:10', '2023-03-30 21:06:10'),
(6, 8, 2223, 81, 13322, 13331, 0, '2023-03-30 21:06:10', '2023-03-30 21:06:10'),
(6, 8, 2223, 83, 13542, 13551, 0, '2023-03-30 21:06:10', '2023-03-30 21:06:10'),
(6, 8, 2223, 84, 13802, 13811, 0, '2023-03-30 21:06:10', '2023-03-30 21:06:10'),
(6, 8, 2223, 86, 13872, 13881, 0, '2023-03-30 21:06:10', '2023-03-30 21:06:10'),
(6, 8, 2223, 88, 14252, 14261, 0, '2023-03-30 21:06:10', '2023-03-30 21:06:10'),
(6, 8, 2223, 90, 13312, 13321, 0, '2023-03-30 21:06:10', '2023-03-30 21:06:10'),
(6, 8, 2223, 92, 14432, 14441, 0, '2023-03-30 21:06:10', '2023-03-30 21:06:10'),
(6, 8, 2223, 93, 13652, 13661, 0, '2023-03-30 21:06:10', '2023-03-30 21:06:10'),
(6, 8, 2223, 95, 14477, 14486, 0, '2023-03-30 21:06:10', '2023-03-30 21:06:10'),
(6, 8, 2223, 96, 13372, 13381, 0, '2023-03-30 21:06:10', '2023-03-30 21:06:10'),
(6, 8, 2223, 97, 13812, 13821, 0, '2023-03-30 21:06:10', '2023-03-30 21:06:10'),
(6, 8, 2223, 101, 14232, 14241, 0, '2023-03-30 21:06:10', '2023-03-30 21:06:10'),
(6, 8, 2223, 102, 13662, 13671, 0, '2023-03-30 21:06:10', '2023-03-30 21:06:10'),
(6, 8, 2223, 105, 13512, 13521, 0, '2023-03-30 21:06:10', '2023-03-30 21:06:10'),
(6, 8, 2223, 113, 14052, 14061, 0, '2023-03-30 21:06:10', '2023-03-30 21:06:10'),
(6, 8, 2223, 114, 14122, 14131, 0, '2023-03-30 21:06:10', '2023-03-30 21:06:10'),
(6, 8, 2223, 116, 13212, 13221, 0, '2023-03-30 21:06:10', '2023-03-30 21:06:10'),
(6, 8, 2223, 117, 14102, 14111, 0, '2023-03-30 21:06:10', '2023-03-30 21:06:10'),
(6, 8, 2223, 119, 13732, 13741, 0, '2023-03-30 21:06:10', '2023-03-30 21:06:10'),
(6, 8, 2223, 121, 13622, 13631, 0, '2023-03-30 21:06:10', '2023-03-30 21:06:10'),
(6, 8, 2223, 122, 13772, 13781, 0, '2023-03-30 21:06:10', '2023-03-30 21:06:10'),
(6, 8, 2223, 123, 13362, 13371, 0, '2023-03-30 21:06:10', '2023-03-30 21:06:10'),
(6, 8, 2223, 124, 14002, 14011, 0, '2023-03-30 21:06:10', '2023-03-30 21:06:10'),
(6, 8, 2223, 127, 13272, 13281, 0, '2023-03-30 21:06:10', '2023-03-30 21:06:10'),
(6, 8, 2223, 133, 14302, 14311, 0, '2023-03-30 21:06:10', '2023-03-30 21:06:10'),
(6, 8, 2223, 135, 14032, 14041, 0, '2023-03-30 21:06:10', '2023-03-30 21:06:10'),
(6, 8, 2223, 136, 13562, 13571, 0, '2023-03-30 21:06:10', '2023-03-30 21:06:10'),
(6, 8, 2223, 137, 13382, 13391, 0, '2023-03-30 21:06:10', '2023-03-30 21:06:10'),
(6, 8, 2223, 138, 13392, 13401, 0, '2023-03-30 21:06:10', '2023-03-30 21:06:10'),
(6, 8, 2223, 143, 14382, 14391, 0, '2023-03-30 21:06:10', '2023-03-30 21:06:10'),
(6, 8, 2223, 144, 13452, 13461, 0, '2023-03-30 21:06:10', '2023-03-30 21:06:10'),
(6, 8, 2223, 147, 14112, 14121, 0, '2023-03-30 21:06:10', '2023-03-30 21:06:10'),
(6, 8, 2223, 152, 13462, 13471, 0, '2023-03-30 21:06:10', '2023-03-30 21:06:10'),
(6, 8, 2223, 153, 13972, 13981, 0, '2023-03-30 21:06:10', '2023-03-30 21:06:10'),
(6, 8, 2223, 155, 13922, 13931, 0, '2023-03-30 21:06:10', '2023-03-30 21:06:10'),
(6, 8, 2223, 157, 13522, 13531, 0, '2023-03-30 21:06:10', '2023-03-30 21:06:10'),
(6, 8, 2223, 158, 13632, 13641, 0, '2023-03-30 21:06:10', '2023-03-30 21:06:10'),
(6, 8, 2223, 162, 13742, 13751, 0, '2023-03-30 21:06:10', '2023-03-30 21:06:10'),
(6, 8, 2223, 163, 14072, 14081, 0, '2023-03-30 21:06:10', '2023-03-30 21:06:10'),
(6, 8, 2223, 166, 14352, 14361, 0, '2023-03-30 21:06:10', '2023-03-30 21:06:10'),
(6, 8, 2223, 167, 14182, 14191, 0, '2023-03-30 21:06:10', '2023-03-30 21:06:10'),
(6, 8, 2223, 169, 13252, 13261, 0, '2023-03-30 21:06:10', '2023-03-30 21:06:10'),
(6, 8, 2223, 171, 13642, 13651, 0, '2023-03-30 21:06:10', '2023-03-30 21:06:10'),
(6, 8, 2223, 173, 13902, 13911, 0, '2023-03-30 21:06:10', '2023-03-30 21:06:10'),
(6, 8, 2223, 174, 13942, 13951, 0, '2023-03-30 21:06:10', '2023-03-30 21:06:10'),
(6, 8, 2223, 176, 13332, 13341, 0, '2023-03-30 21:06:10', '2023-03-30 21:06:10'),
(6, 8, 2223, 180, 13442, 13451, 0, '2023-03-30 21:06:10', '2023-03-30 21:06:10'),
(6, 8, 2223, 181, 14322, 14331, 0, '2023-03-30 21:06:10', '2023-03-30 21:06:10'),
(6, 8, 2223, 182, 14402, 14411, 0, '2023-03-30 21:06:10', '2023-03-30 21:06:10'),
(6, 8, 2223, 183, 14172, 14181, 0, '2023-03-30 21:06:10', '2023-03-30 21:06:10'),
(6, 8, 2223, 185, 14272, 14281, 0, '2023-03-30 21:06:10', '2023-03-30 21:06:10'),
(6, 8, 2223, 187, 13982, 13991, 0, '2023-03-30 21:06:10', '2023-03-30 21:06:10'),
(6, 8, 2223, 193, 13722, 13731, 0, '2023-03-30 21:06:10', '2023-03-30 21:06:10'),
(6, 8, 2223, 195, 14142, 14151, 0, '2023-03-30 21:06:10', '2023-03-30 21:06:10'),
(6, 8, 2223, 196, 14412, 14421, 0, '2023-03-30 21:06:10', '2023-03-30 21:06:10'),
(6, 8, 2223, 199, 14212, 14221, 0, '2023-03-30 21:06:10', '2023-03-30 21:06:10'),
(6, 8, 2223, 205, 13482, 13491, 0, '2023-03-30 21:06:10', '2023-03-30 21:06:10'),
(6, 8, 2223, 207, 13199, 13201, 0, '2023-03-30 21:06:10', '2023-03-30 21:06:10'),
(6, 8, 2223, 209, 13582, 13591, 0, '2023-03-30 21:06:10', '2023-03-30 21:06:10'),
(6, 8, 2223, 215, 14422, 14431, 0, '2023-03-30 21:06:10', '2023-03-30 21:06:10'),
(6, 8, 2223, 218, 13262, 13271, 0, '2023-03-30 21:06:10', '2023-03-30 21:06:10'),
(6, 8, 2223, 219, 14082, 14091, 0, '2023-03-30 21:06:10', '2023-03-30 21:06:10'),
(6, 8, 2223, 221, 13422, 13431, 0, '2023-03-30 21:06:10', '2023-03-30 21:06:10'),
(6, 8, 2223, 224, 14282, 14291, 0, '2023-03-30 21:06:10', '2023-03-30 21:06:10'),
(6, 8, 2223, 225, 13892, 13901, 0, '2023-03-30 21:06:10', '2023-03-30 21:06:10'),
(6, 8, 2223, 227, 14362, 14371, 0, '2023-03-30 21:06:10', '2023-03-30 21:06:10'),
(6, 8, 2223, 232, 13572, 13581, 0, '2023-03-30 21:06:10', '2023-03-30 21:06:10'),
(6, 8, 2223, 233, 14192, 14201, 0, '2023-03-30 21:06:10', '2023-03-30 21:06:10'),
(6, 8, 2223, 236, 13342, 13351, 0, '2023-03-30 21:06:10', '2023-03-30 21:06:10'),
(6, 8, 2223, 238, 14242, 14251, 0, '2023-03-30 21:06:10', '2023-03-30 21:06:10'),
(6, 8, 2223, 239, 14342, 14351, 0, '2023-03-30 21:06:10', '2023-03-30 21:06:10'),
(6, 8, 2223, 244, 13592, 13601, 0, '2023-03-30 21:06:10', '2023-03-30 21:06:10'),
(6, 8, 2223, 245, 13782, 13791, 0, '2023-03-30 21:06:10', '2023-03-30 21:06:10'),
(6, 8, 2223, 247, 13752, 13761, 0, '2023-03-30 21:06:10', '2023-03-30 21:06:10'),
(6, 8, 2223, 250, 14442, 14451, 0, '2023-03-30 21:06:10', '2023-03-30 21:06:10'),
(6, 8, 2223, 254, 13402, 13411, 0, '2023-03-30 21:06:10', '2023-03-30 21:06:10'),
(6, 8, 2223, 255, 14372, 14381, 0, '2023-03-30 21:06:10', '2023-03-30 21:06:10'),
(6, 8, 2223, 257, 13302, 13311, 0, '2023-03-30 21:06:10', '2023-03-30 21:06:10'),
(6, 8, 2223, 258, 13472, 13481, 0, '2023-03-30 21:06:10', '2023-03-30 21:06:10'),
(6, 8, 2223, 259, 14497, 14500, 0, '2023-03-30 21:06:10', '2023-03-30 21:06:10'),
(6, 8, 2223, 262, 13412, 13421, 0, '2023-03-30 21:06:10', '2023-03-30 21:06:10'),
(6, 8, 2223, 265, 13492, 13501, 0, '2023-03-30 21:06:10', '2023-03-30 21:06:10'),
(6, 8, 2223, 267, 14452, 14466, 0, '2023-03-30 21:06:10', '2023-03-30 21:06:10'),
(6, 8, 2223, 269, 14202, 14211, 0, '2023-03-30 21:06:10', '2023-03-30 21:06:10'),
(6, 8, 2223, 270, 13882, 13891, 0, '2023-03-30 21:06:10', '2023-03-30 21:06:10'),
(6, 8, 2223, 272, 14062, 14071, 0, '2023-03-30 21:06:10', '2023-03-30 21:06:10'),
(6, 8, 2223, 273, 13432, 13441, 0, '2023-03-30 21:06:10', '2023-03-30 21:06:10'),
(6, 8, 2223, 274, 14022, 14031, 0, '2023-03-30 21:06:10', '2023-03-30 21:06:10'),
(6, 8, 2223, 279, 14292, 14301, 0, '2023-03-30 21:06:10', '2023-03-30 21:06:10'),
(6, 8, 2223, 280, 14222, 14231, 0, '2023-03-30 21:06:10', '2023-03-30 21:06:10'),
(6, 8, 2223, 285, 13692, 13701, 0, '2023-03-30 21:06:10', '2023-03-30 21:06:10'),
(6, 9, 2223, 11, 200047, 200056, 0, '2023-03-30 21:06:10', '2023-03-30 21:06:10'),
(6, 9, 2223, 52, 200057, 200066, 0, '2023-03-30 21:06:10', '2023-03-30 21:06:10'),
(6, 9, 2223, 82, 200067, 200076, 0, '2023-03-30 21:06:10', '2023-03-30 21:06:10'),
(6, 9, 2223, 150, 200007, 200016, 0, '2023-03-30 21:06:10', '2023-03-30 21:06:10'),
(6, 9, 2223, 164, 200017, 200026, 0, '2023-03-30 21:06:10', '2023-03-30 21:06:10'),
(6, 9, 2223, 222, 200107, 200116, 0, '2023-03-30 21:06:10', '2023-03-30 21:06:10'),
(6, 9, 2223, 226, 200077, 200086, 0, '2023-03-30 21:06:10', '2023-03-30 21:06:10'),
(6, 9, 2223, 243, 200037, 200046, 0, '2023-03-30 21:06:10', '2023-03-30 21:06:10'),
(6, 9, 2223, 259, 200001, 200006, 0, '2023-03-30 21:06:10', '2023-03-30 21:06:10'),
(6, 9, 2223, 261, 200027, 200036, 0, '2023-03-30 21:06:10', '2023-03-30 21:06:10'),
(6, 9, 2223, 276, 200087, 200096, 0, '2023-03-30 21:06:10', '2023-03-30 21:06:10'),
(6, 9, 2223, 282, 200097, 200106, 0, '2023-03-30 21:06:10', '2023-03-30 21:06:10'),
(7, 9, 2223, 1, 201534, 201552, 0, '2023-05-04 20:39:45', '2023-05-04 20:39:45'),
(7, 9, 2223, 2, 201515, 201533, 0, '2023-05-04 20:39:45', '2023-05-04 20:39:45'),
(7, 9, 2223, 4, 200915, 200933, 0, '2023-05-04 20:39:45', '2023-05-04 20:39:45'),
(7, 9, 2223, 5, 200212, 200230, 0, '2023-05-04 20:39:45', '2023-05-04 20:39:45'),
(7, 9, 2223, 11, 203141, 203159, 0, '2023-05-04 20:39:45', '2023-05-04 20:39:45'),
(7, 9, 2223, 12, 200782, 200800, 0, '2023-05-04 20:39:45', '2023-05-04 20:39:45'),
(7, 9, 2223, 14, 202381, 202399, 0, '2023-05-04 20:39:45', '2023-05-04 20:39:45'),
(7, 9, 2223, 16, 202438, 202456, 0, '2023-05-04 20:39:45', '2023-05-04 20:39:45'),
(7, 9, 2223, 17, 200269, 200287, 0, '2023-05-04 20:39:45', '2023-05-04 20:39:45'),
(7, 9, 2223, 19, 202609, 202627, 0, '2023-05-04 20:39:45', '2023-05-04 20:39:45'),
(7, 9, 2223, 20, 202001, 202019, 0, '2023-05-04 20:39:45', '2023-05-04 20:39:45'),
(7, 9, 2223, 21, 202419, 202437, 0, '2023-05-04 20:39:45', '2023-05-04 20:39:45'),
(7, 9, 2223, 22, 201686, 201704, 0, '2023-05-04 20:39:45', '2023-05-04 20:39:45'),
(7, 9, 2223, 24, 201401, 201419, 0, '2023-05-04 20:39:45', '2023-05-04 20:39:45'),
(7, 9, 2223, 25, 202742, 202760, 0, '2023-05-04 20:39:45', '2023-05-04 20:39:45'),
(7, 9, 2223, 27, 203027, 203045, 0, '2023-05-04 20:39:45', '2023-05-04 20:39:45'),
(7, 9, 2223, 30, 202989, 203007, 0, '2023-05-04 20:39:45', '2023-05-04 20:39:45'),
(7, 9, 2223, 31, 201249, 201267, 0, '2023-05-04 20:39:45', '2023-05-04 20:39:45'),
(7, 9, 2223, 32, 201963, 201981, 0, '2023-05-04 20:39:45', '2023-05-04 20:39:45'),
(7, 9, 2223, 33, 202305, 202323, 0, '2023-05-04 20:39:45', '2023-05-04 20:39:45'),
(7, 9, 2223, 36, 202039, 202057, 0, '2023-05-04 20:39:45', '2023-05-04 20:39:45'),
(7, 9, 2223, 39, 200706, 200724, 0, '2023-05-04 20:39:45', '2023-05-04 20:39:45'),
(7, 9, 2223, 40, 200668, 200686, 0, '2023-05-04 20:39:45', '2023-05-04 20:39:45'),
(7, 9, 2223, 41, 200687, 200705, 0, '2023-05-04 20:39:45', '2023-05-04 20:39:45'),
(7, 9, 2223, 42, 202704, 202722, 0, '2023-05-04 20:39:45', '2023-05-04 20:39:45'),
(7, 9, 2223, 43, 200801, 200819, 0, '2023-05-04 20:39:45', '2023-05-04 20:39:45'),
(7, 9, 2223, 44, 201838, 201856, 0, '2023-05-04 20:39:45', '2023-05-04 20:39:45'),
(7, 9, 2223, 46, 201819, 201837, 0, '2023-05-04 20:39:45', '2023-05-04 20:39:45'),
(7, 9, 2223, 49, 201591, 201609, 0, '2023-05-04 20:39:45', '2023-05-04 20:39:45'),
(7, 9, 2223, 52, 203160, 203178, 0, '2023-05-04 20:39:45', '2023-05-04 20:39:45'),
(7, 9, 2223, 53, 200326, 200344, 0, '2023-05-04 20:39:45', '2023-05-04 20:39:45'),
(7, 9, 2223, 54, 201857, 201875, 0, '2023-05-04 20:39:45', '2023-05-04 20:39:45'),
(7, 9, 2223, 56, 202856, 202874, 0, '2023-05-04 20:39:45', '2023-05-04 20:39:45'),
(7, 9, 2223, 57, 201572, 201590, 0, '2023-05-04 20:39:45', '2023-05-04 20:39:45'),
(7, 9, 2223, 58, 200383, 200401, 0, '2023-05-04 20:39:45', '2023-05-04 20:39:45'),
(7, 9, 2223, 59, 201743, 201761, 0, '2023-05-04 20:39:45', '2023-05-04 20:39:45'),
(7, 9, 2223, 61, 202210, 202228, 0, '2023-05-04 20:39:45', '2023-05-04 20:39:45'),
(7, 9, 2223, 62, 202058, 202076, 0, '2023-05-04 20:39:45', '2023-05-04 20:39:45'),
(7, 9, 2223, 63, 202115, 202133, 0, '2023-05-04 20:39:45', '2023-05-04 20:39:45'),
(7, 9, 2223, 67, 201192, 201210, 0, '2023-05-04 20:39:45', '2023-05-04 20:39:45'),
(7, 9, 2223, 71, 201287, 201305, 0, '2023-05-04 20:39:45', '2023-05-04 20:39:45'),
(7, 9, 2223, 72, 201382, 201400, 0, '2023-05-04 20:39:45', '2023-05-04 20:39:45'),
(7, 9, 2223, 73, 202153, 202171, 0, '2023-05-04 20:39:45', '2023-05-04 20:39:45'),
(7, 9, 2223, 74, 200155, 200173, 0, '2023-05-04 20:39:45', '2023-05-04 20:39:45'),
(7, 9, 2223, 75, 200630, 200648, 0, '2023-05-04 20:39:45', '2023-05-04 20:39:45'),
(7, 9, 2223, 77, 201800, 201818, 0, '2023-05-04 20:39:45', '2023-05-04 20:39:45'),
(7, 9, 2223, 78, 201876, 201894, 0, '2023-05-04 20:39:45', '2023-05-04 20:39:45'),
(7, 9, 2223, 81, 200858, 200876, 0, '2023-05-04 20:39:45', '2023-05-04 20:39:45'),
(7, 9, 2223, 82, 203179, 203197, 0, '2023-05-04 20:39:45', '2023-05-04 20:39:45'),
(7, 9, 2223, 83, 201268, 201286, 0, '2023-05-04 20:39:45', '2023-05-04 20:39:45'),
(7, 9, 2223, 84, 201762, 201780, 0, '2023-05-04 20:39:45', '2023-05-04 20:39:45'),
(7, 9, 2223, 86, 201895, 201913, 0, '2023-05-04 20:39:45', '2023-05-04 20:39:45'),
(7, 9, 2223, 88, 202590, 202608, 0, '2023-05-04 20:39:45', '2023-05-04 20:39:45'),
(7, 9, 2223, 90, 200839, 200857, 0, '2023-05-04 20:39:45', '2023-05-04 20:39:45'),
(7, 9, 2223, 92, 202932, 202950, 0, '2023-05-04 20:39:45', '2023-05-04 20:39:45'),
(7, 9, 2223, 93, 201477, 201495, 0, '2023-05-04 20:39:45', '2023-05-04 20:39:45'),
(7, 9, 2223, 94, 200440, 200458, 0, '2023-05-04 20:39:45', '2023-05-04 20:39:45'),
(7, 9, 2223, 95, 203008, 203026, 0, '2023-05-04 20:39:45', '2023-05-04 20:39:45'),
(7, 9, 2223, 96, 200953, 200971, 0, '2023-05-04 20:39:45', '2023-05-04 20:39:45'),
(7, 9, 2223, 97, 201781, 201799, 0, '2023-05-04 20:39:45', '2023-05-04 20:39:45'),
(7, 9, 2223, 101, 202552, 202570, 0, '2023-05-04 20:39:45', '2023-05-04 20:39:45'),
(7, 9, 2223, 102, 201496, 201514, 0, '2023-05-04 20:39:45', '2023-05-04 20:39:45'),
(7, 9, 2223, 104, 200250, 200268, 0, '2023-05-04 20:39:45', '2023-05-04 20:39:45'),
(7, 9, 2223, 105, 201211, 201229, 0, '2023-05-04 20:39:45', '2023-05-04 20:39:45'),
(7, 9, 2223, 113, 202229, 202247, 0, '2023-05-04 20:39:45', '2023-05-04 20:39:45'),
(7, 9, 2223, 114, 202362, 202380, 0, '2023-05-04 20:39:45', '2023-05-04 20:39:45'),
(7, 9, 2223, 116, 200649, 200667, 0, '2023-05-04 20:39:45', '2023-05-04 20:39:45'),
(7, 9, 2223, 117, 202324, 202342, 0, '2023-05-04 20:39:45', '2023-05-04 20:39:45'),
(7, 9, 2223, 118, 200193, 200211, 0, '2023-05-04 20:39:45', '2023-05-04 20:39:45'),
(7, 9, 2223, 119, 201629, 201647, 0, '2023-05-04 20:39:45', '2023-05-04 20:39:45'),
(7, 9, 2223, 121, 201420, 201438, 0, '2023-05-04 20:39:45', '2023-05-04 20:39:45'),
(7, 9, 2223, 122, 201705, 201723, 0, '2023-05-04 20:39:45', '2023-05-04 20:39:45'),
(7, 9, 2223, 123, 200934, 200952, 0, '2023-05-04 20:39:45', '2023-05-04 20:39:45'),
(7, 9, 2223, 124, 202134, 202152, 0, '2023-05-04 20:39:45', '2023-05-04 20:39:45'),
(7, 9, 2223, 126, 200535, 200553, 0, '2023-05-04 20:39:45', '2023-05-04 20:39:45'),
(7, 9, 2223, 127, 200763, 200781, 0, '2023-05-04 20:39:45', '2023-05-04 20:39:45'),
(7, 9, 2223, 133, 202685, 202703, 0, '2023-05-04 20:39:45', '2023-05-04 20:39:45'),
(7, 9, 2223, 135, 202191, 202209, 0, '2023-05-04 20:39:45', '2023-05-04 20:39:45'),
(7, 9, 2223, 136, 201306, 201324, 0, '2023-05-04 20:39:45', '2023-05-04 20:39:45'),
(7, 9, 2223, 137, 200972, 200990, 0, '2023-05-04 20:39:45', '2023-05-04 20:39:45'),
(7, 9, 2223, 138, 200991, 201009, 0, '2023-05-04 20:39:45', '2023-05-04 20:39:45'),
(7, 9, 2223, 143, 202837, 202855, 0, '2023-05-04 20:39:45', '2023-05-04 20:39:45'),
(7, 9, 2223, 144, 201105, 201123, 0, '2023-05-04 20:39:45', '2023-05-04 20:39:45'),
(7, 9, 2223, 146, 200554, 200572, 0, '2023-05-04 20:39:45', '2023-05-04 20:39:45'),
(7, 9, 2223, 147, 202343, 202361, 0, '2023-05-04 20:39:45', '2023-05-04 20:39:45'),
(7, 9, 2223, 149, 200136, 200154, 0, '2023-05-04 20:39:45', '2023-05-04 20:39:45'),
(7, 9, 2223, 150, 203065, 203083, 0, '2023-05-04 20:39:45', '2023-05-04 20:39:45'),
(7, 9, 2223, 152, 201124, 201142, 0, '2023-05-04 20:39:45', '2023-05-04 20:39:45'),
(7, 9, 2223, 153, 202077, 202095, 0, '2023-05-04 20:39:45', '2023-05-04 20:39:45'),
(7, 9, 2223, 155, 201982, 202000, 0, '2023-05-04 20:39:45', '2023-05-04 20:39:45'),
(7, 9, 2223, 157, 201230, 201248, 0, '2023-05-04 20:39:45', '2023-05-04 20:39:45'),
(7, 9, 2223, 158, 201439, 201457, 0, '2023-05-04 20:39:45', '2023-05-04 20:39:45'),
(7, 9, 2223, 159, 200288, 200306, 0, '2023-05-04 20:39:45', '2023-05-04 20:39:45'),
(7, 9, 2223, 161, 200231, 200249, 0, '2023-05-04 20:39:45', '2023-05-04 20:39:45'),
(7, 9, 2223, 162, 201648, 201666, 0, '2023-05-04 20:39:45', '2023-05-04 20:39:45'),
(7, 9, 2223, 163, 202267, 202285, 0, '2023-05-04 20:39:45', '2023-05-04 20:39:45'),
(7, 9, 2223, 164, 203084, 203102, 0, '2023-05-04 20:39:45', '2023-05-04 20:39:45'),
(7, 9, 2223, 166, 202780, 202798, 0, '2023-05-04 20:39:45', '2023-05-04 20:39:45'),
(7, 9, 2223, 167, 202476, 202494, 0, '2023-05-04 20:39:45', '2023-05-04 20:39:45'),
(7, 9, 2223, 169, 200725, 200743, 0, '2023-05-04 20:39:45', '2023-05-04 20:39:45'),
(7, 9, 2223, 170, 200117, 200135, 0, '2023-05-04 20:39:45', '2023-05-04 20:39:45'),
(7, 9, 2223, 171, 201458, 201476, 0, '2023-05-04 20:39:45', '2023-05-04 20:39:45'),
(7, 9, 2223, 172, 200421, 200439, 0, '2023-05-04 20:39:45', '2023-05-04 20:39:45'),
(7, 9, 2223, 173, 201952, 201962, 0, '2023-05-04 20:39:45', '2023-05-04 20:39:45'),
(7, 9, 2223, 174, 202020, 202038, 0, '2023-05-04 20:39:45', '2023-05-04 20:39:45'),
(7, 9, 2223, 175, 200174, 200192, 0, '2023-05-04 20:39:45', '2023-05-04 20:39:45'),
(7, 9, 2223, 176, 200877, 200895, 0, '2023-05-04 20:39:45', '2023-05-04 20:39:45'),
(7, 9, 2223, 178, 200459, 200477, 0, '2023-05-04 20:39:45', '2023-05-04 20:39:45'),
(7, 9, 2223, 180, 201086, 201104, 0, '2023-05-04 20:39:45', '2023-05-04 20:39:45'),
(7, 9, 2223, 181, 202723, 202741, 0, '2023-05-04 20:39:45', '2023-05-04 20:39:45'),
(7, 9, 2223, 182, 202875, 202893, 0, '2023-05-04 20:39:45', '2023-05-04 20:39:45'),
(7, 9, 2223, 183, 202457, 202475, 0, '2023-05-04 20:39:45', '2023-05-04 20:39:45'),
(7, 9, 2223, 184, 200402, 200420, 0, '2023-05-04 20:39:45', '2023-05-04 20:39:45'),
(7, 9, 2223, 185, 202628, 202646, 0, '2023-05-04 20:39:45', '2023-05-04 20:39:45'),
(7, 9, 2223, 187, 202096, 202114, 0, '2023-05-04 20:39:45', '2023-05-04 20:39:45'),
(7, 9, 2223, 188, 200478, 200496, 0, '2023-05-04 20:39:45', '2023-05-04 20:39:45'),
(7, 9, 2223, 193, 201610, 201628, 0, '2023-05-04 20:39:45', '2023-05-04 20:39:45'),
(7, 9, 2223, 195, 202400, 202418, 0, '2023-05-04 20:39:45', '2023-05-04 20:39:45'),
(7, 9, 2223, 196, 202894, 202912, 0, '2023-05-04 20:39:45', '2023-05-04 20:39:45'),
(7, 9, 2223, 199, 202514, 202532, 0, '2023-05-04 20:39:45', '2023-05-04 20:39:45'),
(7, 9, 2223, 203, 200345, 200363, 0, '2023-05-04 20:39:45', '2023-05-04 20:39:45'),
(7, 9, 2223, 205, 201162, 201180, 0, '2023-05-04 20:39:45', '2023-05-04 20:39:45'),
(7, 9, 2223, 207, 200611, 200629, 0, '2023-05-04 20:39:45', '2023-05-04 20:39:45'),
(7, 9, 2223, 209, 201344, 201362, 0, '2023-05-04 20:39:45', '2023-05-04 20:39:45'),
(7, 9, 2223, 215, 202913, 202931, 0, '2023-05-04 20:39:45', '2023-05-04 20:39:45'),
(7, 9, 2223, 218, 200744, 200762, 0, '2023-05-04 20:39:45', '2023-05-04 20:39:45'),
(7, 9, 2223, 219, 202286, 202304, 0, '2023-05-04 20:39:45', '2023-05-04 20:39:45'),
(7, 9, 2223, 221, 201048, 201066, 0, '2023-05-04 20:39:45', '2023-05-04 20:39:45'),
(7, 9, 2223, 222, 203255, 203273, 0, '2023-05-04 20:39:45', '2023-05-04 20:39:45'),
(7, 9, 2223, 223, 200307, 200325, 0, '2023-05-04 20:39:45', '2023-05-04 20:39:45'),
(7, 9, 2223, 224, 202647, 202665, 0, '2023-05-04 20:39:45', '2023-05-04 20:39:45'),
(7, 9, 2223, 225, 201933, 201951, 0, '2023-05-04 20:39:45', '2023-05-04 20:39:45'),
(7, 9, 2223, 226, 203198, 203216, 0, '2023-05-04 20:39:45', '2023-05-04 20:39:45'),
(7, 9, 2223, 227, 202799, 202817, 0, '2023-05-04 20:39:45', '2023-05-04 20:39:45'),
(7, 9, 2223, 232, 201325, 201343, 0, '2023-05-04 20:39:45', '2023-05-04 20:39:45'),
(7, 9, 2223, 233, 202495, 202513, 0, '2023-05-04 20:39:45', '2023-05-04 20:39:45'),
(7, 9, 2223, 236, 200896, 200914, 0, '2023-05-04 20:39:45', '2023-05-04 20:39:45'),
(7, 9, 2223, 238, 202571, 202589, 0, '2023-05-04 20:39:45', '2023-05-04 20:39:45'),
(7, 9, 2223, 239, 202761, 202779, 0, '2023-05-04 20:39:45', '2023-05-04 20:39:45'),
(7, 9, 2223, 243, 203122, 203140, 0, '2023-05-04 20:39:45', '2023-05-04 20:39:45'),
(7, 9, 2223, 244, 201363, 201381, 0, '2023-05-04 20:39:45', '2023-05-04 20:39:45'),
(7, 9, 2223, 245, 201724, 201742, 0, '2023-05-04 20:39:45', '2023-05-04 20:39:45'),
(7, 9, 2223, 247, 201667, 201685, 0, '2023-05-04 20:39:45', '2023-05-04 20:39:45'),
(7, 9, 2223, 248, 200497, 200515, 0, '2023-05-04 20:39:45', '2023-05-04 20:39:45'),
(7, 9, 2223, 250, 202951, 202969, 0, '2023-05-04 20:39:45', '2023-05-04 20:39:45'),
(7, 9, 2223, 251, 200573, 200591, 0, '2023-05-04 20:39:45', '2023-05-04 20:39:45'),
(7, 9, 2223, 252, 200592, 200610, 0, '2023-05-04 20:39:45', '2023-05-04 20:39:45'),
(7, 9, 2223, 254, 201010, 201028, 0, '2023-05-04 20:39:45', '2023-05-04 20:39:45'),
(7, 9, 2223, 255, 202818, 202836, 0, '2023-05-04 20:39:45', '2023-05-04 20:39:45'),
(7, 9, 2223, 257, 200820, 200838, 0, '2023-05-04 20:39:45', '2023-05-04 20:39:45'),
(7, 9, 2223, 258, 201143, 201161, 0, '2023-05-04 20:39:45', '2023-05-04 20:39:45'),
(7, 9, 2223, 259, 203046, 203064, 0, '2023-05-04 20:39:45', '2023-05-04 20:39:45'),
(7, 9, 2223, 261, 203103, 203121, 0, '2023-05-04 20:39:45', '2023-05-04 20:39:45'),
(7, 9, 2223, 262, 201029, 201047, 0, '2023-05-04 20:39:45', '2023-05-04 20:39:45'),
(7, 9, 2223, 265, 201181, 201191, 0, '2023-05-04 20:39:45', '2023-05-04 20:39:45'),
(7, 9, 2223, 267, 202970, 202988, 0, '2023-05-04 20:39:45', '2023-05-04 20:39:45'),
(7, 9, 2223, 270, 201914, 201932, 0, '2023-05-04 20:39:45', '2023-05-04 20:39:45'),
(7, 9, 2223, 272, 202248, 202266, 0, '2023-05-04 20:39:45', '2023-05-04 20:39:45'),
(7, 9, 2223, 273, 201067, 201085, 0, '2023-05-04 20:39:45', '2023-05-04 20:39:45'),
(7, 9, 2223, 274, 202172, 202190, 0, '2023-05-04 20:39:45', '2023-05-04 20:39:45'),
(7, 9, 2223, 275, 200516, 200534, 0, '2023-05-04 20:39:45', '2023-05-04 20:39:45'),
(7, 9, 2223, 276, 203217, 203235, 0, '2023-05-04 20:39:45', '2023-05-04 20:39:45'),
(7, 9, 2223, 279, 202666, 202684, 0, '2023-05-04 20:39:45', '2023-05-04 20:39:45'),
(7, 9, 2223, 280, 202533, 202551, 0, '2023-05-04 20:39:45', '2023-05-04 20:39:45'),
(7, 9, 2223, 281, 200364, 200382, 0, '2023-05-04 20:39:45', '2023-05-04 20:39:45'),
(7, 9, 2223, 282, 203236, 203254, 0, '2023-05-04 20:39:45', '2023-05-04 20:39:45'),
(7, 9, 2223, 285, 201553, 201571, 0, '2023-05-04 20:39:45', '2023-05-04 20:39:45'),
(7, 9, 2223, 289, 203312, 203330, 0, '2023-05-05 21:29:54', '2023-05-05 21:29:54'),
(7, 9, 2223, 290, 203331, 203349, 0, '2023-05-05 21:29:54', '2023-05-05 21:29:54'),
(7, 9, 2223, 291, 203274, 203292, 0, '2023-05-05 21:29:54', '2023-05-05 21:29:54'),
(7, 9, 2223, 292, 203293, 203311, 0, '2023-05-05 21:29:54', '2023-05-05 21:29:54'),
(8, 9, 2223, 1, 204160, 204169, 0, '2023-05-31 21:34:50', '2023-05-31 21:34:50'),
(8, 9, 2223, 2, 204150, 204159, 0, '2023-05-31 21:34:50', '2023-05-31 21:34:50'),
(8, 9, 2223, 4, 203800, 203809, 0, '2023-05-31 21:34:50', '2023-05-31 21:34:50'),
(8, 9, 2223, 5, 203410, 203429, 0, '2023-05-31 21:34:50', '2023-05-31 21:34:50'),
(8, 9, 2223, 11, 205045, 205054, 0, '2023-05-31 21:34:50', '2023-05-31 21:34:50'),
(8, 9, 2223, 12, 203730, 203729, 0, '2023-05-31 21:34:50', '2023-05-31 21:34:50'),
(8, 9, 2223, 14, 204590, 204599, 0, '2023-05-31 21:34:50', '2023-05-31 21:34:50'),
(8, 9, 2223, 16, 204620, 204629, 0, '2023-05-31 21:34:50', '2023-05-31 21:34:50'),
(8, 9, 2223, 17, 203450, 203459, 0, '2023-05-31 21:34:50', '2023-05-31 21:34:50'),
(8, 9, 2223, 19, 204730, 204739, 0, '2023-05-31 21:34:50', '2023-05-31 21:34:50'),
(8, 9, 2223, 20, 204390, 204399, 0, '2023-05-31 21:34:50', '2023-05-31 21:34:50'),
(8, 9, 2223, 21, 204610, 204619, 0, '2023-05-31 21:34:50', '2023-05-31 21:34:50'),
(8, 9, 2223, 22, 204220, 204229, 0, '2023-05-31 21:34:50', '2023-05-31 21:34:50'),
(8, 9, 2223, 24, 204070, 204079, 0, '2023-05-31 21:34:50', '2023-05-31 21:34:50'),
(8, 9, 2223, 25, 204810, 204819, 0, '2023-05-31 21:34:50', '2023-05-31 21:34:50'),
(8, 9, 2223, 27, 204975, 204994, 0, '2023-05-31 21:34:50', '2023-05-31 21:34:50'),
(8, 9, 2223, 30, 204955, 204964, 0, '2023-05-31 21:34:50', '2023-05-31 21:34:50'),
(8, 9, 2223, 31, 203990, 203999, 0, '2023-05-31 21:34:50', '2023-05-31 21:34:50'),
(8, 9, 2223, 32, 204360, 204369, 0, '2023-05-31 21:34:50', '2023-05-31 21:34:50'),
(8, 9, 2223, 33, 204550, 204559, 0, '2023-05-31 21:34:50', '2023-05-31 21:34:50'),
(8, 9, 2223, 36, 204400, 204409, 0, '2023-05-31 21:34:50', '2023-05-31 21:34:50'),
(8, 9, 2223, 39, 203680, 203689, 0, '2023-05-31 21:34:50', '2023-05-31 21:34:50'),
(8, 9, 2223, 40, 203660, 203669, 0, '2023-05-31 21:34:50', '2023-05-31 21:34:50'),
(8, 9, 2223, 41, 203670, 203679, 0, '2023-05-31 21:34:50', '2023-05-31 21:34:50'),
(8, 9, 2223, 42, 204780, 204789, 0, '2023-05-31 21:34:50', '2023-05-31 21:34:50'),
(8, 9, 2223, 43, 203730, 203739, 0, '2023-05-31 21:34:50', '2023-05-31 21:34:50'),
(8, 9, 2223, 44, 204310, 204319, 0, '2023-05-31 21:34:50', '2023-05-31 21:34:50'),
(8, 9, 2223, 46, 204300, 204309, 0, '2023-05-31 21:34:50', '2023-05-31 21:34:50'),
(8, 9, 2223, 49, 204180, 204189, 0, '2023-05-31 21:34:50', '2023-05-31 21:34:50'),
(8, 9, 2223, 52, 205055, 205064, 0, '2023-05-31 21:34:50', '2023-05-31 21:34:50'),
(8, 9, 2223, 53, 203480, 203489, 0, '2023-05-31 21:34:50', '2023-05-31 21:34:50'),
(8, 9, 2223, 54, 204320, 204329, 0, '2023-05-31 21:34:50', '2023-05-31 21:34:50'),
(8, 9, 2223, 56, 204870, 204879, 0, '2023-05-31 21:34:50', '2023-05-31 21:34:50'),
(8, 9, 2223, 57, 204170, 204179, 0, '2023-05-31 21:34:50', '2023-05-31 21:34:50'),
(8, 9, 2223, 58, 203520, 203529, 0, '2023-05-31 21:34:50', '2023-05-31 21:34:50'),
(8, 9, 2223, 59, 204260, 204269, 0, '2023-05-31 21:34:50', '2023-05-31 21:34:50'),
(8, 9, 2223, 61, 204490, 204499, 0, '2023-05-31 21:34:50', '2023-05-31 21:34:50'),
(8, 9, 2223, 62, 204410, 204419, 0, '2023-05-31 21:34:50', '2023-05-31 21:34:50'),
(8, 9, 2223, 63, 204440, 204449, 0, '2023-05-31 21:34:50', '2023-05-31 21:34:50'),
(8, 9, 2223, 67, 203950, 203959, 0, '2023-05-31 21:34:50', '2023-05-31 21:34:50'),
(8, 9, 2223, 71, 204010, 204009, 0, '2023-05-31 21:34:50', '2023-05-31 21:34:50'),
(8, 9, 2223, 72, 204060, 204069, 0, '2023-05-31 21:34:50', '2023-05-31 21:34:50'),
(8, 9, 2223, 73, 204470, 204479, 0, '2023-05-31 21:34:50', '2023-05-31 21:34:50'),
(8, 9, 2223, 74, 203390, 203389, 0, '2023-05-31 21:34:50', '2023-05-31 21:34:50'),
(8, 9, 2223, 75, 203640, 203649, 0, '2023-05-31 21:34:50', '2023-05-31 21:34:50'),
(8, 9, 2223, 77, 204290, 204299, 0, '2023-05-31 21:34:50', '2023-05-31 21:34:50'),
(8, 9, 2223, 78, 204330, 204339, 0, '2023-05-31 21:34:50', '2023-05-31 21:34:50'),
(8, 9, 2223, 81, 203760, 203769, 0, '2023-05-31 21:34:50', '2023-05-31 21:34:50'),
(8, 9, 2223, 82, 205065, 205084, 0, '2023-05-31 21:34:50', '2023-05-31 21:34:50'),
(8, 9, 2223, 83, 204000, 204009, 0, '2023-05-31 21:34:50', '2023-05-31 21:34:50'),
(8, 9, 2223, 84, 204270, 204279, 0, '2023-05-31 21:34:50', '2023-05-31 21:34:50'),
(8, 9, 2223, 86, 204340, 204349, 0, '2023-05-31 21:34:50', '2023-05-31 21:34:50'),
(8, 9, 2223, 88, 204710, 204729, 0, '2023-05-31 21:34:50', '2023-05-31 21:34:50'),
(8, 9, 2223, 90, 203750, 203759, 0, '2023-05-31 21:34:50', '2023-05-31 21:34:50'),
(8, 9, 2223, 92, 204920, 204929, 0, '2023-05-31 21:34:50', '2023-05-31 21:34:50'),
(8, 9, 2223, 93, 204120, 204139, 0, '2023-05-31 21:34:50', '2023-05-31 21:34:50'),
(8, 9, 2223, 94, 203550, 203559, 0, '2023-05-31 21:34:50', '2023-05-31 21:34:50'),
(8, 9, 2223, 95, 204965, 204974, 0, '2023-05-31 21:34:50', '2023-05-31 21:34:50'),
(8, 9, 2223, 96, 203820, 203829, 0, '2023-05-31 21:34:50', '2023-05-31 21:34:50'),
(8, 9, 2223, 97, 204280, 204289, 0, '2023-05-31 21:34:50', '2023-05-31 21:34:50'),
(8, 9, 2223, 101, 204690, 204699, 0, '2023-05-31 21:34:50', '2023-05-31 21:34:50'),
(8, 9, 2223, 102, 204140, 204149, 0, '2023-05-31 21:34:50', '2023-05-31 21:34:50'),
(8, 9, 2223, 104, 203440, 203449, 0, '2023-05-31 21:34:50', '2023-05-31 21:34:50'),
(8, 9, 2223, 105, 203960, 203979, 0, '2023-05-31 21:34:50', '2023-05-31 21:34:50'),
(8, 9, 2223, 113, 204500, 204509, 0, '2023-05-31 21:34:50', '2023-05-31 21:34:50'),
(8, 9, 2223, 114, 204570, 204589, 0, '2023-05-31 21:34:50', '2023-05-31 21:34:50'),
(8, 9, 2223, 116, 203650, 203659, 0, '2023-05-31 21:34:50', '2023-05-31 21:34:50'),
(8, 9, 2223, 117, 204560, 204559, 0, '2023-05-31 21:34:50', '2023-05-31 21:34:50'),
(8, 9, 2223, 118, 203400, 203409, 0, '2023-05-31 21:34:50', '2023-05-31 21:34:50'),
(8, 9, 2223, 119, 204200, 204199, 0, '2023-05-31 21:34:50', '2023-05-31 21:34:50'),
(8, 9, 2223, 121, 204080, 204099, 0, '2023-05-31 21:34:50', '2023-05-31 21:34:50'),
(8, 9, 2223, 122, 204230, 204249, 0, '2023-05-31 21:34:50', '2023-05-31 21:34:50'),
(8, 9, 2223, 123, 203810, 203819, 0, '2023-05-31 21:34:50', '2023-05-31 21:34:50'),
(8, 9, 2223, 124, 204450, 204459, 0, '2023-05-31 21:34:50', '2023-05-31 21:34:50'),
(8, 9, 2223, 126, 203590, 203599, 0, '2023-05-31 21:34:50', '2023-05-31 21:34:50'),
(8, 9, 2223, 127, 203720, 203729, 0, '2023-05-31 21:34:50', '2023-05-31 21:34:50'),
(8, 9, 2223, 133, 204770, 204779, 0, '2023-05-31 21:34:50', '2023-05-31 21:34:50'),
(8, 9, 2223, 135, 205145, 205164, 0, '2023-06-27 19:45:18', '2023-06-27 19:45:18'),
(8, 9, 2223, 136, 204010, 204009, 0, '2023-05-31 21:34:50', '2023-05-31 21:34:50'),
(8, 9, 2223, 137, 203830, 203829, 0, '2023-05-31 21:34:50', '2023-05-31 21:34:50'),
(8, 9, 2223, 138, 203830, 203839, 0, '2023-05-31 21:34:50', '2023-05-31 21:34:50'),
(8, 9, 2223, 143, 204860, 204869, 0, '2023-05-31 21:34:50', '2023-05-31 21:34:50'),
(8, 9, 2223, 144, 203890, 203899, 0, '2023-05-31 21:34:50', '2023-05-31 21:34:50'),
(8, 9, 2223, 146, 203600, 203609, 0, '2023-05-31 21:34:50', '2023-05-31 21:34:50'),
(8, 9, 2223, 147, 204560, 204569, 0, '2023-05-31 21:34:50', '2023-05-31 21:34:50'),
(8, 9, 2223, 149, 203370, 203389, 0, '2023-05-31 21:34:50', '2023-05-31 21:34:50'),
(8, 9, 2223, 150, 205005, 205014, 0, '2023-05-31 21:34:50', '2023-05-31 21:34:50'),
(8, 9, 2223, 152, 203900, 203909, 0, '2023-05-31 21:34:50', '2023-05-31 21:34:50'),
(8, 9, 2223, 153, 204420, 204429, 0, '2023-05-31 21:34:50', '2023-05-31 21:34:50'),
(8, 9, 2223, 155, 204380, 204389, 0, '2023-05-31 21:34:50', '2023-05-31 21:34:50'),
(8, 9, 2223, 157, 203980, 203989, 0, '2023-05-31 21:34:50', '2023-05-31 21:34:50'),
(8, 9, 2223, 158, 204100, 204099, 0, '2023-05-31 21:34:50', '2023-05-31 21:34:50'),
(8, 9, 2223, 159, 203460, 203469, 0, '2023-05-31 21:34:50', '2023-05-31 21:34:50'),
(8, 9, 2223, 161, 203430, 203439, 0, '2023-05-31 21:34:50', '2023-05-31 21:34:50'),
(8, 9, 2223, 162, 204200, 204209, 0, '2023-05-31 21:34:50', '2023-05-31 21:34:50'),
(8, 9, 2223, 163, 204520, 204529, 0, '2023-05-31 21:34:50', '2023-05-31 21:34:50'),
(8, 9, 2223, 164, 205015, 205024, 0, '2023-05-31 21:34:50', '2023-05-31 21:34:50'),
(8, 9, 2223, 166, 204830, 204839, 0, '2023-05-31 21:34:50', '2023-05-31 21:34:50'),
(8, 9, 2223, 167, 204640, 204639, 0, '2023-05-31 21:34:50', '2023-05-31 21:34:50'),
(8, 9, 2223, 169, 203690, 203699, 0, '2023-05-31 21:34:50', '2023-05-31 21:34:50'),
(8, 9, 2223, 170, 203350, 203369, 0, '2023-05-31 21:34:50', '2023-05-31 21:34:50'),
(8, 9, 2223, 171, 204100, 204119, 0, '2023-05-31 21:34:50', '2023-05-31 21:34:50'),
(8, 9, 2223, 172, 203540, 203549, 0, '2023-05-31 21:34:50', '2023-05-31 21:34:50'),
(8, 9, 2223, 173, 204360, 204359, 0, '2023-05-31 21:34:50', '2023-05-31 21:34:50'),
(8, 9, 2223, 174, 204400, 204399, 0, '2023-05-31 21:34:50', '2023-05-31 21:34:50'),
(8, 9, 2223, 175, 203390, 203399, 0, '2023-05-31 21:34:50', '2023-05-31 21:34:50'),
(8, 9, 2223, 176, 203770, 203789, 0, '2023-05-31 21:34:50', '2023-05-31 21:34:50'),
(8, 9, 2223, 178, 203560, 203559, 0, '2023-05-31 21:34:50', '2023-05-31 21:34:50'),
(8, 9, 2223, 180, 203880, 203889, 0, '2023-05-31 21:34:50', '2023-05-31 21:34:50'),
(8, 9, 2223, 181, 204790, 204809, 0, '2023-05-31 21:34:50', '2023-05-31 21:34:50'),
(8, 9, 2223, 182, 204880, 204889, 0, '2023-05-31 21:34:50', '2023-05-31 21:34:50'),
(8, 9, 2223, 183, 204630, 204639, 0, '2023-05-31 21:34:50', '2023-05-31 21:34:50'),
(8, 9, 2223, 184, 203530, 203539, 0, '2023-05-31 21:34:50', '2023-05-31 21:34:50'),
(8, 9, 2223, 185, 204750, 204759, 0, '2023-05-31 21:34:50', '2023-05-31 21:34:50'),
(8, 9, 2223, 187, 204430, 204439, 0, '2023-05-31 21:34:50', '2023-05-31 21:34:50'),
(8, 9, 2223, 188, 203560, 203569, 0, '2023-05-31 21:34:50', '2023-05-31 21:34:50'),
(8, 9, 2223, 193, 204190, 204199, 0, '2023-05-31 21:34:50', '2023-05-31 21:34:50'),
(8, 9, 2223, 195, 204600, 204609, 0, '2023-05-31 21:34:50', '2023-05-31 21:34:50'),
(8, 9, 2223, 196, 204890, 204909, 0, '2023-05-31 21:34:50', '2023-05-31 21:34:50'),
(8, 9, 2223, 199, 204650, 204669, 0, '2023-05-31 21:34:50', '2023-05-31 21:34:50'),
(8, 9, 2223, 203, 203490, 203509, 0, '2023-05-31 21:34:50', '2023-05-31 21:34:50'),
(8, 9, 2223, 205, 203920, 203929, 0, '2023-05-31 21:34:50', '2023-05-31 21:34:50'),
(8, 9, 2223, 207, 203630, 203639, 0, '2023-05-31 21:34:50', '2023-05-31 21:34:50'),
(8, 9, 2223, 209, 204020, 204039, 0, '2023-05-31 21:34:50', '2023-05-31 21:34:50'),
(8, 9, 2223, 215, 204910, 204919, 0, '2023-05-31 21:34:50', '2023-05-31 21:34:50'),
(8, 9, 2223, 218, 203700, 203719, 0, '2023-05-31 21:34:50', '2023-05-31 21:34:50'),
(8, 9, 2223, 219, 204530, 204549, 0, '2023-05-31 21:34:50', '2023-05-31 21:34:50'),
(8, 9, 2223, 221, 203860, 203869, 0, '2023-05-31 21:34:50', '2023-05-31 21:34:50'),
(8, 9, 2223, 222, 205115, 205124, 0, '2023-05-31 21:34:50', '2023-05-31 21:34:50'),
(8, 9, 2223, 223, 203470, 203479, 0, '2023-05-31 21:34:50', '2023-05-31 21:34:50'),
(8, 9, 2223, 224, 205165, 205184, 0, '2023-06-27 19:45:18', '2023-06-27 19:45:18'),
(8, 9, 2223, 225, 205125, 205144, 0, '2023-06-27 19:45:18', '2023-06-27 19:45:18'),
(8, 9, 2223, 226, 205085, 205094, 0, '2023-05-31 21:34:50', '2023-05-31 21:34:50'),
(8, 9, 2223, 227, 204840, 204849, 0, '2023-05-31 21:34:50', '2023-05-31 21:34:50'),
(8, 9, 2223, 232, 204010, 204019, 0, '2023-05-31 21:34:50', '2023-05-31 21:34:50'),
(8, 9, 2223, 233, 204640, 204649, 0, '2023-05-31 21:34:50', '2023-05-31 21:34:50'),
(8, 9, 2223, 236, 203790, 203789, 0, '2023-05-31 21:34:50', '2023-05-31 21:34:50'),
(8, 9, 2223, 238, 204700, 204709, 0, '2023-05-31 21:34:50', '2023-05-31 21:34:50'),
(8, 9, 2223, 239, 204820, 204829, 0, '2023-05-31 21:34:50', '2023-05-31 21:34:50'),
(8, 9, 2223, 243, 205035, 205044, 0, '2023-05-31 21:34:50', '2023-05-31 21:34:50'),
(8, 9, 2223, 244, 204040, 204059, 0, '2023-05-31 21:34:50', '2023-05-31 21:34:50'),
(8, 9, 2223, 245, 204250, 204259, 0, '2023-05-31 21:34:50', '2023-05-31 21:34:50'),
(8, 9, 2223, 247, 204210, 204219, 0, '2023-05-31 21:34:50', '2023-05-31 21:34:50'),
(8, 9, 2223, 248, 203570, 203579, 0, '2023-05-31 21:34:50', '2023-05-31 21:34:50'),
(8, 9, 2223, 250, 204930, 204949, 0, '2023-05-31 21:34:50', '2023-05-31 21:34:50'),
(8, 9, 2223, 251, 203610, 203619, 0, '2023-05-31 21:34:50', '2023-05-31 21:34:50'),
(8, 9, 2223, 252, 203620, 203629, 0, '2023-05-31 21:34:50', '2023-05-31 21:34:50'),
(8, 9, 2223, 254, 203840, 203849, 0, '2023-05-31 21:34:50', '2023-05-31 21:34:50'),
(8, 9, 2223, 255, 204850, 204859, 0, '2023-05-31 21:34:50', '2023-05-31 21:34:50'),
(8, 9, 2223, 257, 203740, 203749, 0, '2023-05-31 21:34:50', '2023-05-31 21:34:50'),
(8, 9, 2223, 258, 203910, 203919, 0, '2023-05-31 21:34:50', '2023-05-31 21:34:50'),
(8, 9, 2223, 259, 204995, 205004, 0, '2023-05-31 21:34:50', '2023-05-31 21:34:50'),
(8, 9, 2223, 261, 205025, 205034, 0, '2023-05-31 21:34:50', '2023-05-31 21:34:50'),
(8, 9, 2223, 262, 203850, 203859, 0, '2023-05-31 21:34:50', '2023-05-31 21:34:50'),
(8, 9, 2223, 265, 203950, 203949, 0, '2023-05-31 21:34:50', '2023-05-31 21:34:50'),
(8, 9, 2223, 267, 204950, 204954, 0, '2023-05-31 21:34:50', '2023-05-31 21:34:50'),
(8, 9, 2223, 270, 204350, 204359, 0, '2023-05-31 21:34:50', '2023-05-31 21:34:50'),
(8, 9, 2223, 272, 204510, 204519, 0, '2023-05-31 21:34:50', '2023-05-31 21:34:50'),
(8, 9, 2223, 273, 203870, 203879, 0, '2023-05-31 21:34:50', '2023-05-31 21:34:50'),
(8, 9, 2223, 274, 204480, 204489, 0, '2023-05-31 21:34:50', '2023-05-31 21:34:50'),
(8, 9, 2223, 275, 203580, 203589, 0, '2023-05-31 21:34:50', '2023-05-31 21:34:50'),
(8, 9, 2223, 276, 205095, 205104, 0, '2023-05-31 21:34:50', '2023-05-31 21:34:50'),
(8, 9, 2223, 279, 204760, 204769, 0, '2023-05-31 21:34:50', '2023-05-31 21:34:50'),
(8, 9, 2223, 280, 204670, 204689, 0, '2023-05-31 21:34:50', '2023-05-31 21:34:50'),
(8, 9, 2223, 281, 203510, 203519, 0, '2023-05-31 21:34:50', '2023-05-31 21:34:50'),
(8, 9, 2223, 282, 205105, 205114, 0, '2023-05-31 21:34:50', '2023-05-31 21:34:50'),
(8, 9, 2223, 285, 204170, 204169, 0, '2023-05-31 21:34:50', '2023-05-31 21:34:50'),
(8, 9, 2223, 289, 204460, 204469, 0, '2023-05-31 21:34:50', '2023-05-31 21:34:50'),
(8, 9, 2223, 290, 204740, 204749, 0, '2023-05-31 21:34:50', '2023-05-31 21:34:50'),
(8, 9, 2223, 291, 203790, 203799, 0, '2023-05-31 21:34:50', '2023-05-31 21:34:50'),
(8, 9, 2223, 292, 204370, 204379, 0, '2023-05-31 21:34:50', '2023-05-31 21:34:50'),
(8, 9, 2223, 294, 203930, 203949, 0, '2023-05-31 21:34:50', '2023-05-31 21:34:50');

-- --------------------------------------------------------

--
-- Estructura de tabla para la tabla `boletos_paquetes`
--

CREATE TABLE `boletos_paquetes` (
  `id_paquete` int(10) UNSIGNED NOT NULL,
  `id_ciclo` int(11) NOT NULL,
  `folio_inicial` bigint(20) NOT NULL,
  `folio_final` bigint(20) NOT NULL,
  `ult_folio_asignado` int(11) NOT NULL,
  `folios_disponibles` int(11) NOT NULL,
  `created_at` timestamp NULL DEFAULT NULL,
  `updated_at` timestamp NULL DEFAULT NULL
) ENGINE=InnoDB DEFAULT CHARSET=utf8mb4 COLLATE=utf8mb4_unicode_ci;

--
-- Volcado de datos para la tabla `boletos_paquetes`
--

INSERT INTO `boletos_paquetes` (`id_paquete`, `id_ciclo`, `folio_inicial`, `folio_final`, `ult_folio_asignado`, `folios_disponibles`, `created_at`, `updated_at`) VALUES
(1, 2223, 5473, 8600, 8600, 0, '2022-11-28 17:51:44', '2023-01-10 20:41:28'),
(2, 2223, 6769, 6784, 6784, 0, '2022-12-02 17:29:17', '2022-12-02 21:07:12'),
(3, 2223, 105501, 106858, 106858, 0, '2023-01-10 18:23:43', '2023-01-11 15:57:18'),
(4, 2223, 8601, 9500, 9500, 0, '2023-02-01 21:09:11', '2023-02-01 21:49:17'),
(5, 2223, 106859, 106868, 106868, 0, '2023-02-01 21:16:05', '2023-02-01 21:16:05'),
(6, 2223, 106869, 108600, 108600, 0, '2023-02-01 21:18:31', '2023-03-30 21:06:10'),
(7, 2223, 107049, 107063, 107063, 0, '2023-02-16 20:53:49', '2023-02-16 21:21:22'),
(8, 2223, 9501, 14500, 14500, 0, '2023-03-02 20:51:13', '2023-03-30 21:06:10'),
(9, 2223, 200001, 210000, 205184, 4816, '2023-03-30 20:52:57', '2023-06-27 19:45:18');

-- --------------------------------------------------------

--
-- Estructura de tabla para la tabla `boletos_remesas`
--

CREATE TABLE `boletos_remesas` (
  `id_remesa` int(10) UNSIGNED NOT NULL,
  `id_ciclo` int(11) NOT NULL,
  `fecha` date NOT NULL,
  `descripcion` varchar(50) NOT NULL,
  `descripcion_apoyos` varchar(50) DEFAULT NULL,
  `realizada` tinyint(1) NOT NULL DEFAULT 0,
  `con_tantos` tinyint(1) NOT NULL DEFAULT 0,
  `created_at` timestamp NULL DEFAULT NULL,
  `updated_at` timestamp NULL DEFAULT NULL
) ENGINE=InnoDB DEFAULT CHARSET=utf8mb4 COLLATE=utf8mb4_unicode_ci;

--
-- Volcado de datos para la tabla `boletos_remesas`
--

INSERT INTO `boletos_remesas` (`id_remesa`, `id_ciclo`, `fecha`, `descripcion`, `descripcion_apoyos`, `realizada`, `con_tantos`, `created_at`, `updated_at`) VALUES
(1, 2223, '2022-12-03', 'DIC. 2022', 'NOVIEMBRE 2022', 1, 1, '2022-11-25 21:25:10', '2023-01-10 18:29:54'),
(2, 2223, '2022-12-23', 'DIC. 2022 PT. 2', 'DICIEMBRE 2022', 1, 0, '2022-12-19 19:41:58', '2023-01-17 21:18:59'),
(3, 2223, '2023-01-14', 'ENERO 2023', NULL, 1, 1, '2023-01-10 18:29:44', '2023-01-17 21:19:04'),
(4, 2223, '2023-02-04', 'FEBRERO 2023', NULL, 0, 1, '2023-02-01 16:49:04', '2023-02-01 21:20:11'),
(5, 2223, '2023-03-04', 'MAR. 23', NULL, 0, 1, '2023-03-02 18:16:59', '2023-03-02 20:55:44'),
(6, 2223, '2023-04-01', 'ABR. 2023', NULL, 0, 1, '2023-03-30 20:48:40', '2023-03-30 21:02:02'),
(7, 2223, '2023-05-06', 'MAY. 23', NULL, 0, 1, '2023-05-03 17:53:54', '2023-05-03 17:56:29'),
(8, 2223, '2023-06-03', 'JUN. 2023', NULL, 0, 1, '2023-05-31 21:22:00', '2023-05-31 21:22:51');

-- --------------------------------------------------------

--
-- Estructura de tabla para la tabla `boletos_tantos`
--

CREATE TABLE `boletos_tantos` (
  `id_remesa` int(10) UNSIGNED NOT NULL,
  `id_ciclo` int(11) NOT NULL,
  `cve_escuela` int(10) UNSIGNED NOT NULL,
  `cantidad_folios` int(11) NOT NULL,
  `created_at` timestamp NULL DEFAULT NULL,
  `updated_at` timestamp NULL DEFAULT NULL
) ENGINE=InnoDB DEFAULT CHARSET=utf8mb4 COLLATE=utf8mb4_unicode_ci;

--
-- Volcado de datos para la tabla `boletos_tantos`
--

INSERT INTO `boletos_tantos` (`id_remesa`, `id_ciclo`, `cve_escuela`, `cantidad_folios`, `created_at`, `updated_at`) VALUES
(1, 2223, 1, 16, '2022-11-28 17:52:19', '2022-11-28 17:52:19'),
(1, 2223, 2, 16, '2022-11-28 17:52:19', '2022-11-28 17:52:19'),
(1, 2223, 3, 16, '2022-11-28 17:52:19', '2022-11-28 17:52:19'),
(1, 2223, 4, 16, '2022-11-28 17:52:19', '2022-11-28 17:52:19'),
(1, 2223, 6, 16, '2022-11-28 17:52:19', '2022-11-28 17:52:19'),
(1, 2223, 7, 16, '2022-11-28 17:52:19', '2022-11-28 17:52:19'),
(1, 2223, 11, 16, '2022-11-28 17:52:19', '2022-11-28 17:52:19'),
(1, 2223, 17, 16, '2022-11-28 17:52:19', '2022-11-28 17:52:19'),
(1, 2223, 28, 16, '2022-11-28 17:52:19', '2022-11-28 17:52:19'),
(1, 2223, 29, 16, '2022-11-28 17:52:19', '2022-11-28 17:52:19'),
(1, 2223, 999, 16, '2022-11-28 17:52:19', '2022-11-28 17:52:19'),
(1, 2223, 1000, 16, '2022-11-28 17:52:19', '2022-11-28 17:52:19'),
(3, 2223, 1, 7, '2023-01-10 20:38:56', '2023-01-10 20:38:56'),
(3, 2223, 2, 12, '2023-01-10 20:38:56', '2023-01-10 20:39:12'),
(3, 2223, 3, 14, '2023-01-10 20:38:56', '2023-01-10 20:39:22'),
(3, 2223, 4, 2, '2023-01-10 20:38:56', '2023-01-10 20:39:37'),
(3, 2223, 5, 14, '2023-01-11 16:08:04', '2023-01-11 16:08:04'),
(3, 2223, 6, 10, '2023-01-10 20:38:56', '2023-01-10 20:39:56'),
(3, 2223, 7, 15, '2023-01-10 20:38:56', '2023-01-10 20:38:56'),
(3, 2223, 11, 15, '2023-01-10 20:38:56', '2023-01-10 20:38:56'),
(3, 2223, 17, 10, '2023-01-10 20:38:56', '2023-01-10 20:40:27'),
(3, 2223, 28, 15, '2023-01-10 20:38:56', '2023-01-10 20:38:56'),
(3, 2223, 29, 20, '2023-01-10 20:38:56', '2023-01-10 20:40:12'),
(3, 2223, 999, 15, '2023-01-10 20:38:56', '2023-01-10 20:38:56'),
(3, 2223, 1000, 15, '2023-01-10 20:38:56', '2023-01-10 20:38:56'),
(4, 2223, 1, 15, '2023-02-01 21:20:11', '2023-02-01 21:20:11'),
(4, 2223, 2, 15, '2023-02-03 20:59:03', '2023-02-03 20:59:03'),
(4, 2223, 3, 15, '2023-02-01 21:20:11', '2023-02-01 21:20:11'),
(4, 2223, 4, 15, '2023-02-01 21:20:11', '2023-02-01 21:20:11'),
(4, 2223, 5, 15, '2023-02-17 20:28:52', '2023-02-17 20:28:52'),
(4, 2223, 6, 15, '2023-02-03 20:54:10', '2023-02-03 20:54:10'),
(4, 2223, 11, 15, '2023-02-03 21:03:49', '2023-02-03 21:03:49'),
(4, 2223, 17, 15, '2023-02-17 20:28:11', '2023-02-17 20:28:11'),
(4, 2223, 28, 15, '2023-02-01 21:20:11', '2023-02-01 21:20:11'),
(4, 2223, 29, 15, '2023-02-15 22:40:00', '2023-02-15 22:40:00'),
(4, 2223, 1000, 15, '2023-02-01 21:20:11', '2023-02-01 21:20:11'),
(5, 2223, 1, 22, '2023-03-02 20:55:44', '2023-03-02 20:55:44'),
(5, 2223, 2, 22, '2023-03-02 20:55:44', '2023-03-02 20:55:44'),
(5, 2223, 3, 22, '2023-03-02 20:55:44', '2023-03-02 20:55:44'),
(5, 2223, 4, 22, '2023-03-02 20:55:44', '2023-03-02 20:55:44'),
(5, 2223, 5, 22, '2023-03-02 20:55:44', '2023-03-02 20:55:44'),
(5, 2223, 6, 22, '2023-03-02 20:55:44', '2023-03-02 20:55:44'),
(5, 2223, 11, 22, '2023-03-02 20:55:44', '2023-03-02 20:55:44'),
(5, 2223, 17, 22, '2023-03-02 20:55:44', '2023-03-02 20:55:44'),
(5, 2223, 28, 22, '2023-03-02 20:55:44', '2023-03-02 20:55:44'),
(5, 2223, 29, 22, '2023-03-02 20:55:44', '2023-03-02 20:55:44'),
(5, 2223, 1000, 22, '2023-03-02 20:55:44', '2023-03-02 20:55:44'),
(6, 2223, 1, 10, '2023-03-30 21:02:02', '2023-03-30 21:02:02'),
(6, 2223, 2, 10, '2023-03-30 21:02:02', '2023-03-30 21:02:02'),
(6, 2223, 3, 10, '2023-03-30 21:02:02', '2023-03-30 21:02:02'),
(6, 2223, 4, 10, '2023-03-30 21:02:02', '2023-03-30 21:02:02'),
(6, 2223, 5, 10, '2023-03-30 21:02:02', '2023-03-30 21:02:02'),
(6, 2223, 6, 10, '2023-03-30 21:02:02', '2023-03-30 21:02:02'),
(6, 2223, 11, 10, '2023-03-30 21:02:02', '2023-03-30 21:02:02'),
(6, 2223, 17, 10, '2023-03-30 21:02:02', '2023-03-30 21:02:02'),
(6, 2223, 28, 10, '2023-03-30 21:02:02', '2023-03-30 21:02:02'),
(6, 2223, 29, 15, '2023-03-30 21:02:02', '2023-03-30 21:02:02'),
(6, 2223, 1000, 10, '2023-03-30 21:02:02', '2023-03-30 21:02:02'),
(7, 2223, 1, 19, '2023-05-03 17:56:29', '2023-05-03 17:56:29'),
(7, 2223, 2, 11, '2023-05-03 17:56:29', '2023-05-03 17:56:48'),
(7, 2223, 3, 19, '2023-05-03 17:56:29', '2023-05-03 17:56:29'),
(7, 2223, 4, 19, '2023-05-03 17:56:29', '2023-05-03 17:56:29'),
(7, 2223, 5, 19, '2023-05-03 17:56:29', '2023-05-03 17:56:29'),
(7, 2223, 6, 19, '2023-05-03 17:56:29', '2023-05-03 17:56:29'),
(7, 2223, 11, 19, '2023-05-03 17:56:29', '2023-05-03 17:56:29'),
(7, 2223, 17, 19, '2023-05-03 17:56:29', '2023-05-03 17:56:29'),
(7, 2223, 28, 19, '2023-05-03 17:56:29', '2023-05-03 17:56:29'),
(7, 2223, 29, 19, '2023-05-03 17:56:29', '2023-05-03 17:56:29'),
(7, 2223, 1000, 19, '2023-05-03 17:56:29', '2023-05-03 17:56:29'),
(8, 2223, 1, 10, '2023-05-31 21:22:51', '2023-05-31 21:22:51'),
(8, 2223, 2, 0, '2023-05-31 21:22:51', '2023-05-31 21:23:36'),
(8, 2223, 3, 20, '2023-05-31 21:22:51', '2023-05-31 21:22:51'),
(8, 2223, 4, 0, '2023-05-31 21:22:51', '2023-05-31 21:25:13'),
(8, 2223, 5, 20, '2023-05-31 21:22:51', '2023-05-31 21:22:51'),
(8, 2223, 6, 20, '2023-05-31 21:22:51', '2023-05-31 21:22:51'),
(8, 2223, 11, 20, '2023-05-31 21:22:51', '2023-05-31 21:22:51'),
(8, 2223, 17, 20, '2023-05-31 21:22:51', '2023-05-31 21:22:51'),
(8, 2223, 28, 20, '2023-05-31 21:22:51', '2023-06-27 19:29:21'),
(8, 2223, 29, 5, '2023-05-31 21:22:51', '2023-05-31 21:33:21'),
(8, 2223, 1000, 20, '2023-05-31 21:22:51', '2023-05-31 21:22:51');

-- --------------------------------------------------------

--
-- Estructura de tabla para la tabla `ciclos`
--

CREATE TABLE `ciclos` (
  `id_ciclo` int(11) NOT NULL,
  `descripcion` varchar(9) NOT NULL
) ENGINE=InnoDB DEFAULT CHARSET=utf8mb4 COLLATE=utf8mb4_unicode_ci;

--
-- Volcado de datos para la tabla `ciclos`
--

INSERT INTO `ciclos` (`id_ciclo`, `descripcion`) VALUES
(2223, '2022-2023'),
(2324, '2023-2024');

-- --------------------------------------------------------

--
-- Estructura de tabla para la tabla `ciudades`
--

CREATE TABLE `ciudades` (
  `cve_ciudad` int(10) UNSIGNED NOT NULL,
  `ciudad` varchar(30) NOT NULL
) ENGINE=InnoDB DEFAULT CHARSET=utf8mb4 COLLATE=utf8mb4_unicode_ci;

--
-- Volcado de datos para la tabla `ciudades`
--

INSERT INTO `ciudades` (`cve_ciudad`, `ciudad`) VALUES
(1, 'MAZATLÁN'),
(2, 'CULIACÁN');

-- --------------------------------------------------------

--
-- Estructura de tabla para la tabla `datos_socioeconomicos`
--

CREATE TABLE `datos_socioeconomicos` (
  `id_estudiante` int(11) NOT NULL,
  `cve_techo_vivienda` int(10) UNSIGNED NOT NULL,
  `cuartos_vivienda` int(11) NOT NULL,
  `personas_vivienda` int(11) NOT NULL,
  `cve_monto_mensual` int(10) UNSIGNED NOT NULL,
  `beca_estudios` tinyint(1) NOT NULL,
  `apoyo_gobierno` tinyint(1) NOT NULL,
  `empleo` varchar(30) DEFAULT 'NO',
  `gasto_transporte` double(8,2) NOT NULL,
  `observaciones` varchar(255) DEFAULT NULL,
  `created_at` timestamp NULL DEFAULT NULL,
  `updated_at` timestamp NULL DEFAULT NULL
) ENGINE=InnoDB DEFAULT CHARSET=utf8mb4 COLLATE=utf8mb4_unicode_ci;

--
-- Volcado de datos para la tabla `datos_socioeconomicos`
--

INSERT INTO `datos_socioeconomicos` (`id_estudiante`, `cve_techo_vivienda`, `cuartos_vivienda`, `personas_vivienda`, `cve_monto_mensual`, `beca_estudios`, `apoyo_gobierno`, `empleo`, `gasto_transporte`, `observaciones`, `created_at`, `updated_at`) VALUES
(1, 1, 3, 6, 1, 0, 0, '', 80.00, NULL, '2022-07-25 11:58:07', '2022-07-25 11:58:07'),
(2, 1, 6, 6, 1, 0, 0, 'AYUDANTE DE COCINA', 100.00, NULL, '2022-07-25 12:36:57', '2022-07-25 12:36:57'),
(3, 1, 3, 6, 1, 0, 0, '', 200.00, NULL, '2022-07-25 16:21:18', '2022-07-25 16:21:18'),
(4, 1, 1, 4, 1, 0, 0, '', 120.00, NULL, '2022-07-25 16:33:19', '2022-07-25 16:33:19'),
(5, 3, 3, 6, 1, 0, 0, '', 120.00, NULL, '2022-07-25 16:45:52', '2022-07-25 16:45:52'),
(6, 1, 4, 3, 1, 1, 0, '', 100.00, NULL, '2022-07-25 17:44:37', '2022-07-25 17:44:37'),
(7, 1, 4, 9, 2, 0, 0, 'NIÑERA', 75.00, NULL, '2022-07-25 18:03:47', '2022-07-25 18:03:47'),
(8, 1, 4, 5, 1, 0, 0, '', 250.00, NULL, '2022-07-25 19:25:31', '2022-07-25 19:25:31'),
(9, 1, 4, 3, 1, 0, 0, '', 90.00, NULL, '2022-07-25 19:50:01', '2022-07-25 19:50:01'),
(10, 4, 2, 6, 1, 0, 0, '', 100.00, NULL, '2022-07-25 20:15:45', '2022-07-25 20:15:45'),
(11, 1, 2, 5, 1, 0, 0, 'REPARTIENDO', 200.00, NULL, '2022-07-25 20:50:45', '2022-07-25 20:50:45'),
(12, 1, 1, 4, 1, 0, 0, 'REPARTIDOR', 100.00, NULL, '2022-07-25 20:52:26', '2022-07-25 20:52:26'),
(13, 4, 2, 5, 1, 0, 0, '', 80.00, NULL, '2022-07-25 21:29:53', '2022-07-25 21:29:53'),
(14, 1, 4, 4, 2, 0, 0, '', 30.00, NULL, '2022-07-25 21:41:48', '2022-07-25 21:41:48'),
(15, 1, 2, 3, 1, 1, 0, '', 100.00, NULL, '2022-07-25 21:57:29', '2022-07-25 21:57:29'),
(16, 1, 3, 5, 1, 0, 0, '', 100.00, NULL, '2022-07-25 21:57:51', '2022-07-25 21:57:51'),
(17, 1, 3, 4, 1, 0, 0, '', 100.00, NULL, '2022-07-25 22:05:58', '2022-07-25 22:05:58'),
(18, 3, 2, 3, 1, 0, 0, '', 100.00, NULL, '2022-07-25 22:10:22', '2022-07-25 22:10:22'),
(19, 1, 4, 4, 1, 0, 0, '', 100.00, NULL, '2022-07-25 22:17:46', '2022-07-25 22:17:46'),
(20, 1, 4, 5, 2, 0, 0, '', 350.00, NULL, '2022-07-25 23:20:25', '2022-07-25 23:20:25'),
(21, 1, 2, 4, 1, 0, 0, '', 200.00, NULL, '2022-07-25 23:25:33', '2022-07-25 23:25:33'),
(22, 1, 1, 5, 1, 0, 0, '', 100.00, NULL, '2022-07-25 23:55:23', '2022-07-25 23:55:23'),
(23, 1, 5, 5, 1, 0, 0, 'AUXILIAR ADMINISTRATIVO', 100.00, NULL, '2022-07-26 01:38:09', '2022-07-26 01:38:09'),
(24, 1, 2, 2, 2, 0, 0, '', 100.00, NULL, '2022-07-26 01:47:47', '2022-07-26 01:47:47'),
(25, 1, 3, 3, 1, 0, 0, '', 100.00, NULL, '2022-07-26 02:24:32', '2022-07-26 02:24:32'),
(26, 1, 3, 5, 1, 0, 0, '', 70.00, NULL, '2022-07-26 04:47:07', '2022-07-26 04:47:07'),
(27, 1, 3, 3, 3, 0, 0, 'CARPINTERÍA', 100.00, NULL, '2022-07-26 05:13:01', '2022-07-26 05:13:01'),
(28, 1, 3, 5, 2, 0, 0, '', 100.00, NULL, '2022-07-26 05:25:59', '2022-07-26 05:25:59'),
(29, 1, 1, 5, 1, 0, 0, '', 100.00, NULL, '2022-07-26 16:08:33', '2022-07-26 16:08:33'),
(30, 1, 2, 4, 1, 0, 0, '', 100.00, NULL, '2022-07-26 17:13:19', '2022-07-26 17:13:19'),
(31, 1, 3, 2, 1, 0, 0, '', 90.00, NULL, '2022-07-26 17:31:51', '2022-07-26 17:31:51'),
(32, 1, 4, 5, 2, 0, 0, '', 90.00, NULL, '2022-07-26 17:57:02', '2022-07-26 17:57:02'),
(33, 1, 4, 4, 3, 0, 0, 'ASADOR EN LOS TACOS', 500.00, NULL, '2022-07-26 18:22:19', '2022-07-26 18:22:19'),
(34, 4, 1, 4, 1, 0, 0, '', 80.00, NULL, '2022-07-26 18:36:54', '2022-07-26 18:36:54'),
(35, 3, 2, 6, 1, 0, 0, '', 120.00, NULL, '2022-07-26 18:51:41', '2022-07-26 18:51:41'),
(36, 1, 1, 4, 1, 0, 0, '', 100.00, NULL, '2022-07-26 19:44:52', '2022-07-26 19:44:52'),
(37, 1, 2, 3, 1, 0, 0, '', 130.00, NULL, '2022-07-26 20:46:00', '2022-07-26 20:46:00'),
(38, 3, 3, 6, 1, 0, 0, '', 95.00, NULL, '2022-07-26 21:04:30', '2022-07-26 21:04:30'),
(39, 1, 2, 7, 2, 0, 0, '', 150.00, NULL, '2022-07-26 21:10:09', '2022-07-26 21:10:09'),
(40, 3, 1, 3, 1, 0, 0, '', 80.00, NULL, '2022-07-26 21:19:15', '2022-07-26 21:19:15'),
(41, 1, 2, 7, 3, 0, 0, '', 150.00, NULL, '2022-07-26 21:38:41', '2022-07-26 21:38:41'),
(42, 1, 1, 1, 1, 0, 0, 'PELUQUERO', 80.00, NULL, '2022-07-26 22:17:58', '2022-07-26 22:17:58'),
(43, 1, 3, 4, 1, 0, 0, '', 100.00, NULL, '2022-07-26 22:19:37', '2022-07-26 22:19:37'),
(44, 1, 3, 4, 1, 0, 0, '', 100.00, NULL, '2022-07-26 23:16:13', '2022-07-26 23:16:13'),
(45, 1, 3, 2, 1, 0, 0, '', 100.00, NULL, '2022-07-26 23:50:41', '2022-07-26 23:50:41'),
(46, 1, 8, 6, 3, 0, 0, '', 130.00, NULL, '2022-07-27 02:02:26', '2022-07-27 02:02:26'),
(47, 3, 3, 5, 1, 0, 0, '', 200.00, NULL, '2022-07-27 14:36:25', '2022-07-27 14:36:25'),
(48, 1, 2, 6, 1, 0, 0, '', 100.00, NULL, '2022-07-27 17:48:21', '2022-07-27 17:48:21'),
(49, 1, 2, 4, 3, 0, 0, '', 80.00, NULL, '2022-07-27 18:14:59', '2022-07-27 18:14:59'),
(50, 4, 2, 5, 1, 0, 0, '', 100.00, NULL, '2022-07-27 18:18:34', '2022-07-27 18:18:34'),
(51, 1, 4, 5, 2, 1, 0, '', 400.00, NULL, '2022-07-27 18:39:30', '2022-07-27 18:39:30'),
(52, 1, 3, 3, 1, 0, 0, '', 150.00, NULL, '2022-07-27 19:13:35', '2022-07-27 19:13:35'),
(53, 1, 3, 5, 1, 0, 0, '', 100.00, NULL, '2022-07-27 19:23:41', '2022-07-27 19:23:41'),
(54, 1, 3, 4, 1, 0, 0, '', 100.00, NULL, '2022-07-27 20:34:32', '2022-07-27 20:34:32'),
(55, 1, 4, 9, 3, 0, 0, '', 100.00, NULL, '2022-07-27 20:58:42', '2022-07-27 20:58:42'),
(56, 1, 3, 4, 1, 0, 0, '', 100.00, NULL, '2022-07-27 21:40:44', '2022-07-27 21:40:44'),
(57, 1, 2, 4, 3, 0, 0, '', 80.00, NULL, '2022-07-27 21:45:49', '2022-07-27 21:45:49'),
(58, 1, 4, 3, 1, 0, 0, '', 150.00, NULL, '2022-07-27 22:52:47', '2022-07-27 22:52:47'),
(59, 1, 3, 5, 1, 0, 0, '', 100.00, NULL, '2022-07-28 01:07:36', '2022-07-28 01:07:36'),
(60, 4, 5, 5, 1, 0, 0, '', 100.00, NULL, '2022-07-28 03:27:57', '2022-07-28 03:27:57'),
(61, 1, 4, 7, 1, 0, 1, '', 100.00, NULL, '2022-07-28 04:04:50', '2022-07-28 04:04:50'),
(62, 1, 6, 5, 3, 0, 0, '', 80.00, NULL, '2022-07-28 05:17:07', '2022-07-28 05:17:07'),
(63, 1, 3, 7, 1, 0, 0, '', 100.00, NULL, '2022-07-28 17:44:09', '2022-07-28 17:44:09'),
(64, 1, 3, 5, 3, 0, 0, '', 90.00, NULL, '2022-07-28 18:57:13', '2022-07-28 18:57:13'),
(65, 1, 4, 5, 1, 0, 0, '', 200.00, NULL, '2022-07-28 19:08:09', '2022-07-28 19:08:09'),
(66, 1, 3, 5, 3, 0, 0, '', 90.00, NULL, '2022-07-28 19:11:23', '2022-07-28 19:11:23'),
(67, 1, 1, 5, 1, 0, 0, '', 125.00, NULL, '2022-07-28 19:27:37', '2022-07-28 19:27:37'),
(68, 1, 5, 4, 5, 0, 0, '', 380.00, NULL, '2022-07-28 19:39:58', '2022-07-28 19:39:58'),
(69, 1, 2, 4, 3, 0, 0, '', 1000.00, NULL, '2022-07-28 21:43:41', '2022-07-28 21:43:41'),
(70, 1, 6, 6, 1, 0, 0, '', 50.00, NULL, '2022-07-28 21:43:56', '2022-07-28 21:43:56'),
(71, 1, 4, 5, 4, 0, 0, '', 120.00, NULL, '2022-07-28 22:00:40', '2022-07-28 22:00:40'),
(72, 1, 3, 7, 1, 0, 0, '', 80.00, NULL, '2022-07-28 23:59:42', '2022-07-28 23:59:42'),
(73, 1, 5, 5, 2, 0, 0, 'MESERA', 400.00, NULL, '2022-07-29 18:09:50', '2022-07-29 18:09:50'),
(74, 1, 3, 4, 2, 0, 0, '', 80.00, NULL, '2022-07-29 18:21:59', '2022-07-29 18:21:59'),
(75, 1, 4, 5, 2, 0, 0, '', 100.00, NULL, '2022-07-29 19:31:13', '2022-07-29 19:31:13'),
(76, 1, 2, 5, 1, 0, 0, '', 500.00, NULL, '2022-07-29 19:44:34', '2022-07-29 19:44:34'),
(77, 1, 4, 4, 1, 0, 0, '', 100.00, NULL, '2022-07-29 19:52:07', '2022-07-29 19:52:07'),
(78, 1, 3, 3, 1, 0, 0, '', 100.00, NULL, '2022-07-29 21:06:56', '2022-07-29 21:06:56'),
(79, 3, 3, 3, 1, 0, 0, '', 150.00, NULL, '2022-07-29 23:02:26', '2022-07-29 23:02:26'),
(80, 1, 2, 5, 1, 0, 0, '', 200.00, NULL, '2022-07-30 00:07:27', '2022-07-30 00:07:27'),
(81, 1, 2, 5, 2, 0, 0, '', 200.00, NULL, '2022-07-30 01:23:32', '2022-07-30 01:23:32'),
(82, 1, 3, 5, 2, 1, 0, '', 50.00, NULL, '2022-07-31 01:03:10', '2022-07-31 01:03:10'),
(83, 1, 4, 5, 1, 0, 0, '', 80.00, NULL, '2022-07-31 01:35:06', '2022-07-31 01:35:06'),
(84, 1, 3, 5, 1, 0, 0, '', 130.00, NULL, '2022-07-31 05:13:20', '2022-07-31 05:13:20'),
(85, 1, 3, 4, 1, 0, 0, '', 80.00, NULL, '2022-08-01 01:17:34', '2022-08-01 01:17:34'),
(86, 4, 1, 4, 1, 0, 0, '', 400.00, NULL, '2022-08-01 17:34:20', '2022-08-01 17:34:20'),
(87, 1, 3, 7, 2, 0, 0, 'MESERO', 100.00, NULL, '2022-08-01 18:10:59', '2022-08-01 18:10:59'),
(88, 1, 3, 5, 2, 0, 0, '', 120.00, NULL, '2022-08-01 18:35:17', '2022-08-01 18:35:17'),
(89, 1, 4, 4, 2, 0, 0, '', 130.00, NULL, '2022-08-01 18:58:02', '2022-08-01 18:58:02'),
(90, 1, 3, 6, 1, 0, 0, '', 90.00, NULL, '2022-08-01 21:16:40', '2022-08-01 21:16:40'),
(91, 3, 1, 5, 1, 0, 0, '', 500.00, NULL, '2022-08-02 00:45:27', '2022-08-02 00:45:27'),
(92, 1, 5, 4, 2, 0, 0, '', 100.00, NULL, '2022-08-02 02:53:31', '2022-08-02 02:53:31'),
(93, 1, 3, 4, 1, 0, 0, '', 120.00, NULL, '2022-08-02 03:02:55', '2022-08-02 03:02:55'),
(94, 1, 3, 6, 1, 0, 0, 'SOY MESERA', 150.00, NULL, '2022-08-02 04:04:07', '2022-08-02 04:04:07'),
(95, 4, 1, 4, 1, 0, 0, '', 80.00, NULL, '2022-08-02 04:46:17', '2022-08-02 04:46:17'),
(96, 4, 3, 3, 1, 0, 0, '', 90.00, NULL, '2022-08-02 16:00:39', '2022-08-02 16:00:39'),
(97, 1, 2, 3, 1, 0, 0, '', 100.00, NULL, '2022-08-02 17:24:11', '2022-08-02 17:24:11'),
(98, 1, 3, 2, 1, 0, 0, '', 95.00, NULL, '2022-08-02 17:26:05', '2022-08-02 17:26:05'),
(99, 4, 5, 8, 1, 0, 0, '', 200.00, NULL, '2022-08-02 18:00:59', '2022-08-02 18:00:59'),
(100, 1, 5, 4, 2, 0, 0, '', 100.00, NULL, '2022-08-02 21:47:57', '2022-08-02 21:47:57'),
(101, 4, 2, 3, 1, 0, 0, 'AYUDANTE DE CARPINTERO', 100.00, NULL, '2022-08-02 21:53:27', '2022-08-02 21:53:27'),
(102, 1, 2, 6, 1, 0, 0, '', 80.00, NULL, '2022-08-02 22:21:05', '2022-08-02 22:21:05'),
(103, 1, 4, 6, 1, 0, 0, 'SUSHERO', 80.00, NULL, '2022-08-02 22:49:52', '2022-08-02 22:49:52'),
(104, 1, 1, 5, 1, 0, 0, '', 150.00, NULL, '2022-08-02 23:09:16', '2022-08-02 23:09:16'),
(105, 3, 2, 8, 1, 0, 0, '', 150.00, NULL, '2022-08-03 00:25:06', '2022-08-03 00:25:06'),
(106, 1, 4, 4, 2, 0, 0, '', 120.00, NULL, '2022-08-03 00:51:21', '2022-08-03 00:51:21'),
(107, 1, 3, 4, 1, 0, 0, '', 150.00, NULL, '2022-08-03 17:06:15', '2022-08-03 17:06:15'),
(108, 1, 2, 6, 3, 0, 0, '', 120.00, NULL, '2022-08-03 19:10:50', '2022-08-03 19:10:50'),
(109, 1, 2, 4, 1, 1, 0, '', 55.00, NULL, '2022-08-03 19:43:05', '2022-08-03 19:43:05'),
(110, 1, 5, 3, 1, 0, 0, '', 110.00, NULL, '2022-08-03 20:54:39', '2022-08-03 20:54:39'),
(111, 1, 2, 4, 1, 0, 0, 'PARAMEDICO', 140.00, NULL, '2022-08-03 22:39:25', '2022-08-03 22:39:25'),
(112, 1, 4, 6, 1, 0, 0, '', 85.00, NULL, '2022-08-03 23:05:11', '2022-08-03 23:05:11'),
(113, 1, 6, 6, 1, 0, 0, '', 100.00, NULL, '2022-08-04 16:37:48', '2022-08-04 16:37:48'),
(114, 1, 4, 5, 2, 0, 0, '', 100.00, NULL, '2022-08-04 17:13:49', '2022-08-04 17:13:49'),
(115, 1, 4, 4, 2, 0, 0, '', 100.00, NULL, '2022-08-04 19:07:55', '2022-08-04 19:07:55'),
(116, 1, 3, 3, 1, 0, 0, '', 400.00, NULL, '2022-08-04 19:25:41', '2022-08-04 19:25:41'),
(117, 1, 3, 4, 1, 0, 0, '', 100.00, NULL, '2022-08-04 20:15:35', '2022-08-04 20:15:35'),
(118, 1, 3, 4, 1, 0, 0, '', 120.00, NULL, '2022-08-04 20:31:12', '2022-08-04 20:31:12'),
(119, 1, 3, 4, 2, 0, 0, '', 120.00, NULL, '2022-08-04 23:47:24', '2022-08-04 23:47:24'),
(120, 1, 4, 4, 1, 0, 0, '', 150.00, NULL, '2022-08-05 01:21:44', '2022-08-05 01:21:44'),
(121, 1, 6, 5, 3, 0, 0, '', 100.00, NULL, '2022-08-05 02:06:44', '2022-08-05 02:06:44'),
(122, 1, 3, 3, 1, 0, 0, '', 200.00, NULL, '2022-08-05 17:31:46', '2022-08-05 17:31:46'),
(123, 1, 4, 5, 1, 0, 0, '', 900.00, NULL, '2022-08-05 18:03:36', '2022-08-05 18:03:36'),
(124, 1, 3, 5, 1, 0, 0, '', 80.00, NULL, '2022-08-05 18:26:43', '2022-08-05 18:26:43'),
(125, 1, 1, 5, 1, 0, 0, '', 140.00, NULL, '2022-08-05 18:32:59', '2022-08-05 18:32:59'),
(126, 1, 4, 4, 1, 0, 0, '', 100.00, NULL, '2022-08-05 19:51:20', '2022-08-05 19:51:20'),
(127, 1, 3, 5, 1, 0, 0, '', 80.00, NULL, '2022-08-05 19:57:25', '2022-08-05 19:57:25'),
(128, 1, 3, 3, 1, 0, 0, '', 150.00, NULL, '2022-08-05 20:08:42', '2022-08-05 20:08:42'),
(129, 1, 3, 5, 1, 0, 0, '', 500.00, NULL, '2022-08-05 21:00:49', '2022-08-05 21:00:49'),
(130, 1, 4, 5, 1, 0, 0, '', 95.00, NULL, '2022-08-05 21:26:54', '2022-08-05 21:26:54'),
(131, 4, 2, 6, 1, 0, 0, '', 200.00, NULL, '2022-08-05 21:38:38', '2022-08-05 21:38:38'),
(132, 1, 4, 5, 2, 0, 0, '', 100.00, NULL, '2022-08-05 22:25:07', '2022-08-05 22:25:07'),
(133, 1, 4, 4, 2, 0, 0, 'TALLER DE CARPINTERÍA', 500.00, NULL, '2022-08-05 22:33:13', '2022-08-05 22:33:13'),
(134, 1, 4, 6, 3, 0, 0, '', 120.00, NULL, '2022-08-05 22:55:32', '2022-08-05 22:55:32'),
(135, 1, 4, 8, 1, 0, 0, '', 150.00, NULL, '2022-08-05 22:55:53', '2022-08-05 22:55:53'),
(136, 1, 5, 5, 3, 0, 0, '', 40.00, NULL, '2022-08-06 14:45:47', '2022-08-06 14:45:47'),
(137, 1, 3, 4, 3, 0, 0, '', 150.00, NULL, '2022-08-06 17:08:39', '2022-08-06 17:08:39'),
(138, 1, 3, 4, 3, 0, 0, '', 150.00, NULL, '2022-08-06 17:21:27', '2022-08-06 17:21:27'),
(139, 4, 4, 6, 1, 0, 0, '', 150.00, NULL, '2022-08-06 18:46:40', '2022-08-06 18:46:40'),
(140, 1, 5, 4, 2, 0, 0, '', 500.00, NULL, '2022-08-06 20:12:17', '2022-08-06 20:12:17'),
(141, 4, 4, 5, 1, 0, 0, '', 100.00, NULL, '2022-08-06 21:00:06', '2022-08-06 21:00:06'),
(142, 1, 4, 6, 1, 0, 0, '', 85.00, NULL, '2022-08-06 22:24:46', '2022-08-06 22:24:46'),
(143, 1, 4, 6, 2, 0, 0, '', 120.00, NULL, '2022-08-07 00:05:49', '2022-08-07 00:05:49'),
(144, 4, 3, 1, 1, 0, 0, 'ATENDIENDO UN PUESTO INFORMAL', 80.00, NULL, '2022-08-07 01:30:27', '2022-08-07 01:30:27'),
(145, 1, 3, 4, 2, 0, 0, '', 120.00, NULL, '2022-08-07 02:49:22', '2022-08-07 02:49:22'),
(146, 1, 3, 4, 2, 0, 0, '', 120.00, NULL, '2022-08-07 02:53:17', '2022-08-07 02:53:17'),
(147, 1, 1, 2, 1, 0, 0, '', 100.00, NULL, '2022-08-07 04:46:13', '2022-08-07 04:46:13'),
(148, 1, 2, 4, 1, 0, 0, '', 100.00, NULL, '2022-08-07 21:40:22', '2022-08-07 21:40:22'),
(149, 1, 3, 4, 1, 0, 0, '', 85.00, NULL, '2022-08-08 01:53:02', '2022-08-08 01:53:02'),
(150, 3, 3, 5, 1, 0, 0, '', 150.00, NULL, '2022-08-08 17:58:17', '2022-08-08 17:58:17'),
(151, 1, 7, 5, 4, 0, 0, '', 0.00, NULL, '2022-08-08 19:03:12', '2022-08-08 19:03:12'),
(152, 1, 1, 3, 1, 1, 0, '', 150.00, NULL, '2022-08-08 21:25:30', '2022-08-08 21:25:30'),
(153, 1, 3, 4, 1, 0, 0, '', 130.00, NULL, '2022-08-09 15:35:08', '2022-08-09 15:35:08'),
(154, 1, 3, 4, 1, 0, 0, '', 130.00, NULL, '2022-08-09 15:42:44', '2022-08-09 15:42:44'),
(155, 1, 4, 4, 1, 0, 0, '', 100.00, NULL, '2022-08-09 18:21:19', '2022-08-09 18:21:19'),
(156, 1, 5, 5, 1, 0, 0, '', 280.00, NULL, '2022-08-09 18:36:42', '2022-08-09 18:36:42'),
(157, 1, 5, 4, 3, 0, 0, 'CARPINTERO', 130.00, NULL, '2022-08-09 19:40:35', '2022-08-09 19:40:35'),
(158, 1, 4, 3, 1, 0, 0, '', 80.00, NULL, '2022-08-09 21:28:36', '2022-08-09 21:28:36'),
(159, 1, 4, 7, 2, 0, 0, '', 120.00, NULL, '2022-08-09 22:58:44', '2022-08-09 22:58:44'),
(160, 4, 3, 5, 5, 0, 0, '', 150.00, NULL, '2022-08-10 00:32:48', '2022-08-10 00:32:48'),
(161, 1, 1, 4, 2, 0, 0, '', 300.00, NULL, '2022-08-10 00:58:02', '2022-08-10 00:58:02'),
(162, 1, 1, 5, 2, 0, 0, '', 250.00, NULL, '2022-08-10 04:46:11', '2022-08-10 04:46:11'),
(163, 1, 3, 3, 1, 0, 0, 'CAJERA', 70.00, NULL, '2022-08-10 17:38:35', '2022-08-10 17:38:35'),
(164, 1, 3, 3, 1, 0, 0, '', 120.00, NULL, '2022-08-10 18:46:53', '2022-08-10 18:46:53'),
(165, 1, 5, 6, 2, 0, 0, '', 180.00, NULL, '2022-08-10 19:43:46', '2022-08-10 19:43:46'),
(166, 3, 3, 4, 1, 0, 0, '', 100.00, NULL, '2022-08-10 20:43:15', '2022-08-10 20:43:15'),
(167, 1, 4, 5, 2, 0, 0, '', 100.00, NULL, '2022-08-10 21:32:46', '2022-08-10 21:32:46'),
(168, 5, 1, 4, 1, 0, 0, '', 90.00, NULL, '2022-08-10 21:55:39', '2022-08-10 21:55:39'),
(169, 1, 5, 5, 2, 0, 0, '', 150.00, NULL, '2022-08-10 23:17:58', '2022-08-10 23:17:58'),
(170, 1, 4, 5, 2, 0, 0, 'MESERA/COCINERA DE RESTAURANTE', 90.00, NULL, '2022-08-10 23:26:33', '2022-08-10 23:26:33'),
(171, 1, 5, 4, 3, 0, 0, '', 140.00, NULL, '2022-08-11 00:02:41', '2022-08-11 00:02:41'),
(172, 3, 3, 4, 1, 0, 0, 'FRUTERIA', 100.00, NULL, '2022-08-11 00:17:41', '2022-08-11 00:17:41'),
(173, 4, 4, 5, 2, 0, 0, 'CARPINTERIA', 200.00, NULL, '2022-08-11 02:39:01', '2022-08-11 02:39:01'),
(174, 1, 4, 4, 2, 0, 0, 'CARPINTERO', 110.00, NULL, '2022-08-11 02:39:29', '2022-08-11 02:39:29'),
(175, 3, 1, 4, 1, 0, 0, 'CAJERA', 120.00, NULL, '2022-08-11 03:50:33', '2022-08-11 03:50:33'),
(176, 1, 4, 5, 3, 0, 0, '', 150.00, NULL, '2022-08-11 03:58:09', '2022-08-11 03:58:09'),
(177, 5, 1, 4, 1, 0, 0, 'CAJERA EN UNA PAPELERIA', 90.00, NULL, '2022-08-11 03:58:44', '2022-08-11 03:58:44'),
(178, 1, 1, 9, 1, 0, 0, '', 100.00, NULL, '2022-08-11 08:02:49', '2022-08-11 08:02:49'),
(179, 4, 1, 5, 1, 0, 0, '', 100.00, NULL, '2022-08-11 14:31:17', '2022-08-11 14:31:17'),
(180, 1, 2, 6, 4, 0, 0, '', 500.00, NULL, '2022-08-11 16:21:26', '2022-08-11 16:21:26'),
(181, 1, 6, 4, 3, 0, 0, '', 180.00, NULL, '2022-08-11 16:24:52', '2022-08-11 16:24:52'),
(182, 1, 2, 3, 1, 0, 0, 'CARPINTERO', 130.00, NULL, '2022-08-11 17:26:54', '2022-08-11 17:26:54'),
(183, 3, 2, 2, 1, 0, 0, '', 100.00, NULL, '2022-08-11 18:04:21', '2022-08-11 18:04:21'),
(184, 1, 3, 3, 1, 0, 0, '', 120.00, NULL, '2022-08-11 18:12:22', '2022-08-11 18:12:22'),
(185, 1, 4, 4, 1, 0, 0, '', 120.00, NULL, '2022-08-11 19:25:54', '2022-08-11 19:25:54'),
(186, 1, 6, 4, 2, 0, 0, '', 60.00, NULL, '2022-08-11 19:27:03', '2022-08-11 19:27:03'),
(187, 1, 6, 4, 4, 1, 0, '', 80.00, NULL, '2022-08-11 19:59:20', '2022-08-11 19:59:20'),
(188, 3, 1, 5, 1, 0, 0, '', 100.00, NULL, '2022-08-11 20:26:07', '2022-08-11 20:26:07'),
(189, 3, 3, 7, 1, 0, 0, '', 500.00, NULL, '2022-08-11 20:37:12', '2022-08-11 20:37:12'),
(190, 1, 3, 5, 1, 0, 0, '', 100.00, NULL, '2022-08-11 20:44:06', '2022-08-11 20:44:06'),
(191, 3, 1, 3, 1, 0, 0, '', 140.00, NULL, '2022-08-11 20:47:09', '2022-08-11 20:47:09'),
(192, 4, 1, 5, 1, 0, 0, '', 110.00, NULL, '2022-08-11 21:08:45', '2022-08-11 21:08:45'),
(193, 4, 2, 4, 1, 0, 0, 'EMPLEO TEMPORAL EN VACACIONES', 150.00, NULL, '2022-08-11 21:20:45', '2022-08-11 21:20:45'),
(194, 1, 8, 6, 5, 0, 0, '', 90.00, NULL, '2022-08-11 22:00:15', '2022-08-11 22:00:15'),
(195, 1, 2, 5, 5, 0, 0, '', 120.00, NULL, '2022-08-11 22:07:48', '2022-08-11 22:07:48'),
(196, 1, 4, 6, 1, 0, 0, '', 120.00, NULL, '2022-08-11 22:31:20', '2022-08-11 22:31:20'),
(197, 1, 1, 6, 4, 0, 0, '', 150.00, NULL, '2022-08-11 22:45:13', '2022-08-11 22:45:13'),
(198, 1, 4, 4, 3, 0, 0, '', 100.00, NULL, '2022-08-11 23:42:38', '2022-08-11 23:42:38'),
(199, 4, 4, 6, 4, 0, 0, '', 120.00, NULL, '2022-08-12 00:24:09', '2022-08-12 00:24:09'),
(200, 5, 1, 4, 1, 0, 0, 'MESERO', 90.00, NULL, '2022-08-12 00:29:55', '2022-08-12 00:29:55'),
(201, 1, 4, 4, 1, 0, 0, '', 140.00, NULL, '2022-08-12 00:35:05', '2022-08-12 00:35:05'),
(202, 1, 3, 3, 1, 0, 0, 'MAESTRO DE MUSICA', 100.00, NULL, '2022-08-12 01:55:53', '2022-08-12 01:55:53'),
(203, 3, 1, 10, 1, 0, 1, '', 620.00, NULL, '2022-08-12 02:00:42', '2022-08-12 02:00:42'),
(204, 3, 1, 4, 1, 0, 0, '', 120.00, NULL, '2022-08-12 02:20:33', '2022-08-12 02:20:33'),
(205, 1, 2, 4, 1, 0, 0, '', 90.00, NULL, '2022-08-12 02:41:20', '2022-08-12 02:41:20'),
(206, 3, 3, 6, 2, 0, 0, 'CAMPESINO', 670.00, NULL, '2022-08-12 02:44:54', '2022-08-12 02:44:54'),
(207, 1, 5, 3, 1, 0, 0, '', 100.00, NULL, '2022-08-12 03:03:05', '2022-08-12 03:03:05'),
(208, 4, 5, 4, 1, 0, 0, '', 100.00, NULL, '2022-08-12 03:24:05', '2022-08-12 03:24:05'),
(209, 1, 4, 4, 2, 0, 0, '', 150.00, NULL, '2022-08-12 04:57:17', '2022-08-12 04:57:17'),
(210, 4, 4, 5, 1, 0, 0, '', 130.00, NULL, '2022-08-12 05:38:02', '2022-08-12 05:38:02'),
(211, 1, 3, 4, 1, 0, 0, '', 100.00, NULL, '2022-08-12 05:39:25', '2022-08-12 05:39:25'),
(212, 4, 4, 6, 1, 0, 0, '', 100.00, NULL, '2022-08-12 06:10:05', '2022-08-12 06:10:05'),
(213, 1, 2, 4, 3, 0, 0, '', 60.00, NULL, '2022-08-12 13:58:04', '2022-08-12 13:58:04'),
(214, 1, 3, 4, 2, 1, 1, '', 70.00, NULL, '2022-08-12 14:17:42', '2022-08-12 14:17:42'),
(215, 1, 1, 2, 1, 0, 0, 'RASPADOS EL CHISMOSO', 100.00, NULL, '2022-08-12 15:02:44', '2022-08-12 15:02:44'),
(216, 1, 4, 4, 1, 0, 0, '', 100.00, NULL, '2022-08-12 15:07:57', '2022-08-12 15:07:57'),
(217, 4, 3, 6, 2, 0, 0, 'AYUDANTE', 90.00, NULL, '2022-08-12 15:58:02', '2022-08-12 15:58:02'),
(218, 1, 3, 4, 1, 0, 0, '', 110.00, NULL, '2022-08-12 17:27:24', '2022-08-12 17:27:24'),
(219, 1, 6, 4, 4, 0, 0, '', 125.00, NULL, '2022-08-12 18:17:24', '2022-08-12 18:17:24'),
(220, 1, 5, 5, 4, 0, 0, '', 150.00, NULL, '2022-08-12 18:23:33', '2022-08-12 18:23:33'),
(221, 1, 4, 5, 4, 0, 0, '', 100.00, NULL, '2022-08-12 18:26:28', '2022-08-12 18:26:28'),
(222, 3, 2, 5, 2, 0, 0, '', 150.00, NULL, '2022-08-12 18:34:16', '2022-08-12 18:34:16'),
(223, 1, 2, 4, 3, 0, 0, '', 100.00, NULL, '2022-08-12 18:35:07', '2022-08-12 18:35:07'),
(224, 1, 1, 6, 1, 0, 0, '', 200.00, NULL, '2022-08-12 18:51:03', '2022-08-12 18:51:03'),
(225, 1, 2, 3, 2, 0, 0, '', 100.00, NULL, '2022-08-12 18:57:56', '2022-08-12 18:57:56'),
(226, 1, 3, 4, 1, 0, 0, '', 100.00, NULL, '2022-08-12 19:30:20', '2022-08-12 19:30:20'),
(227, 1, 5, 5, 2, 0, 0, '', 150.00, NULL, '2022-08-12 19:38:56', '2022-08-12 19:38:56'),
(228, 1, 2, 5, 1, 0, 0, '', 200.00, NULL, '2022-08-12 20:26:07', '2022-08-12 20:26:07'),
(229, 1, 5, 4, 2, 0, 0, '', 180.00, NULL, '2022-08-12 20:37:05', '2022-08-12 20:37:05'),
(230, 1, 2, 4, 1, 0, 0, 'MESERO', 100.00, NULL, '2022-08-12 20:52:29', '2022-08-12 20:52:29'),
(231, 1, 5, 3, 1, 0, 0, 'CARPINTERÍA', 1000.00, NULL, '2022-08-12 21:30:26', '2022-08-12 21:30:26'),
(232, 1, 6, 6, 2, 0, 0, 'PINTOR', 100.00, NULL, '2022-08-12 22:05:21', '2022-08-12 22:05:21'),
(233, 1, 4, 6, 1, 0, 0, '', 150.00, NULL, '2022-08-12 22:41:40', '2022-08-12 22:41:40'),
(234, 1, 1, 6, 1, 0, 0, '', 120.00, NULL, '2022-08-12 22:44:08', '2022-08-12 22:44:08'),
(235, 1, 1, 4, 1, 0, 0, '', 500.00, NULL, '2022-08-12 23:24:27', '2022-08-12 23:24:27'),
(236, 1, 1, 3, 1, 0, 0, 'CARPINTERO', 150.00, NULL, '2022-08-12 23:43:27', '2022-08-12 23:43:27'),
(237, 1, 3, 5, 2, 0, 0, 'AUTOLAVADO', 200.00, NULL, '2022-08-12 23:58:26', '2022-08-12 23:58:26'),
(238, 1, 5, 5, 2, 0, 0, '', 90.00, NULL, '2022-08-13 00:21:35', '2022-08-13 00:21:35'),
(239, 1, 1, 4, 1, 0, 0, '', 150.00, NULL, '2022-08-13 00:22:37', '2022-08-13 00:22:37'),
(240, 1, 3, 3, 1, 0, 0, '', 160.00, NULL, '2022-08-13 01:16:34', '2022-08-13 01:16:34'),
(241, 3, 3, 4, 1, 0, 0, '', 120.00, NULL, '2022-08-13 01:37:47', '2022-08-13 01:37:47'),
(242, 1, 4, 5, 4, 0, 0, '', 100.00, NULL, '2022-08-13 02:02:23', '2022-08-13 02:02:23'),
(243, 1, 5, 5, 1, 0, 0, '', 80.00, NULL, '2022-08-16 17:29:34', '2022-08-16 17:29:34'),
(244, 1, 3, 4, 3, 0, 0, '', 140.00, NULL, '2022-09-02 16:32:24', '2022-09-02 16:32:24'),
(245, 1, 3, 4, 2, 0, 0, '', 100.00, NULL, '2022-09-02 16:46:26', '2022-09-02 16:46:26'),
(246, 1, 3, 5, 2, 0, 0, '', 100.00, NULL, '2022-09-02 17:24:03', '2022-09-02 17:24:03'),
(247, 1, 3, 6, 2, 0, 0, '', 100.00, NULL, '2022-09-02 18:00:11', '2022-09-02 18:00:11'),
(248, 1, 3, 3, 1, 0, 0, '', 100.00, NULL, '2022-09-02 18:14:38', '2022-09-02 18:14:38'),
(249, 1, 3, 6, 2, 0, 0, '', 100.00, NULL, '2022-09-02 19:05:40', '2022-09-02 19:05:40'),
(250, 1, 3, 6, 2, 0, 0, '', 100.00, NULL, '2022-09-02 23:27:47', '2022-09-02 23:27:47'),
(251, 1, 4, 5, 2, 0, 0, '', 100.00, NULL, '2022-09-05 15:56:57', '2022-09-05 15:56:57'),
(252, 1, 4, 5, 1, 0, 0, '', 100.00, NULL, '2022-09-05 16:04:17', '2022-09-05 16:04:17'),
(253, 1, 1, 4, 2, 0, 0, '', 95.00, NULL, '2022-09-05 20:46:46', '2022-09-05 20:46:46'),
(254, 1, 3, 4, 3, 0, 0, '', 700.00, NULL, '2022-09-07 15:01:40', '2022-09-07 15:01:40'),
(255, 1, 2, 6, 2, 0, 0, '', 100.00, NULL, '2022-09-07 21:43:27', '2022-09-07 21:43:27'),
(256, 1, 3, 4, 2, 0, 0, '', 150.00, NULL, '2022-09-08 17:03:48', '2022-09-08 17:03:48'),
(257, 1, 4, 7, 2, 0, 0, '', 100.00, NULL, '2022-09-08 17:21:37', '2022-09-08 17:21:37'),
(258, 1, 4, 5, 2, 0, 0, '', 100.00, NULL, '2022-09-08 19:52:32', '2022-09-08 19:52:32'),
(259, 1, 4, 3, 2, 0, 0, '', 100.00, NULL, '2022-09-08 20:29:53', '2022-09-08 20:29:53'),
(260, 1, 4, 5, 2, 0, 0, '', 150.00, NULL, '2022-09-08 20:56:40', '2022-09-08 20:56:40'),
(261, 1, 2, 3, 1, 0, 0, '', 100.00, NULL, '2022-09-12 18:33:11', '2022-09-12 18:33:11'),
(262, 1, 3, 4, 3, 0, 0, '', 100.00, NULL, '2022-09-12 19:13:35', '2022-09-12 19:13:35'),
(263, 1, 3, 4, 1, 0, 0, '', 150.00, NULL, '2022-09-12 19:41:40', '2022-09-12 19:41:40'),
(264, 4, 4, 6, 4, 0, 0, '', 85.00, NULL, '2022-09-12 20:36:27', '2022-09-12 20:36:27'),
(265, 1, 3, 6, 3, 0, 0, '', 120.00, NULL, '2022-09-15 18:12:46', '2022-09-15 18:12:46'),
(266, 1, 2, 3, 2, 0, 0, '', 50.00, NULL, '2022-09-19 19:35:18', '2022-09-19 19:35:18'),
(267, 1, 3, 5, 2, 0, 0, '', 130.00, NULL, '2022-09-21 19:38:37', '2022-09-21 19:38:37'),
(268, 1, 2, 4, 2, 0, 0, '', 150.00, NULL, '2022-09-22 18:17:26', '2022-09-22 18:17:26'),
(269, 1, 2, 3, 1, 0, 0, '', 100.00, NULL, '2022-09-22 18:32:03', '2022-09-22 18:32:03'),
(270, 1, 3, 4, 1, 0, 0, 'ES MAMADOR', 100.00, NULL, '2022-09-24 23:09:01', '2022-09-24 23:09:01'),
(271, 1, 3, 5, 2, 0, 0, '', 150.00, NULL, '2022-09-25 00:04:34', '2022-09-25 00:04:34'),
(272, 1, 3, 4, 2, 0, 0, '', 100.00, NULL, '2022-09-25 00:17:21', '2022-09-25 00:17:21'),
(273, 1, 3, 5, 1, 0, 0, '', 100.00, NULL, '2022-11-01 21:11:51', '2022-11-01 21:11:51'),
(274, 1, 5, 5, 2, 0, 0, '', 100.00, NULL, '2022-11-11 19:30:49', '2022-11-11 19:30:49'),
(275, 1, 3, 3, 2, 0, 0, '', 100.00, NULL, '2022-11-16 00:44:34', '2022-11-16 00:44:34'),
(276, 1, 5, 4, 2, 0, 0, '', 100.00, NULL, '2022-11-28 20:28:36', '2022-11-28 20:28:36'),
(277, 1, 6, 5, 2, 0, 0, '', 100.00, NULL, '2022-12-02 00:05:31', '2022-12-02 00:05:31'),
(278, 1, 3, 4, 3, 0, 0, '', 150.00, NULL, '2022-12-19 19:35:09', '2022-12-19 19:35:09'),
(279, 1, 3, 3, 2, 0, 0, '', 150.00, NULL, '2023-01-06 20:12:52', '2023-01-06 20:12:52'),
(280, 1, 4, 3, 2, 0, 0, '', 180.00, NULL, '2023-01-11 15:30:59', '2023-01-11 15:30:59'),
(281, 1, 2, 5, 2, 0, 0, '', 100.00, NULL, '2023-01-16 18:31:42', '2023-01-16 18:31:42'),
(282, 1, 3, 3, 2, 0, 0, '', 120.00, NULL, '2023-02-15 21:36:36', '2023-02-15 21:36:36'),
(283, 1, 3, 3, 3, 0, 0, '', 150.00, NULL, '2023-03-02 18:00:16', '2023-03-02 18:00:16'),
(284, 1, 3, 3, 2, 0, 0, '', 150.00, NULL, '2023-03-02 18:03:23', '2023-03-02 18:03:23'),
(285, 1, 4, 4, 4, 0, 0, '', 150.00, NULL, '2023-03-27 19:07:12', '2023-03-27 19:07:12'),
(286, 1, 3, 3, 2, 0, 0, '', 150.00, NULL, '2023-04-27 17:04:21', '2023-04-27 17:04:21'),
(287, 1, 3, 3, 2, 0, 0, '', 100.00, NULL, '2023-04-27 21:03:14', '2023-04-27 21:03:14'),
(288, 1, 3, 3, 2, 0, 0, '', 160.00, NULL, '2023-04-28 17:44:02', '2023-04-28 17:44:02'),
(289, 1, 3, 3, 2, 0, 0, '', 150.00, NULL, '2023-05-05 19:40:36', '2023-05-05 19:40:36'),
(290, 1, 3, 3, 2, 0, 0, '', 150.00, NULL, '2023-05-05 21:09:06', '2023-05-05 21:09:06'),
(291, 1, 3, 3, 2, 0, 0, '', 150.00, NULL, '2023-05-05 21:18:30', '2023-05-05 21:18:30'),
(292, 1, 3, 3, 1, 0, 0, '', 150.00, NULL, '2023-05-05 21:25:01', '2023-05-05 21:25:01'),
(293, 1, 3, 3, 2, 0, 0, '', 150.00, NULL, '2023-05-29 20:08:54', '2023-05-29 20:08:54'),
(294, 1, 3, 3, 2, 0, 0, '', 150.00, NULL, '2023-05-31 21:16:28', '2023-05-31 21:16:28');

-- --------------------------------------------------------

--
-- Estructura de tabla para la tabla `escuelas`
--

CREATE TABLE `escuelas` (
  `cve_escuela` int(10) UNSIGNED NOT NULL,
  `escuela` varchar(100) NOT NULL,
  `escuela_abreviatura` varchar(20) NOT NULL
) ENGINE=InnoDB DEFAULT CHARSET=utf8mb4 COLLATE=utf8mb4_unicode_ci;

--
-- Volcado de datos para la tabla `escuelas`
--

INSERT INTO `escuelas` (`cve_escuela`, `escuela`, `escuela_abreviatura`) VALUES
(1, 'UNIVERSIDAD AUTÓNOMA DE SINALOA', 'UAS'),
(2, 'UNIVERSIDAD AUTÓNOMA DE OCCIDENTE', 'UAdeO'),
(3, 'UNIVERSIDAD POLITÉCNICA DE SINALOA', 'UPSIN'),
(4, 'INSTITUTO TECNOLÓGICO DE MAZATLÁN', 'ITMAZ'),
(5, 'UNIVERSIDAD PEDAGÓGICA DEL ESTADO DE SINALOA', 'UPES'),
(6, 'ESC. NORMAL EXP. DE EL FUERTE EXT. MAZ.', 'ENEF'),
(7, 'UNIVERSIDAD AUTÓNOMA DE DURANGO', 'UAD'),
(8, 'ESCUELA SUPERIOR DE LAS BELLAS ARTES CHAYITO GARZÓN', 'ESBA'),
(9, 'ISIMA UNIVERSIDAD', 'ISIMA'),
(10, 'INSTITUTO TECNOLÓGICO SUPERIOR DE SINALOA', 'ITESUS'),
(11, 'UNIVERSIDAD DEL PACÍFICO NORTE', 'UNIP'),
(12, 'CENTRO DE ACTUALIZACIÓN DEL MAGISTERIO', 'CAM'),
(13, 'CENTRO UNIVERSITARIO MAZATLÁN', 'CUM'),
(14, 'ESCUELA NÁUTICA MERCANTE CAP. ALT. ANTONIO GÓMEZ MAQUEO', 'NÁUTICA'),
(15, 'INSTITUTO TECNOLÓGICO DE LA CONSTRUCCIÓN', 'ITCONST'),
(16, 'UNIVERSIDAD TECMILENIO', 'TECMILENIO'),
(17, 'ESCUELA NORMAL DEL PACÍFICO', 'ENP'),
(18, 'UNIVERSIDAD TECNOLÓGICA DE CULIACÁN', 'UTC'),
(19, 'UNIVERSIDAD UNIVER', 'UNIVER'),
(20, 'ESCUELA LIBRE DE DERECHO DE SINALOA', 'LIBRE DERECHO'),
(21, 'ESCUELA NORMAL DE SINALOA', 'ENS'),
(22, 'ESCUELA NORMAL DE ESPECIALIZACIÓN DEL ESTADO DE SINALOA', 'ENEES'),
(23, 'INSTITUTO ESTATAL DE CIENCIAS PENALES Y SEGURIDAD PÚBLICA', 'INECIPE'),
(24, 'UNIVERSIDAD DEL DESARROLLO PROFESIONAL', 'UNIDEP'),
(25, 'INSTITUTO TECNOLÓGICO DE CULIACÁN', 'TEC CULIACÁN'),
(26, 'UNIVERSIDAD CASA BLANCA', 'CASA BLANCA'),
(27, 'ESC. DE ESPECIALIDADES EN ELECTRÓNICA AUTOMOTRIZ', 'AUTOMOTRIZ'),
(28, 'INSTITUTO ROMAE', 'ROMAE'),
(29, 'CENTRO DE ESTUDIOS AERONÁUTICOS DE MAZATLÁN', 'AERONAUTICA'),
(999, 'OTRA', 'OTRA'),
(1000, 'PACIFIC UNIVERSITY', 'PACIFIC');

-- --------------------------------------------------------

--
-- Estructura de tabla para la tabla `estudiantes`
--

CREATE TABLE `estudiantes` (
  `id` bigint(20) UNSIGNED NOT NULL,
  `id_ciclo` int(11) NOT NULL DEFAULT 2223,
  `nombre` varchar(20) NOT NULL,
  `primer_apellido` varchar(20) NOT NULL,
  `segundo_apellido` varchar(20) NOT NULL,
  `curp` varchar(18) NOT NULL,
  `rfc` varchar(10) NOT NULL,
  `fecha_nac` date NOT NULL,
  `celular` varchar(10) NOT NULL,
  `email` varchar(40) NOT NULL,
  `cve_localidad_origen` int(10) UNSIGNED NOT NULL,
  `cve_localidad_actual` int(10) UNSIGNED NOT NULL,
  `cve_ciudad_escuela` int(10) UNSIGNED NOT NULL,
  `cve_escuela` int(10) UNSIGNED NOT NULL,
  `cve_turno_escuela` int(10) UNSIGNED NOT NULL,
  `carrera` varchar(30) NOT NULL,
  `ano_escolar` int(11) NOT NULL,
  `promedio` double(8,2) NOT NULL,
  `img_curp` varchar(17) NOT NULL,
  `img_acta_nac` varchar(17) NOT NULL,
  `img_comprobante_dom` varchar(17) NOT NULL,
  `img_identificacion` varchar(17) NOT NULL,
  `img_kardex` varchar(17) NOT NULL,
  `img_constancia` varchar(17) NOT NULL DEFAULT 'PENDIENTE',
  `id_hex` varchar(50) NOT NULL,
  `cve_status` int(10) UNSIGNED NOT NULL DEFAULT 1,
  `created_at` timestamp NULL DEFAULT NULL,
  `updated_at` timestamp NULL DEFAULT NULL
) ENGINE=InnoDB DEFAULT CHARSET=utf8mb4 COLLATE=utf8mb4_unicode_ci;

--
-- Volcado de datos para la tabla `estudiantes`
--

INSERT INTO `estudiantes` (`id`, `id_ciclo`, `nombre`, `primer_apellido`, `segundo_apellido`, `curp`, `rfc`, `fecha_nac`, `celular`, `email`, `cve_localidad_origen`, `cve_localidad_actual`, `cve_ciudad_escuela`, `cve_escuela`, `cve_turno_escuela`, `carrera`, `ano_escolar`, `promedio`, `img_curp`, `img_acta_nac`, `img_comprobante_dom`, `img_identificacion`, `img_kardex`, `img_constancia`, `id_hex`, `cve_status`, `created_at`, `updated_at`) VALUES
(1, 2223, 'LUIS ANGEL', 'MANCINAS', 'RUEDA', 'MARL021123HSLNDSA6', 'MARL021123', '2002-11-23', '6691493065', 'luismancinas296@gmail.com', 1, 1, 1, 1, 1, 'ING. CIVIL', 3, 8.80, 'CU_MARL021123.pdf', 'AC_MARL021123.pdf', 'CO_MARL021123.pdf', 'ID_MARL021123.pdf', 'KX_MARL021123.pdf', 'CN_MARL021123.PDF', '181d25a3749', 6, '2022-07-25 11:58:07', '2023-01-30 21:42:19'),
(2, 2223, 'CARLOS ALBERTO', 'MANCINAS', 'RUEDA', 'MARC031115HSLNDRA3', 'MARC031115', '2003-11-15', '6941158314', 'mancinascarlos98@gmail.com', 1, 1, 1, 1, 1, 'LIC. ARQUITECTURA', 1, 8.00, 'CU_MARC031115.pdf', 'AC_MARC031115.pdf', 'CO_MARC031115.pdf', 'ID_MARC031115.pdf', 'KX_MARC031115.pdf', 'CN_MARC031115.PDF', '181d27dbbbf', 6, '2022-07-25 12:36:57', '2023-01-31 15:34:41'),
(3, 2223, 'DIEGO RAFAEL', 'ROJO', 'IBARRA', 'ROID010125HSLJBGA7', 'ROID010125', '2001-01-25', '6941167269', 'drojo2615@gmail.com', 16, 16, 1, 3, 1, 'ING. TECNOLOGÍA AMBIENTAL', 3, 8.10, 'CU_ROID010125.pdf', 'AC_ROID010125.pdf', 'CO_ROID010125.pdf', 'ID_ROID010125.pdf', 'KX_ROID010125.pdf', 'PENDIENTE', '181d34aed32', 2, '2022-07-25 16:21:18', '2022-11-25 00:35:59'),
(4, 2223, 'AYLIN', 'GARCIA', 'LIZARRAGA', 'GALA041205MSLRZYA1', 'GALA041205', '2004-12-05', '6941195079', 'aygalizarraga@gmail.com', 1, 3, 1, 1, 2, 'LIC. ENFERMERÍA', 1, 9.50, 'CU_GALA041205.pdf', 'AC_GALA041205.pdf', 'CO_GALA041205.pdf', 'ID_GALA041205.pdf', 'KX_GALA041205.pdf', 'CN_GALA041205.PDF', '181d355eac9', 6, '2022-07-25 16:33:19', '2023-01-26 21:11:59'),
(5, 2223, 'ADAN', 'ARCE', 'GANDAR', 'AEGA030704HSLRNDA8', 'AEGA030704', '2003-07-04', '6691983380', '6691983380a@gmail.com', 1, 16, 1, 3, 1, 'ING. MECATRONICA', 1, 8.00, 'CU_AEGA030704.pdf', 'AC_AEGA030704.pdf', 'CO_AEGA030704.pdf', 'ID_AEGA030704.pdf', 'KX_AEGA030704.pdf', 'CN_AEGA030704.PDF', '181d3616540', 6, '2022-07-25 16:45:52', '2023-01-18 21:11:33'),
(6, 2223, 'NANCY ABIGAIL', 'RODRIGUEZ', 'ONTIVEROS', 'ROON040122MSLDNNA4', 'ROON040122', '2004-01-22', '6731431154', 'nr28716@gmail.com', 1, 1, 1, 1, 1, 'LIC. CONTADURÍA PÚBLICA', 1, 9.70, 'CU_ROON040122.pdf', 'AC_ROON040122.pdf', 'CO_ROON040122.pdf', 'ID_ROON040122.pdf', 'KX_ROON040122.pdf', 'PENDIENTE', '181d3972103', 1, '2022-07-25 17:44:37', '2022-09-04 01:03:22'),
(7, 2223, 'RUMERI MONSERRAT', 'VALDEZ', 'CORONA', 'VACR000326MSLLRMA7', 'VACR000326', '2000-03-26', '6941179966', 'rumerivaldez6@gmail.com', 3, 1, 2, 1, 1, 'QUIMICO FARMACÉUTICO BIÓLOGO', 5, 9.40, 'CU_VACR000326.pdf', 'AC_VACR000326.pdf', 'CO_VACR000326.pdf', 'ID_VACR000326.pdf', 'KX_VACR000326.pdf', 'CN_VACR000326.PDF', '181d3a8a8b5', 6, '2022-07-25 18:03:47', '2023-03-24 15:11:37'),
(8, 2223, 'ITZEL', 'VIZCARRA', 'OSUNA', 'VIOI010701MSLZSTA8', 'VIOI010701', '2001-07-01', '6692465400', 'itzelvizcarra77@gmail.com', 1, 1, 2, 1, 1, 'ING. AGRONOMIA', 4, 9.30, 'CU_VIOI010701.pdf', 'AC_VIOI010701.pdf', 'CO_VIOI010701.pdf', 'ID_VIOI010701.pdf', 'KX_VIOI010701.pdf', 'CN_VIOI010701.PDF', '181d3f369cd', 6, '2022-07-25 19:25:31', '2023-01-30 16:58:03'),
(9, 2223, 'JOSE JORGE', 'TIRADO', 'VALDES', 'TIVJ041112HSLRLRA1', 'TIVJ041112', '2004-11-12', '6692695174', 'jorge.tirado722@gmail.com', 4, 4, 1, 3, 1, 'ING. ENERGÍA', 1, 8.70, 'CU_TIVJ041112.pdf', 'AC_TIVJ041112.pdf', 'CO_TIVJ041112.pdf', 'ID_TIVJ041112.pdf', 'KX_TIVJ041112.pdf', 'CN_TIVJ041112.PDF', '181d409d23f', 7, '2022-07-25 19:50:01', '2023-01-18 15:44:00'),
(10, 2223, 'CARMEN GUADALUPE', 'IBARRA', 'ELIZONDO', 'IAEC020316MSLBLRA1', 'IAEC020316', '2002-03-16', '6941381508', 'carmengpeibarraelizondo@gmail.com', 1, 16, 1, 5, 2, 'LIC. EDUCACIÓN', 3, 8.60, 'CU_IAEC020316.pdf', 'AC_IAEC020316.pdf', 'CO_IAEC020316.pdf', 'ID_IAEC020316.pdf', 'KX_IAEC020316.pdf', 'PENDIENTE', '181d4215b77', 5, '2022-07-25 20:15:45', '2022-08-11 20:53:08'),
(11, 2223, 'JULIO CÉSAR', 'VIZCARRA', 'BERUMEN', 'VIBJ030917HSLZRLA6', 'VIBJ030917', '2003-09-17', '6949569291', 'vizcarrajuliocesar12@gmail.com', 1, 1, 1, 1, 3, 'ING. CIVIL', 2, 6.80, 'CU_VIBJ030917.pdf', 'AC_VIBJ030917.PDF', 'CO_VIBJ030917.PDF', 'ID_VIBJ030917.PDF', 'KX_VIBJ030917.PDF', 'CN_VIBJ030917.PDF', '181d4415e63', 6, '2022-07-25 20:50:45', '2023-02-02 15:55:51'),
(12, 2223, 'JAVIER ERNESTO', 'FLORES', 'BRITO', 'FOBJ000908HSLLRVA5', 'FOBJ000908', '2000-09-08', '6691531844', 'jajajavier008@gmail.com', 1, 1, 1, 4, 1, 'ING. MECÁNICA', 4, 8.10, 'CU_FOBJ000908.pdf', 'AC_FOBJ000908.pdf', 'CO_FOBJ000908.pdf', 'ID_FOBJ000908.pdf', 'KX_FOBJ000908.pdf', 'CN_FOBJ000908.PDF', '181d442e886', 6, '2022-07-25 20:52:26', '2023-02-01 21:25:19'),
(13, 2223, 'BRAYAN ANTONIO', 'AMILLANO', 'CISNEROS', 'AICB981102HSLMSR01', 'AICB981102', '1998-11-02', '6691012751', 'amillanobrayan5@gmail.com', 4, 4, 1, 1, 3, 'LIC. CONTADURÍA PÚBLICA', 5, 9.00, 'CU_AICB981102.pdf', 'AC_AICB981102.pdf', 'CO_AICB981102.pdf', 'ID_AICB981102.pdf', 'KX_AICB981102.pdf', 'CN_AICB981102.PDF', '181d4652917', 7, '2022-07-25 21:29:53', '2023-01-26 21:25:08'),
(14, 2223, 'AMAIRANI LIZETH', 'RAYGOZA', 'ALCARAZ', 'RAAA041117MSLYLMA8', 'RAAA041117', '2004-11-17', '6691063134', 'raygozaamairani62@gmail.com', 2, 2, 1, 1, 2, 'LIC. ENFERMERÍA', 1, 8.20, 'CU_RAAA041117.pdf', 'AC_RAAA041117.pdf', 'CO_RAAA041117.pdf', 'ID_RAAA041117.pdf', 'KX_RAAA041117.pdf', 'CN_RAAA041117.PDF', '181d4700f44', 6, '2022-07-25 21:41:48', '2023-02-02 15:17:22'),
(15, 2223, 'LEIDY NATALI', 'SANCHEZ', 'VELAZQUEZ', 'SAVL040613MSLNLDA3', 'SAVL040613', '2004-06-13', '6949518293', 'sanchezvelasquezleidynatali@gmail.com', 1, 1, 1, 1, 1, 'LIC. CONTADURÍA PÚBLICA', 1, 9.40, 'CU_SAVL040613.pdf', 'AC_SAVL040613.pdf', 'CO_SAVL040613.pdf', 'ID_SAVL040613.pdf', 'KX_SAVL040613.pdf', 'PENDIENTE', '181d47e675f', 1, '2022-07-25 21:57:29', '2022-09-05 16:25:26'),
(16, 2223, 'YESENIA', 'RIOS', 'RODRIGUEZ', 'RIRY020209MSLSDSA9', 'RIRY020209', '2002-02-09', '6941187154', 'yesyrios0209@gmail.com', 1, 1, 1, 1, 3, 'LIC. DERECHO', 3, 8.00, 'CU_RIRY020209.pdf', 'AC_RIRY020209.pdf', 'CO_RIRY020209.pdf', 'ID_RIRY020209.pdf', 'KX_RIRY020209.pdf', 'CN_RIRY020209.PDF', '181d47ebd39', 6, '2022-07-25 21:57:51', '2023-01-25 20:02:59'),
(17, 2223, 'CARLOS ALBERTO', 'BELTRAN', 'IBARGUEN', 'BEIC020412HSLLBRA0', 'BEIC020412', '2002-04-12', '6941104517', 'beltranibarguenc100@gmail.com', 1, 1, 1, 1, 1, 'ADMINISTRACION DE EMPRESAS', 3, 9.90, 'CU_BEIC020412.pdf', 'AC_BEIC020412.pdf', 'CO_BEIC020412.pdf', 'ID_BEIC020412.pdf', 'KX_BEIC020412.pdf', 'CN_BEIC020412.PDF', '181d48629aa', 6, '2022-07-25 22:05:58', '2023-01-27 21:23:26'),
(18, 2223, 'EDIZAMA', 'ROSAS', 'LANGARICA', 'ROLE000511MSLSNDA0', 'ROLE000511', '2000-05-11', '8116994114', 'edizamarosas18@gmail.com', 1, 1, 1, 1, 1, 'LIC. BIOLOGO PESQUERO', 5, 7.70, 'CU_ROLE000511.pdf', 'AC_ROLE000511.pdf', 'CO_ROLE000511.pdf', 'ID_ROLE000511.pdf', 'KX_ROLE000511.pdf', 'CN_ROLE000511.PDF', '181d48a2fe2', 7, '2022-07-25 22:10:22', '2023-03-13 18:34:53'),
(19, 2223, 'JOSE ROBERTO', 'SALAZAR', 'OSUNA', 'SAOR000927HBCLSBA7', 'SAOR000927', '2000-09-27', '6949566139', 'jose_osuna14@outlook.com', 1, 1, 1, 1, 1, 'LIC. EDUCACION FISICA', 4, 8.80, 'CU_SAOR000927.pdf', 'AC_SAOR000927.pdf', 'CO_SAOR000927.pdf', 'ID_SAOR000927.pdf', 'KX_SAOR000927.pdf', 'CN_SAOR000927.PDF', '181d490f486', 6, '2022-07-25 22:17:46', '2023-02-02 16:49:24'),
(20, 2223, 'LUIS ENRIQUE', 'OSUNA', 'ARELLANO', 'OUAL030512HMNSRSA4', 'OUAL030512', '2003-05-12', '6692768483', 'kike.osuna012@gmail.com', 1, 1, 1, 1, 1, 'LIC. CONTADURÍA PÚBLICA', 2, 7.70, 'CU_OUAL030512.pdf', 'AC_OUAL030512.pdf', 'CO_OUAL030512.pdf', 'ID_OUAL030512.pdf', 'KX_OUAL030512.pdf', 'CN_OUAL030512.PDF', '181d4ca416f', 6, '2022-07-25 23:20:25', '2023-01-30 15:22:12'),
(21, 2223, 'JOSUE MANUEL', 'REYES', 'ZATARAIN', 'REZJ040117HSLYTSA4', 'REZJ040117', '2004-01-17', '6692755595', 'jmrz5678@gmail.com', 1, 1, 1, 1, 1, 'LIC. MEDICINA GENERAL', 1, 10.00, 'CU_REZJ040117.pdf', 'AC_REZJ040117.pdf', 'CO_REZJ040117.pdf', 'ID_REZJ040117.pdf', 'KX_REZJ040117.pdf', 'CN_REZJ040117.PDF', '181d4cef35b', 6, '2022-07-25 23:25:33', '2023-02-10 17:04:06'),
(22, 2223, 'CARMEN ROCIO', 'MENDEZ', 'VELARDE', 'MEVC010513MSLNLRA1', 'MEVC010513', '2001-05-13', '6941086991', 'rociomv667@gmail.com', 1, 1, 1, 1, 1, 'ING. CIVIL', 3, 9.20, 'CU_MEVC010513.pdf', 'AC_MEVC010513.pdf', 'CO_MEVC010513.pdf', 'ID_MEVC010513.pdf', 'KX_MEVC010513.pdf', 'CN_MEVC010513.PDF', '181d4ea3c8d', 6, '2022-07-25 23:55:23', '2023-01-31 15:35:29'),
(23, 2223, 'JOAHN ENRIQUE', 'CASTRO', 'LIZARRAGA', 'CALJ990104HSLSZH08', 'CALJ990104', '1999-01-04', '6692720582', 'joahncastrolga@gmail.com', 1, 1, 1, 1, 1, 'LIC. DERECHO', 1, 9.80, 'CU_CALJ990104.pdf', 'AC_CALJ990104.pdf', 'CO_CALJ990104.pdf', 'ID_CALJ990104.pdf', 'KX_CALJ990104.pdf', 'PENDIENTE', '181d5483a67', 1, '2022-07-26 01:38:09', '2022-10-13 17:49:50'),
(24, 2223, 'EVELYN YARETZI', 'LOPEZ', '-', 'LOXE020629MSLPXVA3', 'LOXE020629', '2002-06-29', '6692674697', 'evelynyaretzi9@gmail.com', 1, 1, 1, 1, 1, 'LIC. TURISMO', 3, 9.70, 'CU_LOXE020629.pdf', 'AC_LOXE020629.pdf', 'CO_LOXE020629.pdf', 'ID_LOXE020629.pdf', 'KX_LOXE020629.pdf', 'CN_LOXE020629.PDF', '181d55109f5', 6, '2022-07-26 01:47:47', '2023-01-27 16:21:31'),
(25, 2223, 'JOEL ALBERTO', 'SIMENTAL', 'BELTRAN', 'SIBJ040403HSLMLLA6', 'SIBJ040403', '2004-04-03', '6692359218', 'beltranjoel428@gmail.com', 1, 1, 1, 1, 1, 'LIC. ENFERMERÍA', 1, 9.40, 'CU_SIBJ040403.pdf', 'AC_SIBJ040403.pdf', 'CO_SIBJ040403.pdf', 'ID_SIBJ040403.pdf', 'KX_SIBJ040403.pdf', 'CN_SIBJ040403.PDF', '181d572a6a0', 6, '2022-07-26 02:24:32', '2023-01-31 15:42:21'),
(26, 2223, 'LIZBETH', 'SERNA', 'MEDRANO', 'SEML030530MSLRDZA4', 'SEML030530', '2003-05-30', '6693328442', 'lizbethsernamedrano@gmail.com', 1, 5, 1, 1, 2, 'LIC. DERECHO', 2, 8.50, 'CU_SEML030530.pdf', 'AC_SEML030530.pdf', 'CO_SEML030530.pdf', 'ID_SEML030530.pdf', 'KX_SEML030530.pdf', 'PENDIENTE', '181d5f50f2d', 1, '2022-07-26 04:47:07', '2022-09-10 00:10:28'),
(27, 2223, 'JUAN PABLO', 'VALDEZ', 'NIEBLAS', 'VANJ040102HSLLBNA7', 'VANJ040102', '2004-01-02', '6949569437', 'judavaor632@gmail.com', 3, 3, 1, 3, 1, 'ING. MECATRÓNICA', 1, 9.90, 'CU_VANJ040102.pdf', 'AC_VANJ040102.pdf', 'CO_VANJ040102.pdf', 'ID_VANJ040102.pdf', 'KX_VANJ040102.pdf', 'CN_VANJ040102.PDF', '181d60cbf6b', 6, '2022-07-26 05:13:01', '2023-01-23 21:41:41'),
(28, 2223, 'VALERIA GUADALUPE', 'LIZARRAGA', 'OSUNA', 'LIOV990914MSLZSL04', 'LIOV990914', '1999-09-14', '6692189465', 'valerializarraga113@gmail.com', 1, 1, 1, 1, 2, 'LIC. CONTADURÍA PÚBLICA', 4, 9.40, 'CU_LIOV990914.pdf', 'AC_LIOV990914.pdf', 'CO_LIOV990914.pdf', 'ID_LIOV990914.pdf', 'KX_LIOV990914.pdf', 'PENDIENTE', '181d6189b71', 1, '2022-07-26 05:25:59', '2022-09-02 18:05:03'),
(29, 2223, 'EMILIANO', 'LOPEZ', 'OSUNA', 'LOOE041216HSLPSMA0', 'LOOE041216', '2004-12-16', '6691003334', 'emilianoosuna735@gmail.com', 13, 1, 1, 1, 1, 'LIC. INFORMÁTICA', 1, 9.80, 'CU__MtAq7k01t.pdf', 'AC__MtAq7k01t.pdf', 'CO__MtAq7k01t.pdf', 'ID__MtAq7k01t.pdf', 'KX__MtAq7k01t.pdf', 'CN_LOOE041216.PDF', '181d8644e67', 7, '2022-07-26 16:08:33', '2023-01-31 20:23:54'),
(30, 2223, 'JULIANA', 'VALDEZ', 'AGUIAR', 'VAAJ010720MSLLGLA2', 'VAAJ010720', '2001-07-20', '6693281081', 'julivalagui197@gmail.com', 1, 3, 1, 1, 2, 'LIC. GASTRONOMÍA', 4, 9.50, 'CU_VAAJ010720.pdf', 'AC_VAAJ010720.pdf', 'CO_VAAJ010720.pdf', 'ID_VAAJ010720.pdf', 'KX_VAAJ010720.pdf', 'CN_VAAJ010720.PDF', '181d89f8ae9', 6, '2022-07-26 17:13:19', '2023-02-01 15:22:17'),
(31, 2223, 'EVELYN', 'JIMENEZ', 'ZAMUDIO', 'JIZE010920MSLMMVA5', 'JIZE010920', '2001-09-20', '6941643382', 'jimenezzamudioevelyn7@gmail.com', 1, 1, 1, 1, 1, 'ING. CIVIL', 4, 9.70, 'CU_JIZE010920.pdf', 'AC_JIZE010920.pdf', 'CO_JIZE010920.pdf', 'ID_JIZE010920.pdf', 'KX_JIZE010920.pdf', 'CN_JIZE010920.PDF', '181d8b07e51', 6, '2022-07-26 17:31:51', '2023-02-07 16:32:04'),
(32, 2223, 'JESUS FABIAN', 'ORTEGA', 'MONTOYA', 'OEMJ021204HSLRNSA5', 'OEMJ021204', '2002-12-04', '6691887881', 'jesusfabianqw@gmail.com', 1, 1, 1, 1, 1, 'ING. CIVIL', 3, 7.60, 'CU_OEMJ021204.pdf', 'AC_OEMJ021204.pdf', 'CO_OEMJ021204.pdf', 'ID_OEMJ021204.pdf', 'KX_OEMJ021204.pdf', 'CN_OEMJ021204.PDF', '181d8c786c2', 6, '2022-07-26 17:57:02', '2023-02-01 15:24:40'),
(33, 2223, 'JESUS ARMANDO', 'RAMIREZ', 'OCHOA', 'RAOJ010903HSLMCSB0', 'RAOJ010903', '2001-09-03', '6691087133', 'jaro03090@gmail.com', 1, 1, 1, 1, 1, 'ING. CIVIL', 4, 9.40, 'CU_RAOJ010903.pdf', 'AC_RAOJ010903.pdf', 'CO_RAOJ010903.pdf', 'ID_RAOJ010903.pdf', 'KX_RAOJ010903.pdf', 'CN_RAOJ010903.PDF', '181d8dea69d', 6, '2022-07-26 18:22:19', '2023-01-30 21:00:57'),
(34, 2223, 'LUIS ANTONIO', 'VELARDE', 'ZATARAIN', 'VEZL030218HSLLTSA5', 'VEZL030218', '2003-02-18', '6941150885', 'luis.veza03@gmail.com', 1, 1, 2, 1, 2, 'ING. AGRONOMIA', 2, 9.50, 'CU_VEZL030218.pdf', 'AC_VEZL030218.pdf', 'CO_VEZL030218.pdf', 'ID_VEZL030218.pdf', 'KX_VEZL030218.pdf', 'CN_VEZL030218.PDF', '181d8ebfd2a', 6, '2022-07-26 18:36:54', '2023-01-30 21:02:08'),
(35, 2223, 'AMERICA ABDIGAIL', 'AGUIAR', 'RIOS', 'AURA001114MSLGSMA9', 'AURA001114', '2000-11-14', '6692768947', 'abdigailrios@gmail.com', 5, 1, 1, 1, 2, 'LIC. ENFERMERIA', 4, 9.00, 'CU_AURA001114.pdf', 'AC_AURA001114.pdf', 'CO_AURA001114.pdf', 'ID_AURA001114.pdf', 'KX_AURA001114.pdf', 'CN_AURA001114.PDF', '181d8f97ea4', 7, '2022-07-26 18:51:41', '2023-01-30 21:06:45'),
(36, 2223, 'MARIO', 'OSUNA', 'LIZARRAGA', 'OULM991027HSLSZR01', 'OULM991027', '1999-10-27', '6941173763', 'mariolizarraga1999@gmail.com', 1, 1, 1, 1, 1, 'LIC. DERECHO', 3, 8.50, 'CU_OULM991027.pdf', 'AC_OULM991027.pdf', 'CO_OULM991027.pdf', 'ID_OULM991027.pdf', 'KX_OULM991027.pdf', 'CN_OULM991027.PDF', '181d92a26ec', 6, '2022-07-26 19:44:52', '2023-01-31 15:54:01'),
(37, 2223, 'MIRNA LUCERO', 'GONZÁLEZ', 'GARCÍA', 'GOGM961013MDGNRR04', 'GOGM961013', '1996-10-13', '6692291135', 'gonlucero972@gmail.com', 9, 1, 1, 1, 1, 'LIC. PSICOLOGÍA', 1, 8.40, 'CU__42OQM9Bnl.pdf', 'AC__42OQM9Bnl.pdf', 'CO__42OQM9Bnl.pdf', 'ID__42OQM9Bnl.pdf', 'KX__42OQM9Bnl.pdf', 'PENDIENTE', '181d96210b8', 4, '2022-07-26 20:46:00', '2022-09-01 20:44:45'),
(38, 2223, 'KORELY', 'TIRADO', 'OSUNA', 'TIOK001101MSLRSRA7', 'TIOK001101', '2000-11-01', '6691494007', 'korelyt@gmail.com', 3, 3, 1, 5, 1, 'LIC. EDUCACIÓN', 4, 9.20, 'CU__7WkvPGKqE.pdf', 'AC__7WkvPGKqE.pdf', 'CO__7WkvPGKqE.pdf', 'ID__7WkvPGKqE.pdf', 'KX__7WkvPGKqE.pdf', 'PENDIENTE', '181d972fc52', 5, '2022-07-26 21:04:30', '2022-08-15 04:15:13'),
(39, 2223, 'SILVIA ELIZABETH', 'DIAZ', 'NORIEGA', 'DINS030103MSLZRLA0', 'DINS030103', '2003-01-03', '6692282118', 'silvia.dino030103@gmail.com', 1, 1, 1, 1, 2, 'LIC. ENFERMERIA', 2, 8.70, 'CU_DINS030103.pdf', 'AC_DINS030103.pdf', 'CO_DINS030103.pdf', 'ID_DINS030103.pdf', 'KX_DINS030103.pdf', 'CN_DINS030103.PDF', '181d9782737', 6, '2022-07-26 21:10:09', '2023-02-10 16:59:26'),
(40, 2223, 'PAULINA', 'DELGADO', 'VELARDE', 'DEVP020411MSLLLLA0', 'DEVP020411', '2002-04-11', '6692272287', 'paulinadelgadovelarde@gmail.com', 1, 1, 1, 1, 3, 'LIC. COMERCIO INTERNACIONAL', 3, 8.00, 'CU__JjmubJLBm.pdf', 'AC__JjmubJLBm.pdf', 'CO__JjmubJLBm.pdf', 'ID__JjmubJLBm.pdf', 'KX__JjmubJLBm.pdf', 'CN_DEVP020411.PDF', '181d98079e5', 6, '2022-07-26 21:19:15', '2023-01-31 15:54:49'),
(41, 2223, 'LILIAN MARIA', 'DIAZ', 'NORIEGA', 'DINL030103MSLZRLA0', 'DINL030103', '2003-01-03', '6692282190', 'lilian.dino0301@gmail.com', 1, 1, 1, 1, 2, 'LIC. ENFERMERIA', 2, 8.90, 'CU_DINL030103.pdf', 'AC_DINL030103.pdf', 'CO_DINL030103.pdf', 'ID_DINL030103.pdf', 'KX_DINL030103.pdf', 'CN_DINL030103.PDF', '181d9924007', 6, '2022-07-26 21:38:41', '2023-02-07 16:33:31'),
(42, 2223, 'JOSE LUIS', 'SILVA', 'REYES', 'SIRL650226HSLLYS07', 'SIRL650226', '1965-02-26', '6941100764', 'silvajoseluis953@gmail.com', 1, 1, 1, 1, 1, 'LIC. SOCIOLOGIA', 3, 9.70, 'CU_SIRL650226.pdf', 'AC_SIRL650226.pdf', 'CO_SIRL650226.pdf', 'ID_SIRL650226.pdf', 'KX_SIRL650226.pdf', 'CN_SIRL650226.PDF', '181d9b62dda', 6, '2022-07-26 22:17:58', '2023-01-28 18:39:05'),
(43, 2223, 'DANIELA GUADALUPE', 'FLORES', 'CANIZALES', 'FOCD021217MSLLNNA4', 'FOCD021217', '2002-12-17', '6691170140', 'danielaflorescanizales@gmail.com', 1, 1, 1, 1, 1, 'LIC. MERCADOTECNIA', 3, 9.20, 'CU__QgF3Xi7VQ.pdf', 'AC__QgF3Xi7VQ.pdf', 'CO__QgF3Xi7VQ.pdf', 'ID__QgF3Xi7VQ.pdf', 'KX__QgF3Xi7VQ.pdf', 'CN_FOCD021217.PDF', '181d9b7b02f', 6, '2022-07-26 22:19:37', '2023-01-28 18:39:47'),
(44, 2223, 'LINDSAY GUADALUPE', 'OCHOA', 'DIAZ', 'OODL001210MSLCZNA0', 'OODL001210', '2000-12-10', '6693309630', 'lindsay.ochoa16@gmail.com', 1, 1, 1, 1, 1, 'LIC. COMERCIO INTERNACIONAL', 4, 9.20, 'CU_OODL001210.pdf', 'AC_OODL001210.pdf', 'CO_OODL001210.pdf', 'ID_OODL001210.pdf', 'KX_OODL001210.pdf', 'CN_OODL001210.PDF', '181d9eb748b', 6, '2022-07-26 23:16:13', '2023-01-26 21:19:41'),
(45, 2223, 'ARCELIA', 'HERNANDEZ', 'PERAZA', 'HEPA991221MSLRRR03', 'HEPA991221', '1999-12-21', '6949512801', 'arceliahernandezperaza@gmail.com', 1, 1, 1, 1, 1, 'ING. CIVIL', 5, 9.30, 'CU_HEPA991221.pdf', 'AC_HEPA991221.pdf', 'CO_HEPA991221.pdf', 'ID_HEPA991221.pdf', 'KX_HEPA991221.pdf', 'PENDIENTE', '181da0afa97', 1, '2022-07-26 23:50:41', '2023-01-16 18:02:31'),
(46, 2223, 'MARIA FERNANDA', 'NIEBLA', 'GARZON', 'NIGF040918MSLBRRA0', 'NIGF040918', '2004-09-18', '6941192368', 'fernanda.gzon@gmail.com', 1, 1, 1, 1, 1, 'LIC. MEDICINA GENERAL', 1, 9.60, 'CU_NIGF040918.pdf', 'AC_NIGF040918.pdf', 'CO_NIGF040918.pdf', 'ID_NIGF040918.pdf', 'KX_NIGF040918.pdf', 'CN_NIGF040918.PDF', '181da837a9e', 6, '2022-07-27 02:02:26', '2023-02-16 20:45:52'),
(47, 2223, 'LUCIA ANAHÍ', 'RUEDA', 'AVILA', 'RUAL040926MSLDVCA5', 'RUAL040926', '2004-09-26', '6699941117', 'anahiruedaavila@gmail.com', 12, 12, 1, 3, 1, 'LIC. TERAPIA FÍSICA', 1, 9.40, 'CU__hwViFekDP.pdf', 'AC__hwViFekDP.pdf', 'CO__hwViFekDP.pdf', 'ID__hwViFekDP.pdf', 'KX__hwViFekDP.pdf', 'PENDIENTE', '181dd3514bf', 2, '2022-07-27 14:36:25', '2022-11-25 00:36:28'),
(48, 2223, 'CARMEN DANIELA', 'PAEZ', 'MARTINEZ', 'PAMC011027MSLZRRA1', 'PAMC011027', '2001-10-27', '6941160068', 'carmendpaezm@gmail.com', 15, 15, 1, 1, 2, 'LIC. ENFERMERÍA', 4, 9.50, 'CU_PAMC011027.pdf', 'AC_PAMC011027.pdf', 'CO_PAMC011027.pdf', 'ID_PAMC011027.pdf', 'KX_PAMC011027.pdf', 'CN_PAMC011027.PDF', '181dde4a023', 7, '2022-07-27 17:48:21', '2023-01-26 21:25:37'),
(49, 2223, 'VALERIA', 'MARTINEZ', 'LOPEZ', 'MALV040320MSLRPLA1', 'MALV040320', '2004-03-20', '6692513477', 'valeriaaa2025@gmail.com', 1, 1, 1, 1, 1, 'LIC. ENSEÑANZA DEL INGLÉS', 1, 10.00, 'CU_MALV040320.pdf', 'AC_MALV040320.pdf', 'CO_MALV040320.pdf', 'ID_MALV040320.pdf', 'KX_MALV040320.pdf', 'CN_MALV040320.PDF', '181ddfcfc15', 6, '2022-07-27 18:14:59', '2023-02-07 16:34:10'),
(50, 2223, 'PEDRO', 'TORRES', 'LIMÓN', 'TOLP020410HSLRMDA7', 'TOLP020410', '2002-04-04', '6692455618', 'pt257232@gmail.com', 7, 7, 1, 1, 1, 'ING. CIVIL', 3, 9.70, 'CU__10vckHAxp.pdf', 'AC__10vckHAxp.pdf', 'CO__10vckHAxp.pdf', 'ID__10vckHAxp.pdf', 'KX__10vckHAxp.pdf', 'CN_TOLP020410.PDF', '181de004316', 7, '2022-07-27 18:18:34', '2023-01-31 20:24:32'),
(51, 2223, 'XIMENA GUADALUPE', 'LOPEZ', 'DIAZ', 'LODX040106MSLPZMA7', 'LODX040106', '2004-01-06', '6941166171', 'xigpelo6@gmail.com', 1, 1, 2, 21, 2, 'LIC. EDUCACIÓN PREESCOLAR', 1, 9.90, 'CU_LODX040106.pdf', 'AC_LODX040106.pdf', 'CO_LODX040106.pdf', 'ID_LODX040106.pdf', 'KX_LODX040106.pdf', 'CN_LODX040106.PDF', '181de13686e', 6, '2022-07-27 18:39:30', '2023-02-02 15:20:12'),
(52, 2223, 'JULIO CESAR', 'ZAMUDIO', 'DIAZ', 'ZADJ040929HSLMZLA5', 'ZADJ040929', '2004-09-29', '6699324832', 'juliozamudio222@gmail.com', 1, 1, 1, 1, 1, 'LIC. BIOLOGO ACUACULTOR', 1, 8.80, 'CU_ZADJ040929.pdf', 'AC_ZADJ040929.pdf', 'CO_ZADJ040929.pdf', 'ID_ZADJ040929.pdf', 'KX_ZADJ040929.pdf', 'CN_ZADJ040929.PDF', '181de3294b9', 6, '2022-07-27 19:13:35', '2023-02-16 21:57:33'),
(53, 2223, 'BRAYAN', 'BRITO', 'LIZARRAGA', 'BILB011207HSLRZRA2', 'BILB011207', '2001-12-07', '6941163029', 'brayanlga07@gmail.com', 1, 1, 1, 1, 3, 'LIC. DERECHO', 3, 6.70, 'CU_BILB011207.pdf', 'AC_BILB011207.pdf', 'CO_BILB011207.pdf', 'ID_BILB011207.pdf', 'KX_BILB011207.pdf', 'CN_BILB011207.PDF', '181de3bd18b', 6, '2022-07-27 19:23:41', '2023-01-25 20:03:55'),
(54, 2223, 'YULIANA DAYANARA', 'OCHOA', 'DIAZ', 'OODY041108MSLCZLA3', 'OODY041108', '2004-11-08', '6941101862', 'ochoadiazyuliana@gmail.com', 1, 1, 1, 1, 1, 'LIC. COMERCIO INTERNACIONAL', 1, 9.40, 'CU_OODY041108.pdf', 'AC_OODY041108.pdf', 'CO_OODY041108.pdf', 'ID_OODY041108.pdf', 'KX_OODY041108.pdf', 'CN_OODY041108.PDF', '181de7c9e68', 6, '2022-07-27 20:34:32', '2023-01-30 15:23:01'),
(55, 2223, 'GISELA BERENICE', 'VALLE', 'JARA', 'VAJG040514MSLLRSA8', 'VAJG040514', '2004-05-14', '6941193135', 'giselavalle273@gmail.com', 24, 1, 1, 1, 1, 'LIC. DERECHO', 1, 9.90, 'CU_VAJG040514.pdf', 'AC_VAJG040514.pdf', 'CO_VAJG040514.pdf', 'ID_VAJG040514.pdf', 'KX_VAJG040514.pdf', 'CN_VAJG040514.PDF', '181de92b8ce', 7, '2022-07-27 20:58:42', '2023-01-31 20:25:34'),
(56, 2223, 'JESUS DAVID', 'TIRADO', 'RAMOS', 'TIRJ030822HSLRMSA6', 'TIRJ030822', '2003-08-22', '6941189115', 'tiradodavid049@gmail.com', 1, 1, 1, 1, 1, 'LIC. EDUCACION FISICA', 2, 8.40, 'CU_TIRJ030822.pdf', 'AC_TIRJ030822.pdf', 'CO_TIRJ030822.pdf', 'ID_TIRJ030822.pdf', 'KX_TIRJ030822.pdf', 'CN_TIRJ030822.PDF', '181deb92a84', 6, '2022-07-27 21:40:44', '2023-01-30 15:24:06'),
(57, 2223, 'KARLA GUADALUPE', 'MARTINEZ', 'LOPEZ', 'MALK021227MSLRPRA2', 'MALK021227', '2002-12-27', '6692725637', 'karlitamtnz37@gmail.com', 1, 1, 1, 1, 1, 'LIC. DERECHO', 3, 9.40, 'CU_MALK021227.pdf', 'AC_MALK021227.pdf', 'CO_MALK021227.pdf', 'ID_MALK021227.pdf', 'KX_MALK021227.pdf', 'CN_MALK021227.PDF', '181debdd0bb', 6, '2022-07-27 21:45:49', '2023-02-02 17:57:05'),
(58, 2223, 'JESUS MIGUEL', 'CABANILLAS', 'LOPEZ', 'CALJ040327HSLBPSA4', 'CALJ040327', '2004-03-27', '6941196140', 'miguelcabanillaslopez23@gmail.com', 1, 1, 1, 1, 1, 'LIC. MEDICINA GENERAL', 1, 9.90, 'CU_CALJ040327.pdf', 'AC_CALJ040327.pdf', 'CO_CALJ040327.pdf', 'ID_CALJ040327.pdf', 'KX_CALJ040327.pdf', 'CN_CALJ040327.PDF', '181defb1059', 6, '2022-07-27 22:52:47', '2023-02-08 20:41:25'),
(59, 2223, 'MARIANA KARIME', 'MONROY', 'MORAN', 'MOMM040306MSLNRRA2', 'MOMM040306', '2004-03-06', '6941100026', 'marianakarime@gmail.com', 1, 1, 1, 1, 1, 'LIC. NUTRICIÓN', 1, 9.90, 'CU_MOMM040306.pdf', 'AC_MOMM040306.pdf', 'CO_MOMM040306.pdf', 'ID_MOMM040306.pdf', 'KX_MOMM040306.pdf', 'CN_MOMM040306.PDF', '181df765e68', 6, '2022-07-28 01:07:36', '2023-01-31 15:55:47'),
(60, 2223, 'MARIA GUADALUPE', 'SANCHEZ', 'TORRES', 'SATG010912MSLNRDA7', 'SATG010912', '2001-09-12', '6692664018', 'lupita.torres9393@gmail.com', 7, 7, 1, 1, 1, 'ADMINISTRACION DE EMPRESAS', 4, 9.80, 'CU_SATG010912.pdf', 'AC_SATG010912.pdf', 'CO_SATG010912.pdf', 'ID_SATG010912.pdf', 'KX_SATG010912.pdf', 'CN_SATG010912.PDF', '181dff6bc0b', 7, '2022-07-28 03:27:57', '2023-01-26 21:26:10'),
(61, 2223, 'KAREN KIMBERLY', 'PICOS', 'DE LA ROSA', 'PIRK020625MSLCSRA6', 'PIRK020625', '2002-06-25', '6691298227', 'picoskimberly156@gmail.com', 1, 1, 1, 1, 2, 'LIC. DERECHO', 3, 9.20, 'CU_PIRK020625.pdf', 'AC_PIRK020625.pdf', 'CO_PIRK020625.pdf', 'ID_PIRK020625.pdf', 'KX_PIRK020625.pdf', 'CN_PIRK020625.PDF', '181e01877ee', 6, '2022-07-28 04:04:50', '2023-02-02 15:23:04'),
(62, 2223, 'DIANA LAURA', 'OSUNA', 'LOPEZ', 'OULD000330MSLSPNA6', 'OULD000330', '2000-03-30', '6699931167', 'dianaosunalopez.30@gmail.com', 1, 1, 1, 1, 2, 'LIC. CRIMINALÍSTICA', 5, 9.90, 'CU_OULD000330.pdf', 'AC_OULD000330.pdf', 'CO_OULD000330.pdf', 'ID_OULD000330.pdf', 'KX_OULD000330.pdf', 'CN_OULD000330.PDF', '181e05a9465', 6, '2022-07-28 05:17:07', '2023-02-01 18:19:36'),
(63, 2223, 'ARIAM VALERIA', 'PARDO', 'TERAN', 'PATA021227MSLRRRA8', 'PATA021227', '2002-12-27', '6941643733', 'pardovaleria30@gmail.com', 1, 1, 1, 1, 1, 'LIC. ENFERMERÍA', 2, 8.00, 'CU__hu3uLQf8e.pdf', 'AC__hu3uLQf8e.pdf', 'CO__hu3uLQf8e.pdf', 'ID__hu3uLQf8e.pdf', 'KX__hu3uLQf8e.pdf', 'CN_PATA021227.PDF', '181e305cf58', 6, '2022-07-28 17:44:09', '2023-01-26 21:20:31'),
(64, 2223, 'IVAN ALEJANDRO', 'BRITO', 'LIZARRAGA', 'BILI000804HSLRZVA1', 'BILI000804', '2000-08-04', '6941175951', 'britolizarragaivanalejandro@gmail.com', 1, 1, 1, 1, 1, 'ING. CIVIL', 3, 6.00, 'CU__Cvoalu4jj.pdf', 'AC__Cvoalu4jj.pdf', 'CO__Cvoalu4jj.pdf', 'ID__Cvoalu4jj.pdf', 'KX__Cvoalu4jj.pdf', 'PENDIENTE', '181e348a71f', 4, '2022-07-28 18:57:13', '2022-10-18 18:52:27'),
(65, 2223, 'GEORGINA AZAREEL', 'PORTILLO', 'PORTILLO', 'POPG041003MSLRRRB7', 'POPG041003', '2004-10-03', '6693295710', 'georgi0310@hotmail.com', 16, 1, 1, 5, 2, 'LIC. EDUCACIÓN', 1, 9.80, 'CU_POPG041003.pdf', 'AC_POPG041003.pdf', 'CO_POPG041003.pdf', 'ID_POPG041003.pdf', 'KX_POPG041003.pdf', 'PENDIENTE', '181e352a70f', 5, '2022-07-28 19:08:09', '2022-08-11 20:54:25'),
(66, 2223, 'WENDY MICHELL', 'BRITO', 'LIZARRAGA', 'BILW030110MSLRZNA7', 'BILW030110', '2003-01-10', '6941169954', 'michelbritoarg@gmail.com', 1, 1, 1, 1, 1, 'LIC. ENFERMERÍA', 1, 7.60, 'CU_BILW030110.pdf', 'AC_BILW030110.pdf', 'CO_BILW030110.pdf', 'ID_BILW030110.pdf', 'KX_BILW030110.pdf', 'PENDIENTE', '181e3559c1d', 4, '2022-07-28 19:11:23', '2022-10-27 20:08:58'),
(67, 2223, 'RODOLFO', 'HERNANDEZ', 'SALAZAR', 'HESR031104HSLRLDA6', 'HESR031104', '2003-11-04', '6941161257', 'thebinsxd@outlook.com', 1, 1, 1, 1, 1, 'LIC. DERECHO', 2, 8.90, 'CU_HESR031104.pdf', 'AC_HESR031104.pdf', 'CO_HESR031104.pdf', 'ID_HESR031104.pdf', 'KX_HESR031104.pdf', 'CN_HESR031104.PDF', '181e36474ff', 6, '2022-07-28 19:27:37', '2023-02-01 15:26:40'),
(68, 2223, 'LUISA FERNANDA', 'OSUNA', 'GARZON', 'OUGL031106MSLSRSA7', 'OUGL031106', '2003-11-06', '6692557361', 'luisafer6113@gmail.com', 1, 1, 2, 1, 2, 'QUÍMICO FARMACÉUTICO BIÓLOGO', 2, 9.00, 'CU_OUGL031106.pdf', 'AC_OUGL031106.pdf', 'CO_OUGL031106.pdf', 'ID_OUGL031106.pdf', 'KX_OUGL031106.pdf', 'CN_OUGL031106.PDF', '181e36fc0a2', 6, '2022-07-28 19:39:58', '2023-02-01 20:34:42'),
(69, 2223, 'VICTOR ALEJANDRO', 'BELTRAN', 'NIEBLA', 'BENV040516HSLLBCA5', 'BENV040516', '2004-05-16', '6951133030', 'venadomatado16@gmail.com', 1, 1, 2, 1, 1, 'ING. AGRONOMIA', 1, 8.00, 'CU_BENV040516.pdf', 'AC_BENV040516.pdf', 'CO_BENV040516.pdf', 'ID_BENV040516.pdf', 'KX_BENV040516.pdf', 'CN_BENV040516.PDF', '181e3e0e3d4', 6, '2022-07-28 21:43:41', '2023-02-24 17:13:09'),
(70, 2223, 'CESAR', 'MARIN', 'PEREZ', 'MAPC040210HSLRRSA0', 'MAPC040210', '2004-02-10', '6692766573', 'cesar.marin1090@gmail.com', 12, 12, 1, 1, 1, 'LIC. BIÓLOGO ACUACULTOR', 1, 9.10, 'CU_MAPC040210.pdf', 'AC_MAPC040210.pdf', 'CO_MAPC040210.pdf', 'ID_MAPC040210.pdf', 'KX_MAPC040210.pdf', 'PENDIENTE', '181e3e12244', 4, '2022-07-28 21:43:56', '2022-07-29 17:00:12'),
(71, 2223, 'OMAR ULISES', 'LIZÁRRAGA', 'AVILA', 'LIAO030604HSLZVMA1', 'LIAO030604', '2003-06-04', '6949518013', 'omar.lizavi04@gmail.com', 1, 1, 1, 4, 1, 'ING. ELECTRÓNICA', 1, 9.00, 'CU__6IRfYXQ6i.pdf', 'AC__6IRfYXQ6i.pdf', 'CO__6IRfYXQ6i.pdf', 'ID__6IRfYXQ6i.pdf', 'KX__6IRfYXQ6i.pdf', 'CN_LIAO030604.PDF', '181e3f07038', 6, '2022-07-28 22:00:40', '2023-03-01 21:00:18'),
(72, 2223, 'NADIA HAYLEY', 'LIZARRAGA', 'ZAMUDIO', 'LIZN020104MSLZMDA0', 'LIZN020104', '2002-01-04', '6691023670', 'hayleylz@hotmail.com', 1, 1, 1, 1, 1, 'ING. PROCESOS INDUSTRIALES', 3, 7.90, 'CU_LIZN020104.pdf', 'AC_LIZN020104.pdf', 'CO_LIZN020104.pdf', 'ID_LIZN020104.pdf', 'KX_LIZN020104.pdf', 'CN_LIZN020104.PDF', '181e45d4ec2', 6, '2022-07-28 23:59:42', '2023-02-02 15:24:36'),
(73, 2223, 'BRIANDA LIZBETH', 'PERAZA', 'LOPEZ', 'PELB011110MSLRPRB2', 'PELB011110', '2001-11-10', '6941192424', 'lizbethperaza10@gmail.com', 1, 1, 1, 1, 1, 'ING. PROCESOS INDUSTRIALES', 3, 8.30, 'CU__SyEviv9ir.pdf', 'AC__SyEviv9ir.pdf', 'CO__SyEviv9ir.pdf', 'ID__SyEviv9ir.pdf', 'KX__SyEviv9ir.pdf', 'CN_PELB011110.PDF', '181e842575b', 6, '2022-07-29 18:09:49', '2023-02-01 22:32:53'),
(74, 2223, 'ROBERT DUWA', 'ALCARAZ', 'PEINADO', 'AAPR040407HSLLNBA0', 'AAPR040407', '2004-04-07', '6949517136', 'alcarazpeinadorobertduwa@gmail.com', 2, 2, 1, 4, 1, 'ING. MECÁNICA', 1, 9.00, 'CU__3gpKZLRyC.pdf', 'AC__3gpKZLRyC.pdf', 'CO__3gpKZLRyC.pdf', 'ID__3gpKZLRyC.pdf', 'KX_AAPR040407.PDF', 'CN_AAPR040407.PDF', '181e84d7811', 6, '2022-07-29 18:21:59', '2023-02-10 17:01:51'),
(75, 2223, 'ANGELICA DEL CARMEN', 'CUEVAS', 'BELTRAN', 'CUBA011117MSLVLNA4', 'CUBA011117', '2001-11-17', '6693289456', 'angy.carmen17@gmail.com', 1, 1, 1, 1, 1, 'ING. CIVIL', 3, 9.40, 'CU__7Nk00SKTD.pdf', 'AC__7Nk00SKTD.pdf', 'CO__7Nk00SKTD.pdf', 'ID__7Nk00SKTD.pdf', 'KX__7Nk00SKTD.pdf', 'CN_CUBA011117.PDF', '181e88cc680', 6, '2022-07-29 19:31:13', '2023-01-30 21:43:06'),
(76, 2223, 'ANDRES MANUEL', 'MEDINA', 'MONROY', 'MEMA040607HNTDNNA0', 'MEMA040607', '2004-06-07', '6941103134', 'andmanuel07med@gmail.com', 1, 1, 1, 1, 2, 'LIC. INFORMATICA', 1, 9.20, 'CU_MEMA040607.pdf', 'AC_MEMA040607.pdf', 'CO_MEMA040607.pdf', 'ID_MEMA040607.pdf', 'KX_MEMA040607.pdf', 'PENDIENTE', '181e899002e', 1, '2022-07-29 19:44:34', '2022-09-06 19:09:43'),
(77, 2223, 'JARED ALEJANDRO', 'MUÑOZ', 'GALINDO', 'MUGJ020321HSLXLRA5', 'MUGJ020321', '2002-03-21', '6949518912', 'jaredalex406@gmail.com', 1, 1, 1, 1, 2, 'LIC. COMERCIO INTERNACIONAL', 3, 8.70, 'CU__iXvY1jnWm.pdf', 'AC__iXvY1jnWm.pdf', 'CO__iXvY1jnWm.pdf', 'ID__iXvY1jnWm.pdf', 'KX__iXvY1jnWm.pdf', 'CN_MUGJ020321.PDF', '181e89fe7f1', 6, '2022-07-29 19:52:07', '2023-01-26 21:22:20'),
(78, 2223, 'JESÚS FRANCISCO', 'OCHOA', 'FIGUEROA', 'OOFJ030704HSLCGSA2', 'OOFJ030704', '2003-07-04', '6941382007', 'jesus.ocfi@gmail.com', 3, 3, 1, 1, 1, 'ING. CIVIL', 2, 8.00, 'CU__JOBIVPASr.pdf', 'AC__JOBIVPASr.pdf', 'CO__JOBIVPASr.pdf', 'ID__JOBIVPASr.pdf', 'KX__JOBIVPASr.pdf', 'CN_OOFJ030704.PDF', '181e8e45590', 6, '2022-07-29 21:06:56', '2023-02-02 16:51:18'),
(79, 2223, 'DALIA ALEJANDRA', 'DELGADO', 'LIZARRAGA', 'DELD030717MSLLZLA1', 'DELD030717', '2003-07-17', '6691178204', 'obdulializ12@gmail.com', 5, 5, 2, 1, 1, 'ING. AGRONOMIA', 2, 9.80, 'CU_DELD030717.pdf', 'AC_DELD030717.pdf', 'CO_DELD030717.pdf', 'ID_DELD030717.pdf', 'KX_DELD030717.pdf', 'CN_DELD030717.PDF', '181e94df8ce', 6, '2022-07-29 23:02:26', '2023-03-23 17:35:19'),
(80, 2223, 'YEHIMY ROCHELLY', 'AGÜERO', 'BERGEZ', 'AUBY031019MSLGRHA2', 'AUBY031019', '2003-10-19', '6691551222', 'yehimy.agber@gmail.com', 1, 1, 1, 1, 2, 'LIC. ENSEÑANZA DEL INGLÉS', 1, 9.30, 'CU_AUBY031019.pdf', 'AC_AUBY031019.pdf', 'CO_AUBY031019.pdf', 'ID_AUBY031019.pdf', 'KX_AUBY031019.pdf', 'PENDIENTE', '181e9896fd9', 1, '2022-07-30 00:07:27', '2022-09-12 15:27:13'),
(81, 2223, 'ARIANA MAYLETH', 'GARAY', 'PERAZA', 'GAPA031025MSLRRRA9', 'GAPA031025', '2003-10-25', '6941150506', 'garayperazaa@gmail.com', 1, 1, 1, 1, 1, 'LIC. CIENCIAS DE LA EDUCACIÓN', 2, 9.90, 'CU_GAPA031025.pdf', 'AC_GAPA031025.pdf', 'CO_GAPA031025.pdf', 'ID_GAPA031025.pdf', 'KX_GAPA031025.pdf', 'CN_GAPA031025.PDF', '181e9cf060c', 6, '2022-07-30 01:23:32', '2023-01-28 18:41:33'),
(82, 2223, 'PEDRO PAUL', 'ZAMUDIO', 'SANCHEZ', 'ZASP030120HSLMNDA2', 'ZASP030120', '2003-01-20', '6691462935', 'zamudiospedro@gmail.com', 1, 1, 1, 3, 1, 'ING. BIOTECNOLOGÍA', 1, 8.80, 'CU_ZASP030120.pdf', 'AC_ZASP030120.pdf', 'CO_ZASP030120.pdf', 'ID_ZASP030120.pdf', 'KX_ZASP030120.pdf', 'CN_ZASP030120.PDF', '181eee16fe2', 6, '2022-07-31 01:03:10', '2023-02-02 15:25:34'),
(83, 2223, 'RUBI AZUCENA', 'LEYVA', 'LOPEZ', 'LELR021013MSLYPBA6', 'LELR021013', '2002-10-13', '6692903277', 'rubiazucenaleyva@gmail.com', 1, 1, 1, 1, 1, 'LIC. NUTRICION', 2, 8.80, 'CU__a9TnaRunU.pdf', 'AC__a9TnaRunU.pdf', 'CO__a9TnaRunU.pdf', 'ID__a9TnaRunU.pdf', 'KX__a9TnaRunU.pdf', 'CN_LELR021013.PDF', '181eefea4c6', 6, '2022-07-31 01:35:06', '2023-02-01 15:35:44'),
(84, 2223, 'MIGUEL ANGEL', 'MONROY', 'MORAN', 'MOMM020221HSLNRGA0', 'MOMM020221', '2002-02-21', '6692206309', 'raze9292@gmail.com', 1, 1, 1, 1, 1, 'LIC. EN PSICOLOGÍA', 1, 9.20, 'CU_MOMM020221.pdf', 'AC_MOMM020221.pdf', 'CO_MOMM020221.pdf', 'ID_MOMM020221.pdf', 'KX_MOMM020221.pdf', 'CN_MOMM020221.PDF', '181efc63e10', 6, '2022-07-31 05:13:20', '2023-03-04 17:07:52'),
(85, 2223, 'JOANNA YAMILET', 'OSUNA', 'GARAY', 'OUGJ040912MSLSRNA2', 'OUGJ040912', '2004-09-12', '6691602806', 'yamiletosuna29@gmail.com', 1, 1, 1, 13, 1, 'LIC. ENFERMERÍA', 1, 7.50, 'CU_OUGJ040912.pdf', 'AC_OUGJ040912.pdf', 'CO_OUGJ040912.pdf', 'ID_OUGJ040912.pdf', 'KX_OUGJ040912.pdf', 'PENDIENTE', '181f413a602', 4, '2022-08-01 01:17:34', '2022-08-11 20:27:37'),
(86, 2223, 'JUAN ANTONIO', 'OCHOA', 'OSUNA', 'OOOJ030602HSLCSNA7', 'OOOJ030602', '2003-06-02', '6691636070', 'ochoaosunajuanantonio@gmail.com', 1, 1, 1, 1, 1, 'ING. CIVIL', 2, 8.50, 'CU__BQdWTdnUB.pdf', 'AC__BQdWTdnUB.pdf', 'CO__BQdWTdnUB.pdf', 'ID__BQdWTdnUB.pdf', 'KX__BQdWTdnUB.pdf', 'CN_OOOJ030602.PDF', '181f79102c4', 6, '2022-08-01 17:34:20', '2023-02-01 15:40:41'),
(87, 2223, 'KEVIN', 'FITCH', 'ROJAS', 'FIRK020405HSLTJVA4', 'FIRK020405', '2002-04-05', '6941198282', 'raflesfitch@gmail.com', 1, 1, 1, 1, 1, 'LIC. SOCIOLOGIA', 3, 9.40, 'CU__mGlf0tp5Y.pdf', 'AC__mGlf0tp5Y.pdf', 'CO__mGlf0tp5Y.pdf', 'ID__mGlf0tp5Y.pdf', 'KX__mGlf0tp5Y.pdf', 'CN_FIRK020405.PDF', '181f7b28805', 7, '2022-08-01 18:10:59', '2023-02-27 21:14:33'),
(88, 2223, 'BRIANA JAEL', 'SALAZAR', 'OSUNA', 'SAOB010515MSLLSRA0', 'SAOB010515', '2001-05-15', '6692233865', 'brianajael1505@gmail.com', 1, 1, 1, 6, 2, 'LIC. EDUCACIÓN PRIMARIA', 4, 9.80, 'CU__eS7E8RlhE.pdf', 'AC__eS7E8RlhE.pdf', 'CO__eS7E8RlhE.pdf', 'ID__eS7E8RlhE.pdf', 'KX__eS7E8RlhE.pdf', 'CN_SAOB010515.PDF', '181f7c8c1a3', 6, '2022-08-01 18:35:17', '2023-02-03 15:51:52'),
(89, 2223, 'MARIA ELENA', 'COLIO', 'LIZARRAGA', 'COLE040430MSLLZLA0', '_xkHNV9H8b', '2004-04-30', '6692535754', 'hyuniehwang@gmail.com', 13, 1, 1, 3, 1, 'ÍNG. INFORMATICA', 1, 9.80, 'CU__xkHNV9H8b.pdf', 'AC__xkHNV9H8b.pdf', 'CO__xkHNV9H8b.pdf', 'ID__xkHNV9H8b.pdf', 'KX__xkHNV9H8b.pdf', 'CN__xkHNV9H8b.PDF', '181f7dd9056', 7, '2022-08-01 18:58:02', '2023-01-26 21:26:42'),
(90, 2223, 'DAYANA MARLENNE', 'GALINDO', 'RODRIGUEZ', 'GARD040203MSLLDYA1', 'GARD040203', '2004-02-03', '6941087210', 'dayanaglindo@gmail.com', 1, 1, 1, 1, 1, 'LIC. RECURSOS HUMANOS', 1, 7.30, 'CU__AsnvzEmjT.pdf', 'AC__AsnvzEmjT.pdf', 'CO__AsnvzEmjT.pdf', 'ID_GARD040203.PDF', 'KX__AsnvzEmjT.pdf', 'CN_GARD040203.PDF', '181f85c5c08', 6, '2022-08-01 21:16:40', '2023-01-31 16:00:34'),
(91, 2223, 'LUCERO BERENICE', 'LOPEZ', 'DELGADO', 'LODL021114MSLPLCA4', 'LODL021114', '2002-11-14', '6691061984', 'luceritoberenaiz@2009gmail.com', 1, 1, 1, 1, 1, 'LIC. TURISMO', 1, 9.10, 'CU_LODL021114.pdf', 'AC_LODL021114.pdf', 'CO_LODL021114.pdf', 'ID_LODL021114.PDF', 'KX_LODL021114.pdf', 'CN_LODL021114.PDF', '181f91b50b1', 7, '2022-08-02 00:45:27', '2023-02-03 15:56:46'),
(92, 2223, 'MARIA DE LOS ANGELES', 'URIZA', 'GONZALEZ', 'UIGA040112MSLRNNA3', 'UIGA040112', '2004-01-12', '6941642714', 'madelosangelesuriza@gmail.com', 1, 1, 1, 1, 1, 'LIC. DERECHO', 1, 9.80, 'CU_UIGA040112.pdf', 'AC_UIGA040112.pdf', 'CO_UIGA040112.pdf', 'ID_UIGA040112.pdf', 'KX_UIGA040112.pdf', 'CN_UIGA040112.PDF', '181f990724d', 6, '2022-08-02 02:53:31', '2023-01-31 16:01:58'),
(93, 2223, 'EVELYN XIMENA', 'LOPEZ', 'SILVA', 'LOSE031112MSLPLVA8', 'LOSE031112', '2003-11-12', '6941138860', 'evelyn.losi03@gmail.com', 1, 1, 1, 3, 1, 'ING. TECNOLOGÍAS DE LA INF.', 2, 9.70, 'CU_LOSE031112.pdf', 'AC_LOSE031112.pdf', 'CO_LOSE031112.pdf', 'ID_LOSE031112.pdf', 'KX_LOSE031112.pdf', 'CN_LOSE031112.PDF', '181f9990b39', 6, '2022-08-02 03:02:55', '2023-01-25 20:01:36'),
(94, 2223, 'DANIELA', 'CAMACHO', 'BARRON', 'CABD040204MSLMRNA7', 'CABD040204', '2004-02-04', '6941154962', 'dcamachobarron@gmail.com', 2, 1, 1, 1, 1, 'ING. CIVIL', 1, 9.70, 'CU_CABD040204.pdf', 'AC_CABD040204.pdf', 'CO_CABD040204.pdf', 'ID_CABD040204.pdf', 'KX_CABD040204.pdf', 'CN_CABD040204.PDF', '181f9d104a1', 6, '2022-08-02 04:04:07', '2023-02-16 20:47:15'),
(95, 2223, 'DAVID ALFREDO', 'VALDEZ', 'CAMACHO', 'VACD041109HSLLMVA7', 'VACD041109', '2004-11-09', '6691463492', 'camachoalfredo537@gmail.com', 2, 1, 1, 1, 1, 'ADMINISTRACION DE EMPRESAS', 1, 8.00, 'CU_VACD041109.pdf', 'AC_VACD041109.pdf', 'CO_VACD041109.pdf', 'ID_VACD041109.pdf', 'KX_VACD041109.pdf', 'CN_VACD041109.PDF', '181f9f7958f', 6, '2022-08-02 04:46:17', '2023-02-01 15:44:37'),
(96, 2223, 'SANDRA LETICIA', 'GARZON', 'BAYONA', 'GABS011029MSLRYNB9', 'GABS011029', '2001-10-29', '6692228745', 'garzonbayonas@gmail.com', 1, 1, 1, 1, 1, 'ING. CIVIL', 4, 9.90, 'CU_GABS011029.pdf', 'AC_GABS011029.pdf', 'CO_GABS011029.pdf', 'ID_GABS011029.pdf', 'KX_GABS011029.pdf', 'CN_GABS011029.PDF', '181fc605e31', 6, '2022-08-02 16:00:39', '2023-02-07 16:32:51'),
(97, 2223, 'BETSAIDA NOEMI', 'MORENO', 'RIOS', 'MORB020807MSLRSTA8', 'MORB020807', '2002-08-07', '6941194610', 'betsaidamorenor@gmail.com', 1, 1, 1, 1, 1, 'ADMINISTRACIÓN DE EMPRESAS', 2, 9.10, 'CU_MORB020807.pdf', 'AC_MORB020807.pdf', 'CO_MORB020807.pdf', 'ID_MORB020807.pdf', 'KX_MORB020807.pdf', 'CN_MORB020807.PDF', '181fcacc0d6', 6, '2022-08-02 17:24:11', '2023-02-01 15:45:11'),
(98, 2223, 'LUISA GUADALUPE*', 'SALAZAR', 'CORONADO', 'SACL981207MSLLRS05', 'SACL981207', '1998-12-07', '6673233725', 'lupita.15salazar@hotmail.com', 1, 1, 2, 25, 4, 'ING. INDUSTRIAL', 4, 8.60, 'CU_SACL981207.pdf', 'AC_SACL981207.pdf', 'CO_SACL981207.pdf', 'ID_SACL981207.pdf', 'KX_SACL981207.pdf', 'CN_SACL981207.PDF', '181fcae819b', 1, '2022-08-02 17:26:05', '2023-02-02 15:27:53'),
(99, 2223, 'BRANDON GILBERTO', 'MADRIGAL', 'RAMIREZ', 'MARB031029HSLDMRA7', 'MARB031029', '2003-10-29', '6692721848', 'brandongilbertom@gmail.com', 1, 1, 2, 1, 2, 'ING. AGRONOMIA', 1, 9.00, 'CU_MARB031029.pdf', 'AC_MARB031029.pdf', 'CO_MARB031029.pdf', 'ID_MARB031029.pdf', 'KX_MARB031029.pdf', 'CN_MARB031029.PDF', '181fcce6d1d', 6, '2022-08-02 18:00:59', '2023-01-31 20:04:53'),
(100, 2223, 'VIVIANA', 'OSUNA', 'ALCARAZ', 'OUAV000505MSLSLVA3', 'OUAV000505', '2000-05-05', '6692745234', 'vivianaosuna32@gmail.com', 2, 1, 1, 1, 1, 'ING. PROCESOS INDUSTRIALES', 4, 9.60, 'CU__CPPb3pgR9.pdf', 'AC__CPPb3pgR9.pdf', 'CO__CPPb3pgR9.pdf', 'ID__CPPb3pgR9.pdf', 'KX__CPPb3pgR9.pdf', 'PENDIENTE', '181fd9e033b', 1, '2022-08-02 21:47:57', '2022-09-07 15:22:09'),
(101, 2223, 'JULIO CESAR', 'SALAZAR', 'FLORES', 'SAFJ010902HSLLLLA6', 'SAFJ010902', '2001-09-02', '6941179918', 'juliocesarsalazarflores.jcsf@gmail.com', 1, 1, 1, 1, 1, 'LIC. ARQUITECTURA', 4, 7.90, 'CU_SAFJ010902.pdf', 'AC_SAFJ010902.pdf', 'CO_SAFJ010902.pdf', 'ID_SAFJ010902.pdf', 'KX_SAFJ010902.pdf', 'CN_SAFJ010902.PDF', '181fda30b01', 6, '2022-08-02 21:53:27', '2023-02-03 15:53:16'),
(102, 2223, 'JAVIER ANTONIO', 'LOPEZ', 'TORRES', 'LOTJ021115HSLPRVA5', 'LOTJ021115', '2002-11-15', '6692152864', 'javierantonioloto@gmail.com', 1, 1, 1, 1, 1, 'ING. CIVIL', 3, 8.00, 'CU_LOTJ021115.pdf', 'AC_LOTJ021115.pdf', 'CO_LOTJ021115.pdf', 'ID_LOTJ021115.pdf', 'KX_LOTJ021115.pdf', 'CN_LOTJ021115.PDF', '181fdbc5117', 6, '2022-08-02 22:21:05', '2023-02-01 15:45:39'),
(103, 2223, 'LUIS MANUEL', 'VELARDE', 'DIAZ', 'VEDL000821HSLLZSA5', 'VEDL000821', '2000-08-21', '6691525861', 'luismanuelvelardediaz@gmail.com', 1, 1, 1, 1, 2, 'LIC. CONTADURÍA PÚBLICA', 3, 8.60, 'CU__SQbffMMD8.pdf', 'AC__SQbffMMD8.pdf', 'CO__SQbffMMD8.pdf', 'ID__SQbffMMD8.pdf', 'KX__SQbffMMD8.pdf', 'PENDIENTE', '181fdd6a470', 4, '2022-08-02 22:49:52', '2022-09-29 19:45:40'),
(104, 2223, 'LIDIA YADIRA', 'BARRAZA', 'CAZARES', 'BACL040824MSLRZDA1', 'BACL040824', '2004-08-24', '6692746756', 'lidiabarraza89@gmail.com', 3, 3, 1, 1, 1, 'LIC. MERCADOTECNIA', 1, 9.30, 'CU_BACL040824.pdf', 'AC_BACL040824.pdf', 'CO_BACL040824.pdf', 'ID_BACL040824.pdf', 'KX_BACL040824.pdf', 'CN_BACL040824.PDF', '181fde862c4', 6, '2022-08-02 23:09:16', '2023-01-27 16:22:13'),
(105, 2223, 'KARLA', 'HERNANDEZ', 'VIZCARRA', 'HEVK030604MSLRZRA0', 'HEVK030604', '2003-06-04', '6692762838', 'karla.hevi03@gmail.com', 1, 1, 1, 6, 2, 'LIC. EDUCACIÓN PRIMARIA', 2, 9.50, 'CU_HEVK030604.pdf', 'AC_HEVK030604.pdf', 'CO_HEVK030604.pdf', 'ID_HEVK030604.pdf', 'KX_HEVK030604.pdf', 'CN_HEVK030604.PDF', '181fe2dbe6e', 6, '2022-08-03 00:25:06', '2023-02-07 16:34:48'),
(106, 2223, 'MARIA GUADALUPE', 'MARQUEZ', 'LIZARRAGA', 'MALG000918MSLRZDA9', 'MALG000918', '2000-09-18', '6692654527', 'm.g.m.l.18.09.00@gmail.com', 3, 1, 1, 1, 3, 'LIC. DERECHO', 5, 9.30, 'CU_MALG000918.pdf', 'AC_MALG000918.pdf', 'CO_MALG000918.pdf', 'ID_MALG000918.pdf', 'KX_MALG000918.pdf', 'PENDIENTE', '181fe45c09f', 4, '2022-08-03 00:51:21', '2022-08-03 22:09:28'),
(107, 2223, 'LUCILA JAQUELINE', 'MORALES', 'CRUZ', 'MOCL991114MSLRRC07', 'MOCL991114', '1999-11-14', '6692235450', 'lyaque99@hotmail.com', 13, 13, 1, 5, 1, 'LIC. PEDAGOGÍA', 4, 8.10, 'CU_MOCL991114.pdf', 'AC_MOCL991114.pdf', 'CO_MOCL991114.pdf', 'ID_MOCL991114.pdf', 'KX_MOCL991114.pdf', 'PENDIENTE', '18201c16851', 5, '2022-08-03 17:06:15', '2022-09-12 20:15:28'),
(108, 2223, 'XIMENA', 'HERNANDEZ', 'TIRADO', 'HETX041210MSLRRMA7', 'HETX041210', '2004-12-10', '6691542830', 'ximehernandez1008@gmail.com', 3, 3, 2, 1, 2, 'LIC. CIRUJANO DENTISTA', 1, 9.90, 'CU_HETX041210.pdf', 'AC_HETX041210.pdf', 'CO_HETX041210.pdf', 'ID_HETX041210.pdf', 'KX_HETX041210.pdf', 'CN_HETX041210.PDF', '18202335a56', 6, '2022-08-03 19:10:50', '2023-01-27 21:24:16'),
(109, 2223, 'JOSE FERNANDO', 'GUEVARA', 'ARAGON', 'GUAF030217HSLVRRA5', 'GUAF030217', '2003-02-17', '6941136716', 'fernandoguevara123g@gmail.com', 1, 1, 1, 1, 2, 'LIC. BIOLOGO PESQUERO', 2, 6.20, 'CU_GUAF030217.pdf', 'AC_GUAF030217.pdf', 'CO_GUAF030217.pdf', 'ID_GUAF030217.pdf', 'KX_GUAF030217.pdf', 'PENDIENTE', '1820250d95f', 1, '2022-08-03 19:43:05', '2022-11-15 21:19:57'),
(110, 2223, 'XIMENA GUADALUPE', 'PASOS', 'VELARDE', 'PAVX041223MSLSLMA7', 'PAVX041223', '2004-12-23', '6949566631', 'ximena12pasos@gmail.com', 1, 1, 1, 1, 1, 'LIC. PSICOLOGÍA', 1, 9.30, 'CU_PAVX041223.pdf', 'AC_PAVX041223.pdf', 'CO_PAVX041223.pdf', 'ID_PAVX041223.pdf', 'KX_PAVX041223.pdf', 'PENDIENTE', '18202924e09', 1, '2022-08-03 20:54:39', '2023-01-16 18:03:18'),
(111, 2223, 'MARIA DEL CARMEN*', 'RODRIGUEZ', 'DELGADO', 'RODC790713MDGDLR08', 'RODC790713', '1979-07-13', '6694315501', 'carmen_delgado1407@outlook.es', 1, 1, 1, 999, 4, 'TECNICO EN URGENCIAS MEDICAS', 1, 9.00, 'CU_RODC790713.pdf', 'AC_RODC790713.pdf', 'CO_RODC790713.pdf', 'ID_RODC790713.pdf', 'KX_RODC790713.pdf', 'CN_RODC790713.PDF', '18202f2202b', 1, '2022-08-03 22:39:25', '2023-02-01 15:38:45'),
(112, 2223, 'ALDO VALENTÍN', 'GÓMEZ', 'BERNAL', 'GOBA010304HSLMRLA9', 'GOBA010304', '2001-03-04', '6692239673', 'av.gober@gmail.com', 2, 2, 1, 3, 1, 'ING. MECATRÓNICA', 4, 9.50, 'CU_GOBA010304.pdf', 'AC_GOBA010304.pdf', 'CO_GOBA010304.pdf', 'ID_GOBA010304.pdf', 'KX_GOBA010304.pdf', 'PENDIENTE', '1820309b131', 1, '2022-08-03 23:05:11', '2022-09-01 17:27:48'),
(113, 2223, 'MARÍA ESTHER', 'PIMENTEL', 'CANIZALES', 'PICE020306MSLMNSA7', 'PICE020306', '2002-03-06', '6941135075', 'mariapc060302@gmail.com', 1, 1, 1, 1, 2, 'LIC. COMERCIO INTERNACIONAL', 3, 9.30, 'CU__RnKRhikWj.pdf', 'AC__RnKRhikWj.pdf', 'CO__RnKRhikWj.pdf', 'ID__RnKRhikWj.pdf', 'KX__RnKRhikWj.pdf', 'CN_PICE020306.PDF', '18206cc699d', 6, '2022-08-04 16:37:47', '2023-01-27 16:22:49'),
(114, 2223, 'ELIZ MARIA', 'RAMOS', 'VALDEZ', 'RAVE011124MSLMLLA0', 'RAVE011124', '2001-11-24', '6693258871', 'ramoseliz01@gmail.com', 3, 3, 1, 11, 1, 'LIC. RADIOLOGIA', 3, 9.80, 'CU__WubKDdOS9.pdf', 'AC__WubKDdOS9.pdf', 'CO__WubKDdOS9.pdf', 'ID__WubKDdOS9.pdf', 'KX__WubKDdOS9.pdf', 'CN_RAVE011124.PDF', '18206ed5e7b', 6, '2022-08-04 17:13:49', '2023-03-01 20:55:28'),
(115, 2223, 'ROGELIO', 'ONTIVEROS', 'ZAMUDIO', 'OIZR020514HSLNMGA5', 'OIZR020514', '2002-05-14', '6941169192', 'ontiveroszamudiorogelio@gmail.com', 1, 1, 2, 1, 1, 'ING. AGRONOMIA', 3, 8.70, 'CU_OIZR020514.pdf', 'AC_OIZR020514.pdf', 'CO_OIZR020514.pdf', 'ID_OIZR020514.pdf', 'KX_OIZR020514.pdf', 'CN_OIZR020514.PDF', '1820755b9ed', 6, '2022-08-04 19:07:55', '2023-01-31 15:57:46'),
(116, 2223, 'CESAR MANUEL', 'DELGADO', 'CAZARES', 'DECC031024HSLLZSA8', 'DECC031024', '2003-10-24', '6692639158', 'cesardelgado841@gmail.com', 1, 1, 1, 1, 1, 'LIC. CONTADURÍA PÚBLICA', 2, 7.50, 'CU_DECC031024.pdf', 'AC_DECC031024.pdf', 'CO_DECC031024.pdf', 'ID_DECC031024.pdf', 'KX_DECC031024.pdf', 'CN_DECC031024.PDF', '1820765f9d3', 6, '2022-08-04 19:25:41', '2023-02-01 15:46:20'),
(117, 2223, 'LUIS ARTURO', 'RAMOS', 'SALAZAR', 'RASL011212HSLMLSA6', 'RASL011212', '2001-12-12', '6941184712', 'luisrs2002@gmail.com', 3, 3, 1, 4, 1, 'ING. MECÁNICA', 3, 9.00, 'CU_RASL011212.pdf', 'AC_RASL011212.pdf', 'CO_RASL011212.pdf', 'ID_RASL011212.pdf', 'KX_RASL011212.pdf', 'CN_RASL011212.PDF', '18207939d71', 6, '2022-08-04 20:15:35', '2023-01-31 20:07:11'),
(118, 2223, 'FREDY', 'ALVAREZ', 'OSUNA', 'AAOF041104HSLLSRA4', 'AAOF041104', '2004-11-04', '6692629917', 'fredyalvarez2004@hotmail.com', 2, 2, 1, 1, 1, 'LIC. NUTRICIÓN', 1, 7.60, 'CU__qCKROMIrb.pdf', 'AC__qCKROMIrb.pdf', 'CO__qCKROMIrb.pdf', 'ID__qCKROMIrb.pdf', 'KX__qCKROMIrb.pdf', 'CN_AAOF041104.PDF', '18207a1e5f0', 6, '2022-08-04 20:31:12', '2023-04-25 20:36:07'),
(119, 2223, 'CARMEN YOLANDA', 'MARTINEZ', 'SARABIA', 'MASC020306MSLRRRA6', 'MASC020306', '2002-03-06', '6692653555', 'yolitamarsar@gmail.com', 1, 1, 1, 4, 1, 'ING. BIOQUIMICA', 3, 8.80, 'CU_MASC020306.pdf', 'AC_MASC020306.pdf', 'CO_MASC020306.pdf', 'ID_MASC020306.pdf', 'KX_MASC020306.pdf', 'CN_MASC020306.PDF', '18208555854', 6, '2022-08-04 23:47:24', '2023-02-03 15:54:26'),
(120, 2223, 'JUAN CARLOS', 'TERRAZA', 'SILVA', 'TESJ020419HSLRLNA4', 'TESJ020419', '2002-04-19', '6941084256', 'juancarlosterrazasilva@gmail.com', 14, 14, 2, 1, 1, 'ING. AGRONOMIA', 3, 8.50, 'CU__to8KARd0I.pdf', 'AC__to8KARd0I.pdf', 'CO__to8KARd0I.pdf', 'ID__to8KARd0I.pdf', 'KX__to8KARd0I.pdf', 'CN_TESJ020419.PDF', '18208ab9f98', 6, '2022-08-05 01:21:44', '2023-02-10 17:00:50'),
(121, 2223, 'JADE YAKIMA', 'LOPEZ', 'CABANILLAS', 'LOCJ040729MSLPBDA2', 'LOCJ040729', '2004-07-29', '6692397907', 'yakimalopez5@gmail.com', 1, 1, 1, 3, 1, 'ING. BIOMÉDICA', 1, 9.90, 'CU_LOCJ040729.pdf', 'AC_LOCJ040729.pdf', 'CO_LOCJ040729.pdf', 'ID_LOCJ040729.pdf', 'KX_LOCJ040729.pdf', 'CN_LOCJ040729.PDF', '18208d4c7ec', 6, '2022-08-05 02:06:44', '2023-01-23 21:36:08'),
(122, 2223, 'MIGUEL ANGEL', 'MENDOZA', 'ALVAREZ', 'MEAM020515HSLNLGA8', 'MEAM020515', '2002-05-15', '6692386898', 'mendoza.alvarez321@gmail.com', 1, 1, 1, 6, 2, 'LIC. EDUCACION PRIMARIA', 3, 8.10, 'CU_MEAM020515.pdf', 'AC_MEAM020515.pdf', 'CO_MEAM020515.pdf', 'ID_MEAM020515.pdf', 'KX_MEAM020515.pdf', 'CN_MEAM020515.PDF', '1820c22d3ce', 6, '2022-08-05 17:31:46', '2023-03-02 21:03:14'),
(123, 2223, 'YAHARA LIZETH', 'GARCIA', 'SANCHEZ', 'GASY991103MSLRNH02', 'GASY991103', '1999-11-03', '6692535970', 'yiarag03@gmail.com', 1, 1, 1, 1, 1, 'LIC. MEDICINA GENERAL', 3, 8.70, 'CU_GASY991103.pdf', 'AC_GASY991103.pdf', 'CO_GASY991103.pdf', 'ID_GASY991103.pdf', 'KX_GASY991103.pdf', 'CN_GASY991103.PDF', '1820c3ff148', 6, '2022-08-05 18:03:36', '2023-02-02 20:40:09'),
(124, 2223, 'ANA PAULINA', 'PASOS', 'DIAZ', 'PADA020413MSLSZNA4', 'PADA020413', '2002-04-13', '6941180744', 'anapaupasos@gmail.com', 1, 1, 1, 1, 1, 'LIC. DERECHO', 3, 9.80, 'CU_PADA020413.pdf', 'AC_PADA020413.pdf', 'CO_PADA020413.pdf', 'ID_PADA020413.pdf', 'KX_PADA020413.pdf', 'CN_PADA020413.PDF', '1820c5515d5', 6, '2022-08-05 18:26:43', '2023-02-01 15:47:40'),
(125, 2223, 'SALMA LAURA', 'ZATARAIN', 'LIZARRAGA', 'ZALS990801MSLTZL09', 'ZALS990801', '1999-08-01', '6693260277', 'salmitalga19@gmail.com', 1, 1, 1, 1, 1, 'ADMINISTRACION DE EMPRESAS', 5, 9.20, 'CU_ZALS990801.pdf', 'AC_ZALS990801.pdf', 'CO_ZALS990801.pdf', 'ID_ZALS990801.pdf', 'KX_ZALS990801.pdf', 'PENDIENTE', '1820c5ad11d', 1, '2022-08-05 18:32:59', '2022-09-01 17:42:38'),
(126, 2223, 'INES ANAHI', 'CHAVEZ', 'GUERRERO', 'CAGI000331MSLHRNA5', 'CAGI000331', '2000-03-31', '6941086810', 'inesanahichavezguerrero@gmail.com', 1, 1, 1, 1, 2, 'LIC. ENFERMERÍA', 2, 7.70, 'CU_CAGI000331.pdf', 'AC_CAGI000331.pdf', 'CO_CAGI000331.pdf', 'ID_CAGI000331.pdf', 'KX_CAGI000331.pdf', 'CN_CAGI000331.PDF', '1820ca27a08', 6, '2022-08-05 19:51:20', '2023-01-28 18:42:17'),
(127, 2223, 'MIGUEL ANGEL', 'ESTRADA', 'RIOS', 'EARM030217HSLSSGA2', 'EARM030217', '2003-02-17', '6693296867', 'estradamiguel816@gmail.com', 1, 1, 1, 1, 1, 'ING. CIVIL', 2, 9.60, 'CU_EARM030217.pdf', 'AC_EARM030217.pdf', 'CO_EARM030217.pdf', 'ID_EARM030217.pdf', 'KX_EARM030217.pdf', 'CN_EARM030217.PDF', '1820ca8067c', 6, '2022-08-05 19:57:25', '2023-02-02 15:33:28'),
(128, 2223, 'FRANCISCO JAVIER', 'TIRADO', 'GARCIA', 'TIGF001205HSLRRRA3', 'TIGF001205', '2000-12-05', '6941135988', 'aroche61992@gmail.com', 3, 3, 1, 1, 3, 'ING. CIVIL', 4, 7.90, 'CU_TIGF001205.pdf', 'AC_TIGF001205.pdf', 'CO_TIGF001205.pdf', 'ID_TIGF001205.pdf', 'KX_TIGF001205.pdf', 'PENDIENTE', '1820cb25c46', 4, '2022-08-05 20:08:42', '2022-08-05 20:41:39'),
(129, 2223, 'MARICARMEN', 'VALENZUELA', 'MORENO', 'VAMM040226MSLLRRA8', 'VAMM040226', '2004-02-26', '6691636072', 'valenzuelamariii02@gmail.com', 13, 13, 1, 3, 1, 'ING. NANOTECNOLOGÍA', 1, 9.00, 'CU_VAMM040226.pdf', 'AC_VAMM040226.pdf', 'CO_VAMM040226.pdf', 'ID_VAMM040226.pdf', 'KX_VAMM040226.pdf', 'CN_VAMM040226.PDF', '1820ce206e7', 7, '2022-08-05 21:00:49', '2023-01-28 18:45:10'),
(130, 2223, 'OMAR ALEJANDRO', 'LIZARRAGA', 'RAMOS', 'LIRO020505HSLZMMA8', 'LIRO020505', '2002-05-05', '6692680447', 'alejandro04lizarraga@gmail.com', 5, 5, 1, 11, 1, 'LIC. RADIOLOGÍA', 3, 9.60, 'CU__sTr43yEvs.pdf', 'AC__sTr43yEvs.pdf', 'CO__sTr43yEvs.pdf', 'ID__sTr43yEvs.pdf', 'KX__sTr43yEvs.pdf', 'CN_LIRO020505.PDF', '1820cf9e212', 7, '2022-08-05 21:26:54', '2023-03-02 16:56:00'),
(131, 2223, 'CAMILA', 'BRITO', 'VELEZ', 'BIVC040222MSLRLMA7', 'BIVC040222', '2004-02-22', '6949562399', 'camilabritovelez@gmail.com', 1, 1, 2, 1, 1, 'LIC. DISEÑO DE INTERIORES', 1, 8.80, 'CU_BIVC040222.pdf', 'AC_BIVC040222.pdf', 'CO_BIVC040222.pdf', 'ID_BIVC040222.pdf', 'KX_BIVC040222.pdf', 'CN_BIVC040222.PDF', '1820d049d52', 6, '2022-08-05 21:38:38', '2023-01-25 20:00:24'),
(132, 2223, 'ROSALINDA', 'GARCIA', 'VELARDE', 'GAVR000501MSLRLSA0', 'GAVR000501', '2000-05-01', '6941168158', 'gavr1119@hotmail.com', 1, 1, 2, 25, 1, 'ING. INDUSTRIAL', 4, 9.80, 'CU__abeshH9v5.pdf', 'AC__abeshH9v5.pdf', 'CO__abeshH9v5.pdf', 'ID__abeshH9v5.pdf', 'KX__abeshH9v5.pdf', 'PENDIENTE', '1820d2f20f5', 1, '2022-08-05 22:25:07', '2022-09-01 17:48:44');
INSERT INTO `estudiantes` (`id`, `id_ciclo`, `nombre`, `primer_apellido`, `segundo_apellido`, `curp`, `rfc`, `fecha_nac`, `celular`, `email`, `cve_localidad_origen`, `cve_localidad_actual`, `cve_ciudad_escuela`, `cve_escuela`, `cve_turno_escuela`, `carrera`, `ano_escolar`, `promedio`, `img_curp`, `img_acta_nac`, `img_comprobante_dom`, `img_identificacion`, `img_kardex`, `img_constancia`, `id_hex`, `cve_status`, `created_at`, `updated_at`) VALUES
(133, 2223, 'JOSÉ CARLOS', 'SIERRA', 'TIRADO', 'SITC020520HSLRRRA0', 'SITC020520', '2002-05-20', '6941103950', 'paovv067@gmail.com', 1, 1, 1, 1, 1, 'LIC. ARQUITECTURA', 3, 7.00, 'CU__HwjnNDOJs.pdf', 'AC__HwjnNDOJs.pdf', 'CO__HwjnNDOJs.pdf', 'ID__HwjnNDOJs.pdf', 'KX__HwjnNDOJs.pdf', 'CN_SITC020520.PDF', '1820d36897f', 6, '2022-08-05 22:33:13', '2023-02-01 21:40:45'),
(134, 2223, 'NATALIA GUADALUPE', 'HERNANDEZ', 'TIRADO', 'HETN020821MSLRRTA1', 'HETN020821', '2002-08-21', '6941181747', 'natalia.hdez21@outlook.es', 3, 3, 2, 26, 1, 'ARQ. DISEÑO DE INTERIORES', 2, 10.00, 'CU_HETN020821.pdf', 'AC_HETN020821.pdf', 'CO_HETN020821.pdf', 'ID_HETN020821.pdf', 'KX_HETN020821.pdf', 'PENDIENTE', '1820d4af2bc', 4, '2022-08-05 22:55:32', '2022-11-01 21:30:19'),
(135, 2223, 'WENDY PAOLA', 'PEREZ', 'MORALES', 'PEMW030728MSLRRNA3', 'PEMW030728', '2003-07-28', '6691637338', 'pp3455764@gmail.com', 1, 1, 1, 28, 1, 'LIC. COSMETOLOGIA', 1, 8.90, 'CU_PEMW030728.pdf', 'AC_PEMW030728.pdf', 'CO_PEMW030728.pdf', 'ID_PEMW030728.pdf', 'KX_PEMW030728.pdf', 'CN_PEMW030728.PDF', '1820d4b44af', 6, '2022-08-05 22:55:53', '2023-01-18 15:46:04'),
(136, 2223, 'JOSE FRANCISCO', 'LIZARRAGA', 'BRITO', 'LIBF040218HSLZRRA8', 'LIBF040218', '2004-02-18', '6693336068', 'lizarragabritojosefrancisco@gmail.com', 3, 3, 1, 4, 1, 'ING. MECÁNICA', 1, 9.10, 'CU_LIBF040218.pdf', 'AC_LIBF040218.pdf', 'CO_LIBF040218.pdf', 'ID_LIBF040218.pdf', 'KX_LIBF040218.pdf', 'CN_LIBF040218.PDF', '18210b00edd', 6, '2022-08-06 14:45:47', '2023-02-02 15:34:46'),
(137, 2223, 'JESUS EMMANUEL', 'GARZON', 'BRITO', 'GABJ010622HSLRRSA0', 'GABJ010622', '2001-06-22', '6692240935', 'l191000390@mazatlan.tecnm.mx', 1, 1, 1, 4, 1, 'ING. MECÁNICA', 4, 8.60, 'CU__vz9kFVtxz.pdf', 'AC__vz9kFVtxz.pdf', 'CO__vz9kFVtxz.pdf', 'ID__vz9kFVtxz.pdf', 'KX__vz9kFVtxz.pdf', 'CN_GABJ010622.PDF', '1821132b9c1', 6, '2022-08-06 17:08:39', '2023-02-16 20:48:00'),
(138, 2223, 'JOSÉ ALEJANDRO', 'GARZÓN', 'BRITO', 'GABA030404HSLRRLA7', 'GABA030404', '2003-04-04', '6692455857', 'solases091@gmail.com', 1, 1, 1, 1, 1, 'LIC. COMERCIO INTERNACIONAL', 2, 7.00, 'CU__ULPYj5z52.pdf', 'AC__ULPYj5z52.pdf', 'CO__ULPYj5z52.pdf', 'ID__ULPYj5z52.pdf', 'KX__ULPYj5z52.pdf', 'CN_GABA030404.PDF', '182113e6ec1', 6, '2022-08-06 17:21:27', '2023-02-16 20:48:30'),
(139, 2223, 'JOSE JULIAN', 'OSUNA', 'ESPINOZA', 'OUEJ970902HSLSSL01', 'OUEJ970902', '1997-09-02', '6951198943', 'julian12_halo@hotmail.com', 1, 1, 1, 4, 1, 'ING. NAVAL', 6, 8.00, 'CU_OUEJ970902.pdf', 'AC_OUEJ970902.pdf', 'CO_OUEJ970902.pdf', 'ID_OUEJ970902.pdf', 'KX_OUEJ970902.pdf', 'PENDIENTE', '182118c5f70', 4, '2022-08-06 18:46:40', '2022-10-14 18:47:03'),
(140, 2223, 'MARIO ALBERTO', 'VIZCARRA', 'MORENO', 'VIMM020119HSLZRRA7', 'VIMM020119', '2002-01-19', '6941162306', 'mm8237283@gmail.com', 1, 1, 1, 6, 2, 'LIC. EDUCACIÓN PRIMARIA', 2, 9.10, 'CU_VIMM020119.pdf', 'AC_VIMM020119.pdf', 'CO_VIMM020119.pdf', 'ID_VIMM020119.pdf', 'KX_VIMM020119.pdf', 'CN_VIMM020119.PDF', '18211daadc7', 7, '2022-08-06 20:12:17', '2023-03-30 20:59:59'),
(141, 2223, 'OSCAR JULIAN', 'LUGO', 'HERNANDEZ', 'LUHO020209HSLGRSA5', 'LUHO020209', '2002-02-09', '6691437414', 'julian.lugo.2002@gmail.com', 4, 4, 1, 3, 1, 'ING. MECATRÓNICA', 3, 9.30, 'CU_LUHO020209.pdf', 'AC_LUHO020209.pdf', 'CO_LUHO020209.pdf', 'ID_LUHO020209.pdf', 'KX_LUHO020209.pdf', 'CN_LUHO020209.PDF', '1821206699a', 7, '2022-08-06 21:00:06', '2023-01-31 20:26:26'),
(142, 2223, 'JOSE RAUL', 'GOMEZ', 'BERNAL', 'GOBR960605HSLMRL06', 'GOBR960605', '1996-06-05', '6691883503', 'jrgb@hotmail.com', 2, 2, 1, 3, 1, 'ING. TECNOLOGÍAS DE LA INF.', 3, 9.50, 'CU_GOBR960605.pdf', 'AC_GOBR960605.pdf', 'CO_GOBR960605.pdf', 'ID_GOBR960605.pdf', 'KX_GOBR960605.pdf', 'PENDIENTE', '1821253d982', 1, '2022-08-06 22:24:46', '2022-09-06 19:11:31'),
(143, 2223, 'SAMUEL DE JESUS', 'TIRADO', 'ONTIVEROS', 'TIOS030210HSLRNMA5', 'TIOS030210', '2003-02-10', '6941387337', 'samuel.onti23@gmail.com', 1, 1, 1, 1, 1, 'ING. CIVIL', 2, 9.30, 'CU_TIOS030210.pdf', 'AC_TIOS030210.pdf', 'CO_TIOS030210.pdf', 'ID_TIOS030210.pdf', 'KX_TIOS030210.pdf', 'CN_TIOS030210.PDF', '18212b0456b', 6, '2022-08-07 00:05:49', '2023-01-31 20:10:12'),
(144, 2223, 'MELISSA GUADALUPE', 'GONZALEZ', 'SANCHEZ', 'GOSM020315MSLNNLA4', 'GOSM020315', '2002-03-15', '6941186082', 'melissa150302@gmail.com', 1, 1, 1, 1, 1, 'LIC. COMERCIO INTERNACIONAL', 3, 8.30, 'CU__thcaewuaG.pdf', 'AC__thcaewuaG.pdf', 'CO__thcaewuaG.pdf', 'ID__thcaewuaG.pdf', 'KX__thcaewuaG.pdf', 'CN_GOSM020315.PDF', '18212fdad85', 6, '2022-08-07 01:30:27', '2023-02-01 22:25:54'),
(145, 2223, 'AYLIN GUADALUPE', 'ONTIVEROS', 'TIRADO', 'OITA010919MSLNRYA4', 'OITA010919', '2001-09-19', '6941087486', 'oaylin612@gmail.com', 1, 1, 1, 1, 1, 'LIC. ENFERMERÍA', 4, 8.50, 'CU_OITA010919.pdf', 'AC_OITA010919.pdf', 'CO_OITA010919.pdf', 'ID_OITA010919.pdf', 'KX_OITA010919.pdf', 'PENDIENTE', '1821345db1e', 1, '2022-08-07 02:49:22', '2022-09-11 21:49:45'),
(146, 2223, 'IVAN YAHIR', 'CHAVEZ', 'OSUNA', 'CAOI030512HSLHSVA0', 'CAOI030512', '2003-05-12', '6691107894', '6691107894osuna@gmail.com', 1, 1, 1, 1, 1, 'ADMINISTRACIÓN DE EMPRESAS', 2, 8.90, 'CU_CAOI030512.pdf', 'AC_CAOI030512.pdf', 'CO_CAOI030512.pdf', 'ID_CAOI030512.pdf', 'KX_CAOI030512.pdf', 'CN_CAOI030512.PDF', '1821349702b', 6, '2022-08-07 02:53:17', '2023-02-01 16:34:11'),
(147, 2223, 'DIANA GUADALUPE', 'RAMOS', 'VALDEZ', 'RAVD000501MSLMLNA7', 'RAVD000501', '2000-05-01', '6691172275', 'dianaramosv1@gmail.com', 3, 3, 1, 1, 1, 'LIC. CONTADURÍA PÚBLICA', 4, 9.40, 'CU_RAVD000501.pdf', 'AC_RAVD000501.pdf', 'CO_RAVD000501.pdf', 'ID_RAVD000501.pdf', 'KX_RAVD000501.pdf', 'CN_RAVD000501.PDF', '18213b0ba73', 6, '2022-08-07 04:46:13', '2023-02-02 15:36:29'),
(148, 2223, 'CARMEN ADRIANA', 'DIAZ', 'RIVERA', 'DIRC000726MSLZVRA4', 'DIRC000726', '2000-07-26', '6699254133', 'cadriana2607@gmail.com', 1, 1, 2, 1, 2, 'LIC. NGC Y COMERCIO INT', 5, 9.10, 'CU_DIRC000726.pdf', 'AC_DIRC000726.pdf', 'CO_DIRC000726.pdf', 'ID_DIRC000726.pdf', 'KX_DIRC000726.pdf', 'CN_DIRC000726.PDF', '1821750482a', 6, '2022-08-07 21:40:22', '2023-01-31 20:10:53'),
(149, 2223, 'ALEX SILVANO', 'ALCARAZ', 'ARIAS', 'AAAA031030HSLLRLA4', 'AAAA031030', '2003-10-30', '6693269569', 'alexsilvanoalcarazarias10@gmail.com', 2, 2, 1, 3, 1, 'ING. MECATRONICA', 1, 9.30, 'CU__PQw0KhDIn.pdf', 'AC__PQw0KhDIn.pdf', 'CO__PQw0KhDIn.pdf', 'ID__PQw0KhDIn.pdf', 'KX__PQw0KhDIn.pdf', 'CN_AAAA031030.PDF', '18218375fb2', 6, '2022-08-08 01:53:02', '2023-02-01 16:34:55'),
(150, 2223, 'ÁNGELA GRISELDA', 'VALENZUELA', 'CALDERON', 'VXCA020807MSLLLNA4', 'VXCA020807', '2002-08-07', '6142396286', 'valenzuelaangela86@gmail.com', 1, 1, 1, 1, 1, 'LIC. COMERCIO INTERNACIONAL', 3, 8.10, 'CU__pwt0ZGqsh.pdf', 'AC__pwt0ZGqsh.pdf', 'CO__pwt0ZGqsh.pdf', 'ID__pwt0ZGqsh.pdf', 'KX__pwt0ZGqsh.pdf', 'CN_VXCA020807.PDF', '1821baa33ef', 6, '2022-08-08 17:58:17', '2023-01-31 20:37:21'),
(151, 2223, 'VICTOR MANUEL', 'LUGO', 'LOPEZ', 'LULV041113HSLGPCA2', 'LULV041113', '2004-11-13', '6941184353', 'lugolpez1330@gmail.com', 1, 1, 2, 1, 2, 'ING. AGRONOMIA', 1, 8.10, 'CU__JVr87Ipa1.pdf', 'AC__JVr87Ipa1.pdf', 'CO__JVr87Ipa1.pdf', 'ID__JVr87Ipa1.pdf', 'KX__JVr87Ipa1.pdf', 'CN_LULV041113.PDF', '1821be59390', 6, '2022-08-08 19:03:12', '2023-02-02 15:37:41'),
(152, 2223, 'DANIEL ARMANDO', 'GUERRA', 'TIZNADO', 'GUTD040620HSLRZNA4', 'GUTD040620', '2004-06-20', '6949560187', 'danielooo.silleritos@gmail.com', 1, 1, 1, 1, 1, 'ING. CIVIL', 1, 8.90, 'CU__IYP0yu8Bi.pdf', 'AC__IYP0yu8Bi.pdf', 'CO__IYP0yu8Bi.pdf', 'ID__IYP0yu8Bi.pdf', 'KX__IYP0yu8Bi.pdf', 'CN_GUTD040620.PDF', '1821c67b5df', 6, '2022-08-08 21:25:30', '2023-02-10 17:01:23'),
(153, 2223, 'ADRIANA ELIZABETH', 'OSUNA', 'NUÑEZ', 'OUNA990820MSLSXD09', 'OUNA990820', '1999-08-20', '6692158999', 'adrianaosuna208@gmail.com', 1, 6, 1, 1, 1, 'LIC. TURISMO', 4, 9.60, 'CU_OUNA990820.pdf', 'AC_OUNA990820.pdf', 'CO_OUNA990820.pdf', 'ID_OUNA990820.pdf', 'KX_OUNA990820.pdf', 'CN_OUNA990820.PDF', '182204c5134', 6, '2022-08-09 15:35:08', '2023-01-25 20:04:28'),
(154, 2223, 'JESUS MIGUEL', 'GARCIA', 'PERAZA', 'GAPJ040515HSLRRSA5', 'GAPJ040515', '2004-05-15', '6941175918', 'armandogarper@gmail.com', 13, 1, 1, 3, 1, 'ING. MECATRONICA', 1, 9.50, 'CU_GAPJ040515.pdf', 'AC_GAPJ040515.pdf', 'CO_GAPJ040515.pdf', 'ID_GAPJ040515.pdf', 'KX_GAPJ040515.pdf', 'PENDIENTE', '182205344ac', 4, '2022-08-09 15:42:44', '2022-08-09 15:45:05'),
(155, 2223, 'EMILY YUMILEYDA', 'ORTIZ', 'VIZCARRA', 'OIVE041219MSLRZMA0', 'OIVE041219', '2004-12-19', '6941151794', 'emilyvizcarra05@gmail.com', 1, 1, 1, 1, 1, 'LIC. GASTRONOMIA', 1, 8.80, 'CU__OuvYIMJ1p.pdf', 'AC__OuvYIMJ1p.pdf', 'CO__OuvYIMJ1p.pdf', 'ID__OuvYIMJ1p.pdf', 'KX__OuvYIMJ1p.pdf', 'CN_OIVE041219.PDF', '18220e44f79', 6, '2022-08-09 18:21:19', '2023-02-02 17:29:06'),
(156, 2223, 'ESMERALDA YURILIA', 'VALENZUELA', 'ARAGÓN', 'VAAE020915MDGLRSA7', 'VAAE020915', '2002-09-15', '6941386341', 'yuryvalenara18@mail.com', 24, 1, 1, 1, 1, 'LIC. DERECHO', 3, 8.10, 'CU__5iSlboPmY.pdf', 'AC__5iSlboPmY.pdf', 'CO__5iSlboPmY.pdf', 'ID__5iSlboPmY.pdf', 'KX__5iSlboPmY.pdf', 'CN_VAAE020915.PDF', '18220f26156', 7, '2022-08-09 18:36:42', '2023-01-31 20:27:23'),
(157, 2223, 'JOSE ALONSO', 'IBARRA', 'TIRADO', 'IATA041126HSLBRLA2', 'IATA041126', '2004-11-26', '6693296226', 'ai0448968@gmail.com', 1, 1, 1, 1, 1, 'LIC. EDUCACIÓN FISICA', 1, 7.80, 'CU_IATA041126.pdf', 'AC_IATA041126.pdf', 'CO_IATA041126.pdf', 'ID_IATA041126.pdf', 'KX_IATA041126.pdf', 'CN_IATA041126.PDF', '182212ccf05', 6, '2022-08-09 19:40:35', '2023-02-08 20:49:55'),
(158, 2223, 'JESUS RICARDO', 'LOPEZ', 'MORENO', 'LOMJ020119HSLPRSA8', 'LOMJ020119', '2002-01-19', '6692627879', 'ricarditoallo.1908@gmail.com', 1, 1, 1, 4, 1, 'ING. MECÁNICA', 2, 7.90, 'CU_LOMJ020119.pdf', 'AC_LOMJ020119.pdf', 'CO_LOMJ020119.pdf', 'ID_LOMJ020119.pdf', 'KX_LOMJ020119.pdf', 'CN_LOMJ020119.PDF', '182218f9a1c', 6, '2022-08-09 21:28:36', '2023-02-17 19:14:18'),
(159, 2223, 'JUAN RAMON', 'BERNAL', 'VIZCARRA', 'BEVJ001114HSLRZNA0', 'BEVJ001114', '2000-11-14', '6941156604', 'juanramon_1409@hotmail.com', 1, 1, 1, 1, 1, 'ING. CIVIL', 4, 8.40, 'CU_BEVJ001114.pdf', 'AC_BEVJ001114.pdf', 'CO_BEVJ001114.pdf', 'ID_BEVJ001114.pdf', 'KX_BEVJ001114.pdf', 'CN_BEVJ001114.PDF', '18221e209fc', 6, '2022-08-09 22:58:44', '2023-01-31 20:11:49'),
(160, 2223, 'ALEJANDRA PAOLA', 'RAYGOZA', 'ROJAS', 'RARA040702MJCYJLA6', 'RARA040702', '2004-07-02', '6941101229', 'raygozarojasa@gmail.com', 1, 1, 2, 1, 1, 'QUIMICO FARMACEUTICO BIOLOGO', 1, 9.10, 'CU_RARA040702.pdf', 'AC_RARA040702.pdf', 'CO_RARA040702.pdf', 'ID_RARA040702.pdf', 'KX_RARA040702.pdf', 'PENDIENTE', '182223812d0', 4, '2022-08-10 00:32:48', '2022-09-08 21:53:23'),
(161, 2223, 'ARANZA', 'ARIAS', 'ALVAREZ', 'AIAA040204MSLRLRA1', 'AIAA040204', '2004-02-04', '6941133654', 'aranzarias01@gmail.com', 1, 1, 1, 1, 1, 'LIC. MEDICINA GENERAL', 1, 10.00, 'CU_AIAA040204.pdf', 'AC_AIAA040204.pdf', 'CO_AIAA040204.pdf', 'ID_AIAA040204.pdf', 'KX_AIAA040204.pdf', 'CN_AIAA040204.PDF', '182224f26f6', 6, '2022-08-10 00:58:02', '2023-04-27 16:57:59'),
(162, 2223, 'GALILEO DE JESÚS', 'MARTÍNEZ', 'SARABIA', 'MASG010411HSLRRLA4', 'MASG010411', '2001-04-11', '6692221215', 'jesussarbiamtz@gmail.com', 1, 1, 1, 1, 1, 'ING. CIVIL', 4, 8.10, 'CU__uHYiIEWoc.pdf', 'AC__uHYiIEWoc.pdf', 'CO__uHYiIEWoc.pdf', 'ID__uHYiIEWoc.pdf', 'KX__uHYiIEWoc.pdf', 'CN_MASG010411.PDF', '182231fd225', 6, '2022-08-10 04:46:11', '2023-02-02 15:38:23'),
(163, 2223, 'VALERIA YAMILET', 'RAMIREZ', 'GARATE', 'RAGV001121MSLMRLA8', 'RAGV001121', '2000-11-21', '6692695762', 'valeriagarate.uas@gmail.com', 2, 2, 1, 1, 2, 'LIC. NUTRICIÓN', 3, 9.20, 'CU_RAGV001121.pdf', 'AC_RAGV001121.pdf', 'CO_RAGV001121.pdf', 'ID_RAGV001121.pdf', 'KX_RAGV001121.pdf', 'CN_RAGV001121.PDF', '18225e2445d', 6, '2022-08-10 17:38:35', '2023-01-25 20:04:55'),
(164, 2223, 'JUAN MIGUEL', 'VALENZUELA', 'RAMOS', 'VARJ030303HSLLMNA5', 'VARJ030303', '2003-03-03', '6692681477', 'juanmiguelvalenzuela03@hotmail.com', 1, 3, 1, 1, 2, 'ING. CIVIL', 1, 7.30, 'CU__veg7l5TQo.pdf', 'AC__veg7l5TQo.pdf', 'CO__veg7l5TQo.pdf', 'ID__veg7l5TQo.pdf', 'KX__veg7l5TQo.pdf', 'CN_VARJ030303.PDF', '1822620bc2b', 6, '2022-08-10 18:46:53', '2023-02-01 18:20:12'),
(165, 2223, 'BRIYITH JAQUELINE', 'GARAY', 'CALDERON', 'GACB020313MSLRLRA6', 'GACB020313', '2002-03-13', '6949519032', 'calderonbriyith176@gmail.com', 24, 1, 1, 1, 2, 'LIC. COMERCIO INTERNACIONAL', 3, 8.00, 'CU__iqAFrOeFg.pdf', 'AC__iqAFrOeFg.pdf', 'CO__iqAFrOeFg.pdf', 'ID__iqAFrOeFg.pdf', 'KX__iqAFrOeFg.pdf', 'CN_GACB020313.PDF', '1822654c2de', 7, '2022-08-10 19:43:46', '2023-02-01 16:48:03'),
(166, 2223, 'ALICIA', 'TIRADO', 'DIAZ', 'TIDA880306MSLRZL01', 'TIDA880306', '1988-03-06', '6672018117', 'alice_tirado@hotmail.com', 1, 1, 1, 1, 1, 'LIC. DERECHO', 1, 8.80, 'CU_TIDA880306.pdf', 'AC_TIDA880306.pdf', 'CO_TIDA880306.pdf', 'ID_TIDA880306.pdf', 'KX_TIDA880306.pdf', 'CN_TIDA880306.PDF', '182268b2a55', 6, '2022-08-10 20:43:15', '2023-02-24 17:14:37'),
(167, 2223, 'VICTOR GABRIEL', 'RODRIGUEZ', 'GONZALEZ', 'ROGV030520HSLDNCA3', 'ROGV030520', '2003-05-20', '6692711878', 'rovigoga@gmail.com', 1, 1, 1, 4, 1, 'ING. NAVAL', 2, 9.40, 'CU_ROGV030520.pdf', 'AC_ROGV030520.pdf', 'CO_ROGV030520.pdf', 'ID_ROGV030520.pdf', 'KX_ROGV030520.pdf', 'CN_ROGV030520.PDF', '18226b8704b', 6, '2022-08-10 21:32:45', '2023-02-02 15:39:14'),
(168, 2223, 'LITZY ANAHY', 'SANCHEZ', 'DURAN', 'SADL991012MSLNRT00', 'SADL991012', '1999-10-12', '6941194716', 'litzysanchez469@gmail.com', 1, 1, 1, 1, 1, 'LIC. COMUNICACION', 3, 6.60, 'CU_SADL991012.pdf', 'AC_SADL991012.pdf', 'CO_SADL991012.pdf', 'ID_SADL991012.pdf', 'KX_SADL991012.pdf', 'PENDIENTE', '18226cd621d', 5, '2022-08-10 21:55:39', '2022-09-12 19:05:01'),
(169, 2223, 'JOSE MANUEL', 'DIAZ', 'ROBLES', 'DIRM020204HSLZBNA0', 'DIRM020204', '2002-02-04', '6692464976', 'josema.dr04@gmail.com', 1, 1, 1, 1, 1, 'ING. CIVIL', 3, 9.80, 'CU_DIRM020204.pdf', 'AC_DIRM020204.pdf', 'CO_DIRM020204.pdf', 'ID_DIRM020204.pdf', 'KX_DIRM020204.pdf', 'CN_DIRM020204.PDF', '1822718abca', 6, '2022-08-10 23:17:58', '2023-02-01 16:35:31'),
(170, 2223, 'LUCIA GUADALUPE', 'AGUILAR', 'DURAN', 'AUDL021213MSLGRCA0', 'AUDL021213', '2002-12-13', '6941161213', 'lucia.gad13@gmail.com', 1, 1, 1, 1000, 1, 'LIC. ING. INDUSTRIAL', 3, 9.10, 'CU_AUDL021213.pdf', 'AC_AUDL021213.PDF', 'CO_AUDL021213.pdf', 'ID_AUDL021213.PDF', 'KX_AUDL021213.pdf', 'CN_AUDL021213.PDF', '1822720857f', 6, '2022-08-10 23:26:33', '2023-01-25 20:05:23'),
(171, 2223, 'AOLANIS GUADALUPE', 'LOPEZ', 'SALAZAR', 'LOSA040525MSLPLLA9', 'LOSA040525', '2004-05-25', '6699200253', 'aolanislopez208@gmail.com', 1, 1, 1, 6, 2, 'LIC. EDUCACION PRIMARIA', 1, 8.70, 'CU_LOSA040525.pdf', 'AC_LOSA040525.pdf', 'CO_LOSA040525.pdf', 'ID_LOSA040525.pdf', 'KX_LOSA040525.pdf', 'CN_LOSA040525.PDF', '182274191c7', 6, '2022-08-11 00:02:41', '2023-03-01 02:20:51'),
(172, 2223, 'DIANA LIZETH', 'CALDERÓN', 'RIOS', 'CARD010804MSLLSNA9', 'CARD010804', '2001-08-04', '6691730807', 'cari.diliz01@gmail.com', 1, 1, 1, 1, 1, 'LIC. COMERCIO INTERNACIONAL', 4, 9.30, 'CU__lyPLlGN5o.pdf', 'AC__lyPLlGN5o.pdf', 'CO__lyPLlGN5o.pdf', 'ID__lyPLlGN5o.pdf', 'KX__lyPLlGN5o.pdf', 'CN_CARD010804.PDF', '182274f49e3', 6, '2022-08-11 00:17:41', '2023-01-31 20:12:27'),
(173, 2223, 'EDGAR GABRIEL', 'ORONA', 'CALDERON', 'OOCE040602HCHRLDA2', 'OOCE040602', '2004-06-02', '6941380681', 'egoc27@icloud.com', 1, 1, 1, 2, 1, 'ADMINISTRACION DE EMPRESAS', 1, 8.40, 'CU__xJYfcUHxb.pdf', 'AC__xJYfcUHxb.pdf', 'CO__xJYfcUHxb.pdf', 'ID__xJYfcUHxb.pdf', 'KX__xJYfcUHxb.pdf', 'CN_OOCE040602.PDF', '18227d089dc', 6, '2022-08-11 02:39:01', '2023-03-23 17:38:28'),
(174, 2223, 'SAMUEL ALBALLANY', 'OSUNA', 'GARCIA', 'OUGS010913HSLSRMA5', 'OUGS010913', '2001-09-13', '6691497733', 'l191000322@mazatlan.tecnm.mx', 3, 3, 1, 4, 1, 'ING. NAVAL', 4, 9.00, 'CU_OUGS010913.pdf', 'AC_OUGS010913.pdf', 'CO_OUGS010913.pdf', 'ID_OUGS010913.pdf', 'KX_OUGS010913.pdf', 'CN_OUGS010913.PDF', '18227d0fb07', 6, '2022-08-11 02:39:29', '2023-02-24 17:13:50'),
(175, 2223, 'SABY DARIELA', 'ALDERETE', 'GARATE', 'AEGS010715MSLLRBA1', 'AEGS010715', '2001-07-15', '6691062332', 'sabydariela@gmail.com', 6, 6, 1, 1, 1, 'LIC. CONTADURÍA PUBLICA', 4, 9.30, 'CU_AEGS010715.pdf', 'AC_AEGS010715.pdf', 'CO_AEGS010715.pdf', 'ID_AEGS010715.pdf', 'KX_AEGS010715.pdf', 'CN_AEGS010715.PDF', '1822811fa9f', 6, '2022-08-11 03:50:33', '2023-01-25 20:06:19'),
(176, 2223, 'BRYAN JAEL', 'GARAY', 'SANCHEZ', 'GASB020915HSLRNRA2', 'GASB020915', '2002-09-15', '6941166903', 'brayangaray937@gmail.com', 1, 1, 1, 1000, 1, 'LIC. ING. INDUSTRIAL', 3, 8.70, 'CU__uo9lQlgF6.pdf', 'AC__uo9lQlgF6.pdf', 'CO__uo9lQlgF6.pdf', 'ID__uo9lQlgF6.pdf', 'KX__uo9lQlgF6.pdf', 'CN_GASB020915.PDF', '1822818ee17', 6, '2022-08-11 03:58:09', '2023-01-25 20:06:54'),
(177, 2223, 'FATIMA XIMENA', 'SANCHEZ', 'DURAN', 'SADF010904MSLNRTA5', 'SADF010904', '2001-09-04', '6941183416', 'ximanasanchez040901@gmail.com', 1, 1, 1, 1, 1, 'LIC. DERECHO', 4, 7.40, 'CU_SADF010904.pdf', 'AC_SADF010904.pdf', 'CO_SADF010904.pdf', 'ID_SADF010904.pdf', 'KX_SADF010904.pdf', 'PENDIENTE', '182281976ac', 5, '2022-08-11 03:58:44', '2022-08-11 16:41:34'),
(178, 2223, 'PEDRO ANTONIO', 'CAMACHO', 'DIAZ', 'CADP020807HSLMZDA1', 'CADP020807', '2002-08-07', '6699123340', 'ladodgerspacd@gmail.com', 1, 1, 1, 4, 1, 'ING. MECÁNICA', 3, 8.30, 'CU_CADP020807.pdf', 'AC_CADP020807.pdf', 'CO_CADP020807.pdf', 'ID_CADP020807.pdf', 'KX_CADP020807.pdf', 'CN_CADP020807.PDF', '18228f8b47f', 6, '2022-08-11 08:02:49', '2023-02-01 20:36:18'),
(179, 2223, 'CARMEN JUDITH', 'LIZARRAGA', 'ORNELAS', 'LIOC020117MSLZRRA5', 'LIOC020117', '2002-01-17', '6691527785', 'judithlizarraga221@gmail.com', 14, 1, 1, 1, 1, 'LIC. DERECHO', 3, 9.50, 'CU_LIOC020117.pdf', 'AC_LIOC020117.pdf', 'CO_LIOC020117.pdf', 'ID_LIOC020117.pdf', 'KX_LIOC020117.pdf', 'PENDIENTE', '1822a5bfc6c', 2, '2022-08-11 14:31:16', '2022-11-25 00:30:42'),
(180, 2223, 'GERALDYNE GUADALUPE', 'GONZALEZ', 'FLORES', 'GOFG011221MSLNLRA3', 'GOFG011221', '2001-12-21', '6691524897', 'geraldynebts@gmail.com', 1, 1, 1, 1, 1, 'LIC. MEDICINA GENERAL', 3, 8.00, 'CU_GOFG011221.pdf', 'AC_GOFG011221.pdf', 'CO_GOFG011221.pdf', 'ID_GOFG011221.pdf', 'KX_GOFG011221.pdf', 'CN_GOFG011221.PDF', '1822ac0bb03', 6, '2022-08-11 16:21:26', '2023-02-10 17:03:28'),
(181, 2223, 'LAURA LILIANA', 'SILVA', 'ZAMUDIO', 'SIZL001222MSLLMRA7', 'SIZL001222', '2000-12-22', '6691372706', 'laurasilzam123@gmail.com', 1, 1, 1, 17, 2, 'LIC. EDUCACIÓN PREESCOLAR', 4, 9.30, 'CU_SIZL001222.pdf', 'AC_SIZL001222.pdf', 'CO_SIZL001222.pdf', 'ID_SIZL001222.pdf', 'KX_SIZL001222.pdf', 'CN_SIZL001222.PDF', '1822ac3e2cc', 6, '2022-08-11 16:24:52', '2023-02-07 16:35:35'),
(182, 2223, 'JESUS FRANCISCO', 'TIRADO', 'VALDEZ', 'TIVJ970121HSLRLS04', 'TIVJ970121', '1997-01-21', '6692246670', 'jesustvl97@gmail.com', 1, 1, 1, 1, 2, 'LIC. BIOLOGO PESQUERO', 3, 8.70, 'CU_TIVJ970121.pdf', 'AC_TIVJ970121.pdf', 'CO_TIVJ970121.pdf', 'ID_TIVJ970121.pdf', 'KX_TIVJ970121.pdf', 'CN_TIVJ970121.PDF', '1822afc9f52', 6, '2022-08-11 17:26:54', '2023-02-01 16:36:17'),
(183, 2223, 'ESMERALDA ARIANET', 'RIOS', 'VARGAS', 'RIVE010726MSLSRSA5', 'RIVE010726', '2001-07-26', '6691416997', 'riose6112@gmail.com', 1, 1, 1, 1, 1, 'LIC. TURISMO', 3, 9.00, 'CU_RIVE010726.pdf', 'AC_RIVE010726.pdf', 'CO_RIVE010726.pdf', 'ID_RIVE010726.pdf', 'KX_RIVE010726.pdf', 'CN_RIVE010726.PDF', '1822b1edfe3', 6, '2022-08-11 18:04:21', '2023-01-25 20:07:58'),
(184, 2223, 'MARCOS DANIEL', 'CALDERÓN', 'DURÁN', 'CADM000609HSLLRRA3', 'CADM000609', '2000-06-09', '6692465819', 'mc957995@gmail.com', 1, 1, 1, 1, 1, 'LIC. DERECHO', 5, 9.00, 'CU__A6PgFmlkx.pdf', 'AC__A6PgFmlkx.pdf', 'CO__A6PgFmlkx.pdf', 'ID__A6PgFmlkx.pdf', 'KX__A6PgFmlkx.pdf', 'CN_CADM000609.PDF', '1822b2634ea', 6, '2022-08-11 18:12:22', '2023-02-02 17:29:38'),
(185, 2223, 'DOLORES GUADALUPE', 'SALGADO', 'JAUREGUI', 'SAJD010520MSLLRLA6', 'SAJD010520', '2001-05-20', '6692394599', 'lolita.salgadoj20@gmail.com', 1, 1, 1, 1, 4, 'LIC. MEDICINA GENERAL', 4, 9.00, 'CU_SAJD010520.pdf', 'AC_SAJD010520.pdf', 'CO_SAJD010520.pdf', 'ID_SAJD010520.pdf', 'KX_SAJD010520.pdf', 'CN_SAJD010520.PDF', '1822b69760e', 6, '2022-08-11 19:25:54', '2023-01-31 20:14:44'),
(186, 2223, 'PAULINA', 'MILLAN', 'VIZCARRA', 'MIVP020122MSLLZLA4', 'MIVP020122', '2002-01-22', '6941130906', 'pmillan222@gmail.com', 4, 4, 1, 1, 1, 'LIC. ARQUITECTURA', 3, 9.20, 'CU__e4Y1cBwF8.pdf', 'AC__e4Y1cBwF8.pdf', 'CO__e4Y1cBwF8.pdf', 'ID__e4Y1cBwF8.pdf', 'KX__e4Y1cBwF8.pdf', 'CN_MIVP020122.PDF', '1822b6a8351', 7, '2022-08-11 19:27:03', '2023-01-27 21:28:08'),
(187, 2223, 'MARTIN', 'OSUNA', 'TISNADO', 'OUTM021017HSLSSRA2', 'OUTM021017', '2002-10-17', '6695939767', 'martinosunatis@gmail.com', 1, 1, 1, 1, 1, 'ING. CIVIL', 3, 9.50, 'CU_OUTM021017.pdf', 'AC_OUTM021017.pdf', 'CO_OUTM021017.pdf', 'ID_OUTM021017.pdf', 'KX_OUTM021017.pdf', 'CN_OUTM021017.PDF', '1822b880a28', 6, '2022-08-11 19:59:20', '2023-01-31 20:15:46'),
(188, 2223, 'JOANNA CAROLINA', 'CAMACHO', 'PEREZ', 'CAPJ011114MSLMRNA5', 'CAPJ011114', '2001-11-14', '6691453750', 'jcamachopeez@gmail.com', 2, 1, 1, 1, 1, 'LIC. COMERCIO INTERNACIONAL', 3, 8.50, 'CU__JJFoGEBQw.pdf', 'AC__JJFoGEBQw.pdf', 'CO__JJFoGEBQw.pdf', 'ID__JJFoGEBQw.pdf', 'KX__JJFoGEBQw.pdf', 'CN_CAPJ011114.PDF', '1822ba08939', 6, '2022-08-11 20:26:07', '2023-02-01 16:37:17'),
(189, 2223, 'CRISTINA GUADALUPE', 'AVILA', 'TORRES', 'AITC030602MSLVRRA0', 'AITC030602', '2003-06-02', '6941087608', 'cg139183@gmail.com', 12, 1, 1, 5, 1, 'LIC. EDUCACIÓN', 2, 9.10, 'CU__SqBgcqq2T.pdf', 'AC__SqBgcqq2T.pdf', 'CO__SqBgcqq2T.pdf', 'ID__SqBgcqq2T.pdf', 'KX__SqBgcqq2T.pdf', 'PENDIENTE', '1822baaac48', 5, '2022-08-11 20:37:12', '2022-08-15 04:09:58'),
(190, 2223, 'LUIS RAMON', 'NUÑEZ', 'HERNANDEZ', 'NUHL030831HSLXRSA2', 'NUHL030831', '2003-08-31', '6941179500', 'adan72388@gmail.com', 1, 1, 1, 5, 1, 'LIC. EDUCACION', 1, 8.80, 'CU_NUHL030831.pdf', 'AC_NUHL030831.pdf', 'CO_NUHL030831.pdf', 'ID_NUHL030831.pdf', 'KX_NUHL030831.pdf', 'PENDIENTE', '1822bb0fbda', 5, '2022-08-11 20:44:06', '2022-08-11 20:48:34'),
(191, 2223, 'GILBERTO', 'LIZARRAGA', 'PAEZ', 'LIPG010211HSLZZLA4', 'LIPG010211', '2001-02-11', '6941103896', 'lizarragapaezgil@gmail.com', 15, 1, 1, 1, 2, 'LIC. DERECHO', 3, 6.70, 'CU__jyk2nP975.pdf', 'AC__jyk2nP975.pdf', 'CO__jyk2nP975.pdf', 'ID__jyk2nP975.pdf', 'KX__jyk2nP975.pdf', 'PENDIENTE', '1822bb3c5fb', 4, '2022-08-11 20:47:09', '2022-10-14 18:47:17'),
(192, 2223, 'YANETH ARELY', 'CAMACHO', 'PEREZ', 'CAPY010917MSLMRNA2', 'CAPY010917', '2001-09-17', '6692305389', 'arelita_camacho@love.com', 2, 1, 1, 7, 1, 'LIC. COSMETOLOGIA', 4, 9.50, 'CU__tF4pUHbBL.pdf', 'AC__tF4pUHbBL.pdf', 'CO__tF4pUHbBL.pdf', 'ID__tF4pUHbBL.pdf', 'KX__tF4pUHbBL.pdf', 'PENDIENTE', '1822bc7876b', 1, '2022-08-11 21:08:45', '2022-09-01 18:09:14'),
(193, 2223, 'ALVARO ISMAEL', 'MARTINEZ', 'MARTINEZ', 'MAMA011012HSLRRLA9', 'MAMA011012', '2001-10-12', '6691144242', 'dybalamartinez167@gmail.com', 1, 1, 1, 1, 1, 'LIC. DERECHO', 4, 8.00, 'CU_MAMA011012.pdf', 'AC_MAMA011012.pdf', 'CO_MAMA011012.pdf', 'ID_MAMA011012.pdf', 'KX_MAMA011012.pdf', 'CN_MAMA011012.PDF', '1822bd2811b', 6, '2022-08-11 21:20:45', '2023-02-07 16:37:23'),
(194, 2223, 'EMMANUEL', 'RAMIREZ', 'VIZCARRA', 'RAVE041214HSLMZMA7', 'RAVE041214', '2004-12-14', '6691231386', 'laemita1@gmail.com', 1, 1, 2, 1, 2, 'LIC. ODONTOLOGIA', 1, 8.90, 'CU_RAVE041214.pdf', 'AC_RAVE041214.pdf', 'CO_RAVE041214.pdf', 'ID_RAVE041214.pdf', 'KX_RAVE041214.pdf', 'PENDIENTE', '1822bf6a1a9', 1, '2022-08-11 22:00:15', '2022-09-15 15:27:29'),
(195, 2223, 'INGRID DAYANNE', 'RAYGOZA', 'LÓPEZ', 'RALI040222MSLYPNA5', 'RALI040222', '2004-02-22', '6692674162', 'ingridraylo22@gmail.com', 1, 1, 1, 1, 1, 'LIC. COMERCIO INTERNACIONAL', 1, 9.40, 'CU__oJXt9VfBS.pdf', 'AC__oJXt9VfBS.pdf', 'CO__oJXt9VfBS.pdf', 'ID_RALI040222.PDF', 'KX__oJXt9VfBS.pdf', 'CN_RALI040222.PDF', '1822bfd896c', 6, '2022-08-11 22:07:48', '2023-01-28 18:43:20'),
(196, 2223, 'LUZ VALERIA', 'TORRES', 'CASTAÑEDA', 'TOCL010929MSLRSZA6', 'TOCL010929', '2001-09-29', '6941088801', 'lvaleria040@hotmail.com', 1, 1, 1, 6, 2, 'LIC. EDUCACIÓN PRIMARIA', 4, 10.00, 'CU_TOCL010929.pdf', 'AC_TOCL010929.pdf', 'CO_TOCL010929.pdf', 'ID_TOCL010929.pdf', 'KX_TOCL010929.pdf', 'CN_TOCL010929.PDF', '1822c130f88', 6, '2022-08-11 22:31:20', '2023-02-01 22:32:11'),
(197, 2223, 'ALEJANDRA', 'RAMIREZ', 'QUINTEROS', 'RAQA030915MSLMNLA1', 'RAQA030915', '2003-09-15', '6941384980', 'aq72418@gmail.com', 1, 1, 1, 2, 1, 'LIC. CRIMINALISTICA', 1, 8.20, 'CU_RAQA030915.pdf', 'AC_RAQA030915.pdf', 'CO_RAQA030915.pdf', 'ID_RAQA030915.pdf', 'KX_RAQA030915.pdf', 'PENDIENTE', '1822c1fc22f', 4, '2022-08-11 22:45:13', '2022-08-12 19:40:00'),
(198, 2223, 'JESÚS MANUEL', 'PERAZA', 'FLORES', 'PEFJ030122HSLRLSA5', 'PEFJ030122', '2003-01-22', '6941187247', 'jesus.pefl03@gmail.com', 1, 1, 1, 1, 1, 'LIC. INFORMATICA', 1, 8.90, 'CU_PEFJ030122.pdf', 'AC__LheJQBoK2.pdf', 'CO__LheJQBoK2.pdf', 'ID__LheJQBoK2.pdf', 'KX__LheJQBoK2.pdf', 'PENDIENTE', '1822c5445c2', 4, '2022-08-11 23:42:38', '2022-08-12 20:23:52'),
(199, 2223, 'MARIANA', 'RODRIGUEZ', 'VIZCARRA', 'ROVM021105MSLDZRA7', 'ROVM021105', '2002-11-05', '6941153209', 'marianaarguezv@gmail.com', 1, 1, 1, 6, 2, 'LIC. EDUCACIÓN PRIMARIA', 2, 8.80, 'CU_ROVM021105.pdf', 'AC_ROVM021105.pdf', 'CO_ROVM021105.pdf', 'ID_ROVM021105.pdf', 'KX_ROVM021105.pdf', 'CN_ROVM021105.PDF', '1822c7a3e7f', 6, '2022-08-12 00:24:09', '2023-03-02 21:03:34'),
(200, 2223, 'BRAYAN MANUEL', 'SANCHEZ', 'MENDOZA', 'SAMB010816HSLNNRA0', 'SAMB010816', '2001-08-16', '3332517783', 'breymeny123@gmail.com', 1, 1, 1, 1, 1, 'ING. CIVIL', 3, 9.20, 'CU_SAMB010816.pdf', 'AC_SAMB010816.pdf', 'CO_SAMB010816.pdf', 'ID_SAMB010816.pdf', 'KX_SAMB010816.pdf', 'PENDIENTE', '1822c7f84b5', 4, '2022-08-12 00:29:55', '2022-08-12 19:43:45'),
(201, 2223, 'MARTHA SUSANA', 'TORRES', 'RUEDA', 'TORM020318MSLRDRA5', 'TORM020318', '2002-03-18', '6693299874', 'susanasusanamstr@gmail.com', 1, 1, 1, 1, 2, 'LIC. ENFERMERÍA', 3, 9.10, 'CU__DpRZ4FNJw.pdf', 'AC__DpRZ4FNJw.pdf', 'CO__DpRZ4FNJw.pdf', 'ID__DpRZ4FNJw.pdf', 'KX__DpRZ4FNJw.pdf', 'PENDIENTE', '1822c843e6f', 1, '2022-08-12 00:35:05', '2022-09-01 18:11:07'),
(202, 2223, 'CARLOS DANIEL', 'CASTELLANOS', 'GARZON', 'CAGC000117HSLSRRA8', 'CAGC000117', '2000-01-17', '6941102580', 'cdlzhm@gmail.com', 1, 1, 1, 1, 1, 'LIC. INGENIERIA EN SISTEMAS', 3, 5.70, 'CU_CAGC000117.pdf', 'AC_CAGC000117.pdf', 'CO_CAGC000117.pdf', 'ID_CAGC000117.pdf', 'KX_CAGC000117.pdf', 'PENDIENTE', '1822cce24ff', 5, '2022-08-12 01:55:53', '2022-08-12 19:46:07'),
(203, 2223, 'NALLELY GUADALUPE', 'BRITO', 'MARTINEZ', 'BIMN011119MSLRRLA2', 'BIMN011119', '2001-11-19', '6941180459', 'nallelymartinez0002@gmail', 1, 1, 1, 3, 1, 'LIC. TERAPIA FISICA', 3, 9.30, 'CU__xszBkJvkj.pdf', 'AC__xszBkJvkj.pdf', 'CO__xszBkJvkj.pdf', 'ID__xszBkJvkj.pdf', 'KX__xszBkJvkj.pdf', 'CN_BIMN011119.PDF', '1822cd28cc6', 6, '2022-08-12 02:00:42', '2023-01-28 18:43:49'),
(204, 2223, 'JOSUE', 'CANIZALES', 'LIZARRAGA', 'CALJ021010HSLNZSA4', 'CALJ021010', '2002-10-10', '6691965707', 'jcanizaleslizarraga@gmail.com', 1, 1, 1, 3, 1, 'ING. LOGISTICA Y TRANSPORTE', 2, 8.80, 'CU_CALJ021010.pdf', 'AC_CALJ021010.pdf', 'CO_CALJ021010.pdf', 'ID_CALJ021010.pdf', 'KX_CALJ021010.pdf', 'CN_CALJ021010.PDF', '1822ce4b477', 7, '2022-08-12 02:20:33', '2023-03-01 02:11:06'),
(205, 2223, 'JOSE ALBERTO', 'HERNANDEZ', 'IBARRA', 'HEIA010510HSLRBLA8', 'HEIA010510', '2001-05-10', '6692397916', 'jahi118298@gmail.com', 1, 1, 1, 1, 1, 'ING. PROCESOS INDUSTRIALES', 4, 9.40, 'CU_HEIA010510.pdf', 'AC_HEIA010510.pdf', 'CO_HEIA010510.pdf', 'ID_HEIA010510.pdf', 'KX_HEIA010510.pdf', 'CN_HEIA010510.PDF', '1822cf7b6b0', 6, '2022-08-12 02:41:20', '2023-01-30 21:43:35'),
(206, 2223, 'LUIS MARIO', 'AGUILAR', 'VARGAS', 'AUVL010417HSLGRSA2', 'AUVL010417', '2001-04-17', '6691494437', 'luismachirim@gmail.com', 38, 38, 2, 27, 1, 'TÉCNICO EN MECÁNICA AUTOMOTRIZ', 1, 9.30, 'CU__oZEUzuOoA.pdf', 'AC__oZEUzuOoA.pdf', 'CO__oZEUzuOoA.pdf', 'ID__oZEUzuOoA.pdf', 'KX__oZEUzuOoA.pdf', 'CN_AUVL010417.PDF', '1822cfaf9ca', 6, '2022-08-12 02:44:54', '2023-01-25 20:09:07'),
(207, 2223, 'SHAILA BERENICE', 'CRUZ', 'HERNÁNDEZ', 'CUHS010925MSLRRHA5', 'CUHS010925', '2001-09-25', '6941172611', 'shailacruzhernandez@gmail.com', 1, 1, 1, 1, 1, 'ADMINISTRACIÓN DE EMPRESAS', 3, 8.10, 'CU__plqzawLE9.pdf', 'AC__plqzawLE9.pdf', 'CO__plqzawLE9.pdf', 'ID__plqzawLE9.pdf', 'KX__plqzawLE9.pdf', 'CN_CUHS010925.PDF', '1822d0b9b3f', 6, '2022-08-12 03:03:05', '2023-01-27 21:24:56'),
(208, 2223, 'OSCAR OMAR', 'CABANILLAS', 'RAMIREZ', 'CARO041025HSLBMSA7', 'CARO041025', '2004-10-25', '6941185849', 'oscarcabanillas506@gmail.com', 1, 1, 2, 25, 1, 'ING. INDUSTRIAL', 1, 9.50, 'CU__XPOh0lT6c.pdf', 'AC__XPOh0lT6c.pdf', 'CO__XPOh0lT6c.pdf', 'ID__XPOh0lT6c.pdf', 'KX__XPOh0lT6c.pdf', 'CN_CARO041025.PDF', '1822d1ed033', 6, '2022-08-12 03:24:05', '2023-02-16 20:49:56'),
(209, 2223, 'ANDREA GUADALUPE', 'LIZÁRRAGA', 'RODRÍGUEZ', 'LIRA021014MSLZDNA8', 'LIRA021014', '2002-10-14', '6691516914', 'andrealizarragarguez@gmail.com', 1, 1, 1, 3, 1, 'ING. BIOTECNOLOGÍA', 2, 9.80, 'CU__kc3MUQyNh.pdf', 'AC__kc3MUQyNh.pdf', 'CO__kc3MUQyNh.pdf', 'ID__kc3MUQyNh.pdf', 'KX__kc3MUQyNh.pdf', 'CN_LIRA021014.PDF', '1822d740e1b', 6, '2022-08-12 04:57:17', '2023-01-18 15:46:37'),
(210, 2223, 'ALEXIA', 'PAEZ', 'ONTIVEROS', 'PAOA010312MSLZNLA8', 'PAOA010312', '2001-03-12', '6691599148', 'alexiapaezontiveros@gmail.com', 15, 1, 1, 4, 1, 'ING. BIOQUÍMICA', 4, 9.30, 'CU_PAOA010312.pdf', 'AC_PAOA010312.pdf', 'CO_PAOA010312.pdf', 'ID_PAOA010312.pdf', 'KX_PAOA010312.pdf', 'CN_PAOA010312.PDF', '1822d995356', 7, '2022-08-12 05:38:02', '2023-01-23 21:38:19'),
(211, 2223, 'KAILEE', 'GAMBOA', 'GUZMÁN', 'GAXK040325MNEMXLA8', 'GAXK040325', '2004-03-25', '6941089656', 'kaileegamboa25@gmail.com', 1, 1, 2, 1, 1, 'QUÍMICO FARMACÉUTICO BIÓLOGO', 1, 9.30, 'CU_GAXK040325.pdf', 'AC_GAXK040325.pdf', 'CO_GAXK040325.pdf', 'ID_GAXK040325.pdf', 'KX_GAXK040325.pdf', 'CN_GAXK040325.PDF', '1822d9a973b', 6, '2022-08-12 05:39:25', '2023-03-08 21:58:47'),
(212, 2223, 'ESTEFANIA', 'TIRADO', 'MILLAN', 'TIME020912MSLRLSA3', 'TIME020912', '2002-09-12', '6941176664', 'estefania.timi12@hotmail.com', 4, 4, 1, 3, 1, 'ING. BIOTECNOLOGÍA', 3, 8.90, 'CU_TIME020912.pdf', 'AC_TIME020912.pdf', 'CO_TIME020912.pdf', 'ID_TIME020912.pdf', 'KX_TIME020912.pdf', 'PENDIENTE', '1822db6a38b', 4, '2022-08-12 06:10:05', '2022-11-01 21:13:54'),
(213, 2223, 'MICHAEL ALFREDO', 'ROBLES', 'VILLAVICENCIO', 'ROVM020514HBCBLCA2', 'ROVM020514', '2002-05-14', '6691530457', 'villamike695@gmail.com', 4, 4, 1, 1, 1, 'LIC. GASTRONOMÍA', 2, 8.70, 'CU_ROVM020514.pdf', 'AC_ROVM020514.pdf', 'CO_ROVM020514.pdf', 'ID_ROVM020514.pdf', 'KX_ROVM020514.pdf', 'CN_ROVM020514.PDF', '1822f62a974', 7, '2022-08-12 13:58:04', '2023-02-16 20:54:04'),
(214, 2223, 'LUIS ANGEL', 'TIRADO', 'SANCHEZ', 'TISL020820HSLRNSA7', 'TISL020820', '2002-08-20', '6692522824', 'luisangel1we@gmail.com', 4, 4, 1, 1, 1, 'LIC. EDUCACION FISICA', 3, 8.10, 'CU_TISL020820.pdf', 'AC_TISL020820.pdf', 'CO_TISL020820.pdf', 'ID_TISL020820.pdf', 'KX_TISL020820.pdf', 'CN_TISL020820.PDF', '1822f749e6a', 7, '2022-08-12 14:17:42', '2023-01-31 21:44:49'),
(215, 2223, 'YULIANA ARACELY', 'ULIVARRIA', 'ARTIAGA', 'UIAY030120MSLLRLA6', 'UIAY030120', '2003-01-20', '6692148998', 'yulianaaracel204@gmail.com', 1, 1, 1, 1, 1, 'LIC. ENFERMERÍA', 1, 9.70, 'CU_UIAY030120.pdf', 'AC_UIAY030120.pdf', 'CO_UIAY030120.pdf', 'ID_UIAY030120.pdf', 'KX_UIAY030120.pdf', 'CN_UIAY030120.PDF', '1822f9dce8c', 6, '2022-08-12 15:02:44', '2023-02-01 16:37:48'),
(216, 2223, 'FLOR ROCIO', 'PAREDES', 'LUCAS', 'PALF991027MSLRCL07', 'PALF991027', '1999-10-27', '6941081231', 'florcitapl27@gmail.com', 20, 20, 1, 1, 1, 'LIC. DERECHO', 4, 9.50, 'CU_PALF991027.pdf', 'AC_PALF991027.pdf', 'CO_PALF991027.pdf', 'ID_PALF991027.pdf', 'KX_PALF991027.pdf', 'CN_PALF991027.PDF', '1822fa293fb', 7, '2022-08-12 15:07:57', '2023-01-31 20:28:00'),
(217, 2223, 'PAOLA NAYELI', 'TIRADO', 'MILLAN', 'TIMP000228MSLRLLA6', 'TIMP000228', '2000-02-28', '6691968076', 'paonayeli-1@hotmail.com', 4, 4, 1, 1, 4, 'LIC. PSICOLOGIA', 1, 9.60, 'CU_TIMP000228.pdf', 'AC_TIMP000228.pdf', 'CO_TIMP000228.pdf', 'ID_TIMP000228.pdf', 'KX_TIMP000228.pdf', 'CN_TIMP000228.PDF', '1822fd06286', 7, '2022-08-12 15:58:02', '2023-01-30 18:17:25'),
(218, 2223, 'YURECZI FABIOLA', 'DIAZ', 'SANCHEZ', 'DISY040207MSLZNRA3', 'DISY040207', '2004-02-07', '6941177614', 'yureczi99@gmail.com', 1, 1, 1, 6, 2, 'LIC. EDUCACION PRIMARIA', 1, 9.80, 'CU_DISY040207.pdf', 'AC__xboApJkAU.pdf', 'CO__xboApJkAU.pdf', 'ID__xboApJkAU.pdf', 'KX__xboApJkAU.pdf', 'CN_DISY040207.PDF', '18230221ee4', 6, '2022-08-12 17:27:24', '2023-03-01 02:55:14'),
(219, 2223, 'JESUS ANTONIO', 'RAMIREZ', 'OCHOA', 'RAOJ010903HSLMCSA2', 'RAOJ010903', '2001-09-03', '6691088846', 'anthony_14_2001@outlook.com', 1, 1, 1, 3, 1, 'ING. BIOTECNOLOGÍA', 2, 8.50, 'CU_RAOJ010903.pdf', 'AC_RAOJ010903.pdf', 'CO_RAOJ010903.pdf', 'ID_RAOJ010903.pdf', 'KX_RAOJ010903.pdf', 'CN_RAOJ010903.PDF', '182304fd9ec', 6, '2022-08-12 18:17:24', '2023-01-31 20:16:46'),
(220, 2223, 'LUIS IGNACIO', 'ROQUE', 'JIMÉNEZ', 'ROJL010507HSLQMSA6', 'ROJL010507', '2001-05-07', '6692750520', 'liroke0@gmail.com', 1, 1, 2, 1, 2, 'QUIMICO FARMACEUTICO BIOLOGO', 1, 8.50, 'CU_ROJL010507.pdf', 'AC_ROJL010507.pdf', 'CO_ROJL010507.pdf', 'ID_ROJL010507.pdf', 'KX_ROJL010507.pdf', 'PENDIENTE', '182305579e3', 1, '2022-08-12 18:23:33', '2022-09-10 00:15:32'),
(221, 2223, 'GALILEA DEL CARMEN', 'GARZÓN', 'TIRADO', 'GATG030310MSLRRLA0', 'GATG030310', '2003-03-10', '6692522114', 'galileagarzon03@gmail.com', 1, 1, 1, 1, 2, 'LIC. ENFERMERÍA', 2, 8.70, 'CU__0iWaknkVJ.pdf', 'AC__0iWaknkVJ.pdf', 'CO__0iWaknkVJ.pdf', 'ID__0iWaknkVJ.pdf', 'KX__0iWaknkVJ.pdf', 'CN_GATG030310.PDF', '182305824cc', 6, '2022-08-12 18:26:28', '2023-01-31 20:18:21'),
(222, 2223, 'DANNA PAOLA', 'ZAZUETA', 'ESTOLANO', 'ZAED011017MSLZSNA5', 'ZAED011017', '2001-10-17', '6692546407', 'dannazazuetae@gmail.com', 1, 1, 1, 1, 2, 'LIC. MEDICINA GENERAL', 4, 8.60, 'CU_ZAED011017.pdf', 'AC_ZAED011017.pdf', 'CO_ZAED011017.pdf', 'ID_ZAED011017.pdf', 'KX_ZAED011017.pdf', 'CN_ZAED011017.PDF', '182305f4718', 6, '2022-08-12 18:34:16', '2023-01-31 20:19:02'),
(223, 2223, 'TANIA MARIA', 'BERNAL', 'VIZCARRA', 'BEVT030317MSLRZNA9', 'BEVT030317', '2003-03-17', '6941197268', 'taniamaria1703@hotmail.com', 1, 1, 1, 1, 2, 'LIC. COMERCIO INTERNACIONAL', 2, 6.50, 'CU_BEVT030317.pdf', 'AC_BEVT030317.pdf', 'CO_BEVT030317.pdf', 'ID_BEVT030317.pdf', 'KX_BEVT030317.pdf', 'CN_BEVT030317.PDF', '18230600e1d', 6, '2022-08-12 18:35:07', '2023-02-01 16:42:11'),
(224, 2223, 'DANNA BELEN', 'SALGADO', 'ULLOA', 'SAUD040710MSLLLNA5', 'SAUD040710', '2004-07-10', '6941380446', 'sdannabelen842@gmail.com', 1, 1, 1, 28, 2, 'LIC. COSMETOLOGIA', 1, 7.30, 'CU_SAUD040710.pdf', 'AC_SAUD040710.pdf', 'CO_SAUD040710.pdf', 'ID_SAUD040710.pdf', 'KX_SAUD040710.pdf', 'CN_SAUD040710.PDF', '182306ea0c1', 6, '2022-08-12 18:51:03', '2023-02-02 20:41:16'),
(225, 2223, 'VALERIA', 'ONTIVEROS', 'TIRADO', 'OITV030924MSLNRLA5', 'OITV030924', '2003-09-24', '6691505336', 'valeriaontiverostirado@gmail.com', 1, 1, 1, 28, 1, 'LIC. COSMETOLOGIA', 2, 8.50, 'CU__4aT7Jg9BC.pdf', 'AC__4aT7Jg9BC.pdf', 'CO__4aT7Jg9BC.pdf', 'ID__4aT7Jg9BC.pdf', 'KX__4aT7Jg9BC.pdf', 'CN_OITV030924.PDF', '1823074ec6c', 6, '2022-08-12 18:57:56', '2023-02-01 16:44:03'),
(226, 2223, 'LUIS ALBERTO', 'ZAMUDIO', 'TISNADO', 'ZATL021128HSLMSSA8', 'ZATL021128', '2002-11-28', '6121525814', 'luiszamudiotisnado@gmail.com', 1, 1, 1, 1, 3, 'LIC. ARQUITECTURA', 2, 9.00, 'CU_ZATL021128.pdf', 'AC_ZATL021128.pdf', 'CO_ZATL021128.pdf', 'ID_ZATL021128.pdf', 'KX_ZATL021128.pdf', 'CN_ZATL021128.PDF', '18230928e94', 6, '2022-08-12 19:30:20', '2023-02-02 20:41:41'),
(227, 2223, 'URIEL ULISES', 'TIRADO', 'LOPEZ', 'TILU040910HSLRPRA9', 'TILU040910', '2004-09-10', '6941190065', '6941190065u@gmail.com', 1, 1, 1, 1, 1, 'LIC. INFORMATICA', 1, 8.60, 'CU_TILU040910.pdf', 'AC_TILU040910.pdf', 'CO_TILU040910.pdf', 'ID_TILU040910.pdf', 'KX_TILU040910.pdf', 'CN_TILU040910.PDF', '182309a6c30', 6, '2022-08-12 19:38:56', '2023-02-01 16:46:01'),
(228, 2223, 'DIEGO FERNANDO', 'VIZCARRA', 'LOPEZ', 'VILD020311HSLZPGA2', 'VILD020311', '2002-03-11', '6941151926', 'diegofer.vizcarra@gmail.com', 1, 1, 2, 1, 2, 'ING. AGRONOMIA', 2, 5.80, 'CU_VILD020311.pdf', 'AC_VILD020311.pdf', 'CO_VILD020311.pdf', 'ID_VILD020311.pdf', 'KX_VILD020311.pdf', 'PENDIENTE', '18230c593b9', 5, '2022-08-12 20:26:07', '2022-08-12 20:39:44'),
(229, 2223, 'ADAL ISAHI', 'CHAVEZ', 'VILCHIS', 'CAVA010926HSLHLDA3', 'CAVA010926', '2001-09-26', '6692462311', 'isahi.chavez.vilchis@hotmail.com', 1, 1, 1, 7, 1, 'LIC. MEDICINA GENERAL', 3, 8.10, 'CU_CAVA010926.pdf', 'AC_CAVA010926.pdf', 'CO_CAVA010926.pdf', 'ID_CAVA010926.pdf', 'KX_CAVA010926.pdf', 'PENDIENTE', '18230cf9b77', 1, '2022-08-12 20:37:05', '2022-09-05 16:27:36'),
(230, 2223, 'EMMANUEL', 'NAVARRO', 'GALLARDO', 'NAGE030523HBCVLMA4', 'NAGE030523', '2003-05-23', '6941643995', 'emmanuelgallardonavarro321@gmail.com', 1, 1, 1, 1, 1, 'LIC. ARQUITECTURA', 1, 9.70, 'CU_NAGE030523.pdf', 'AC_NAGE030523.pdf', 'CO_NAGE030523.pdf', 'ID_NAGE030523.pdf', 'KX_NAGE030523.pdf', 'PENDIENTE', '18230ddb13b', 4, '2022-08-12 20:52:29', '2022-08-12 20:53:35'),
(231, 2223, 'ADRIAN', 'VALDEZ', 'VALDEZ', 'VAVA040630HSLLLDA1', 'VAVA040630', '2004-06-30', '6941151183', 'adrianvv304@gmail.com', 3, 3, 2, 1, 2, 'ING. AGRONOMIA', 1, 8.40, 'CU_VAVA040630.pdf', 'AC_VAVA040630.pdf', 'CO_VAVA040630.pdf', 'ID_VAVA040630.pdf', 'KX_VAVA040630.pdf', 'CN_VAVA040630.PDF', '182310066de', 6, '2022-08-12 21:30:26', '2023-02-16 20:56:48'),
(232, 2223, 'MARCO ANTONIO', 'LIZARRAGA', 'LIZARRAGA', 'LILM040216HSLZZRA9', 'LILM040216', '2004-02-16', '6693251474', 'marco_lga10@hotmail.com', 1, 1, 1, 1, 2, 'LIC. CONTADURÍA PÚBLICA', 1, 7.90, 'CU_LILM040216.pdf', 'AC_LILM040216.pdf', 'CO_LILM040216.pdf', 'ID_LILM040216.pdf', 'KX_LILM040216.pdf', 'CN_LILM040216.PDF', '18231209c85', 6, '2022-08-12 22:05:21', '2023-02-01 16:46:52'),
(233, 2223, 'MARIEL', 'RODRIGUEZ', 'LIZARRAGA', 'ROLM971215MSLDZR01', 'ROLM971215', '1997-12-15', '6692445360', 'mariel_rodriguez_lga@hotmail.com', 3, 3, 1, 1, 1, 'LIC. MEDICINA GENERAL', 6, 9.50, 'CU_ROLM971215.pdf', 'AC_ROLM971215.pdf', 'CO_ROLM971215.pdf', 'ID_ROLM971215.pdf', 'KX_ROLM971215.pdf', 'CN_ROLM971215.PDF', '18231418d7c', 6, '2022-08-12 22:41:40', '2023-01-30 15:26:58'),
(234, 2223, 'SANDRA', 'BELTRAN', 'SILVA', 'BESS921113MSLLLN00', 'BESS921113', '1992-11-13', '6672157917', 'sandrabeltran1311@gmail.com', 1, 1, 2, 24, 1, 'LIC. COMERCIO INTERNACIONAL', 6, 8.30, 'CU_BESS921113.pdf', 'AC_BESS921113.pdf', 'CO_BESS921113.pdf', 'ID_BESS921113.pdf', 'KX_BESS921113.pdf', 'PENDIENTE', '1823143cb21', 1, '2022-08-12 22:44:08', '2022-09-01 19:22:55'),
(235, 2223, 'JUAN MARTIN', 'PASOS', 'VALDES', 'PAVJ010203HSLSLNA0', 'PAVJ010203', '2001-02-03', '6941190801', 'balkuriu3123@hotmail.com', 1, 1, 1, 1, 1, 'LIC. MEDICINA GENERAL', 3, 8.10, 'CU__aEw2OHQA3.pdf', 'AC__aEw2OHQA3.pdf', 'CO__aEw2OHQA3.pdf', 'ID__aEw2OHQA3.pdf', 'KX__aEw2OHQA3.pdf', 'PENDIENTE', '1823168aecd', 4, '2022-08-12 23:24:27', '2022-09-06 19:02:10'),
(236, 2223, 'OSCAR MANUEL', 'GARCIA', 'BARRAZA', 'GABO040323HSLRRSA5', 'GABO040323', '2004-03-23', '6691509597', 'oscargb794@gmail.com', 1, 1, 1, 4, 1, 'ING. MECÁNICA', 1, 7.30, 'CU_GABO040323.pdf', 'AC_GABO040323.pdf', 'CO_GABO040323.pdf', 'ID_GABO040323.pdf', 'KX_GABO040323.pdf', 'CN_GABO040323.PDF', '182317a0f79', 6, '2022-08-12 23:43:27', '2023-02-07 16:38:42'),
(237, 2223, 'BRYAN ALEJANDRO', 'ESPINOZA', 'ZAMUDIO', 'EIZB040610HSLSMRA1', 'EIZB040610', '2004-06-10', '6941157156', 'bryanespinozaza@gmail.com', 1, 1, 2, 1, 2, 'ING. AGRONOMIA', 1, 6.90, 'CU__cMEX15Nci.pdf', 'AC__cMEX15Nci.pdf', 'CO__cMEX15Nci.pdf', 'ID__cMEX15Nci.pdf', 'KX__cMEX15Nci.pdf', 'PENDIENTE', '1823187c3ae', 1, '2022-08-12 23:58:26', '2023-01-16 18:01:59'),
(238, 2223, 'MARIA GUADALUPE', 'SALAZAR', 'HERNANDEZ', 'SAHG020526MSLLRDA0', 'SAHG020526', '2002-05-26', '6941184297', '2603shdz@gmail.com', 1, 1, 1, 1, 2, 'LIC. CONTADURÍA PÚBLICA', 2, 7.30, 'CU_SAHG020526.pdf', 'AC_SAHG020526.pdf', 'CO_SAHG020526.pdf', 'ID_SAHG020526.pdf', 'KX_SAHG020526.pdf', 'CN_SAHG020526.PDF', '182319cf009', 6, '2022-08-13 00:21:35', '2023-02-07 16:39:30'),
(239, 2223, 'AMERICA ESMERALDA', 'SOLANO', 'ULLOA', 'SOUA001128MSLLLMA2', 'SOUA001128', '2000-11-28', '6941134564', 'americaulloa754@gmail.com', 1, 1, 1, 1, 1, 'LIC. ENFERMERÍA', 4, 8.50, 'CU_SOUA001128.pdf', 'AC_SOUA001128.pdf', 'CO_SOUA001128.pdf', 'ID_SOUA001128.pdf', 'KX_SOUA001128.pdf', 'CN_SOUA001128.PDF', '182319de1fb', 6, '2022-08-13 00:22:37', '2023-02-03 15:55:34'),
(240, 2223, 'PALOMA CANDELARIA', 'HERRERA', 'LOPEZ', 'HELP021220MSLRPLA8', 'HELP021220', '2002-12-20', '6692208966', 'hpaloma19@gmail.com', 4, 4, 1, 17, 2, 'LIC. EDUCACIÓN PRIMARIA', 3, 9.20, 'CU__MZ1OAOpb0.pdf', 'AC__MZ1OAOpb0.pdf', 'CO__MZ1OAOpb0.pdf', 'ID__MZ1OAOpb0.pdf', 'KX__MZ1OAOpb0.pdf', 'CN_HELP021220.PDF', '18231cf39de', 7, '2022-08-13 01:16:34', '2023-01-27 21:31:37'),
(241, 2223, 'ALAN DE JESUS', 'ALCARAZ', 'BERNAL', 'AABA030703HSLLRLA6', 'AABA030703', '2003-07-03', '6941103607', 'alanalcarazbernal@gmail.com', 2, 2, 1, 3, 1, 'ING. MECATRONICA', 1, 8.30, 'CU_AABA030703.pdf', 'AC_AABA030703.pdf', 'CO_AABA030703.pdf', 'ID_AABA030703.pdf', 'KX_AABA030703.pdf', 'PENDIENTE', '18231e2a18d', 1, '2022-08-13 01:37:47', '2022-09-02 18:23:28'),
(242, 2223, 'EMILY ANDREA', 'GALINDO', 'CRUZ', 'GACE010315MSLLRMA1', 'GACE010315', '2001-03-15', '6949567009', 'galindocruzemilyandrea@gmail.com', 1, 1, 1, 1, 1, 'LIC. ARQUITECTURA', 3, 9.20, 'CU__r4elYwlo5.pdf', 'AC__r4elYwlo5.pdf', 'CO__r4elYwlo5.pdf', 'ID__r4elYwlo5.pdf', 'KX__r4elYwlo5.pdf', 'PENDIENTE', '18231f92169', 1, '2022-08-13 02:02:23', '2022-09-04 01:08:40'),
(243, 2223, 'ANA ROSA', 'VILLEGAS', 'CORONADO', 'VICA011124MSLLRNA3', 'VICA011124', '2001-11-24', '6694466108', 'anarosavillegascoronado@gmail.com', 1, 1, 1, 1, 1, 'LIC. ENFERMERÍA', 3, 7.80, 'CU_VICA011124.pdf', 'AC_VICA011124.pdf', 'CO_VICA011124.pdf', 'ID_VICA011124.pdf', 'KX_VICA011124.pdf', 'CN_VICA011124.PDF', '18244b8efe6', 6, '2022-08-16 17:29:34', '2023-03-16 20:59:11'),
(244, 2223, 'CARMEN ANDREA', 'LIZARRAGA', 'ZAMUDIO', 'LIZC030808MSLZMRA4', 'LIZC030808', '2003-08-08', '6941152938', 'carmen.liza0308@gmail.com', 1, 1, 1, 6, 2, 'LIC. EDUCACION PRIMARIA', 2, 9.10, 'CU_LIZC030808.pdf', 'AC_LIZC030808.pdf', 'CO_LIZC030808.pdf', 'ID_LIZC030808.pdf', 'KX_LIZC030808.pdf', 'CN_LIZC030808.PDF', '1829bf9ada8', 6, '2022-09-02 16:32:24', '2023-02-17 19:16:51'),
(245, 2223, 'DIEGO DE JESUS', 'MONROY', 'LIZARRAGA', 'MOLD030206HSLNZGA1', 'MOLD030206', '2003-02-06', '6691583502', 'diegocris992@gmail.com', 1, 1, 1, 1, 1, 'ING. PROCESOS INDUSTRIALES', 2, 7.00, 'CU_MOLD030206.pdf', 'AC_MOLD030206.pdf', 'CO_MOLD030206.pdf', 'ID_MOLD030206.pdf', 'KX_MOLD030206.pdf', 'CN_MOLD030206.PDF', '1829c06836e', 6, '2022-09-02 16:46:26', '2023-02-03 15:56:47'),
(246, 2223, 'CHRISTIAN DE JESUS', 'LEDEZMA', 'IBARRA', 'LEIC020324HSLDBHA6', 'LEIC020324', '2002-03-24', '6941133213', 'ledezmaibarrachristiandejesus@gmail.com', 1, 1, 1, 1, 1, 'LIC. NUTRICION', 2, 7.00, 'CU_LEIC020324.pdf', 'AC_LEIC020324.pdf', 'CO_LEIC020324.pdf', 'ID_LEIC020324.pdf', 'KX_LEIC020324.pdf', 'PENDIENTE', '1829c28eb05', 1, '2022-09-02 17:24:03', '2022-09-02 17:28:27'),
(247, 2223, 'MICHELLE', 'MEDRANO', 'BERNAL', 'MEBM010320MSLDRCA6', 'MEBM010320', '2001-03-20', '6692546869', 'michmedranob@outlook.es', 1, 1, 1, 1, 1, 'ING. PROCESOS INDUSTRIALES', 4, 9.10, 'CU_MEBM010320.pdf', 'AC_MEBM010320.pdf', 'CO_MEBM010320.pdf', 'ID_MEBM010320.pdf', 'KX_MEBM010320.pdf', 'CN_MEBM010320.PDF', '1829c49f74d', 6, '2022-09-02 18:00:11', '2023-02-01 16:47:32'),
(248, 2223, 'CRISTAL GUADALUPE', 'CAMACHO', 'ZAMUDIO', 'CAZC020721MSLMMRA9', 'CAZC020721', '2002-07-21', '6941186737', 'cristalcamacho839@gmail.com', 1, 1, 1, 1, 3, 'LIC. ARQUITECTURA', 2, 8.60, 'CU_CAZC020721.pdf', 'AC_CAZC020721.pdf', 'CO_CAZC020721.pdf', 'ID_CAZC020721.pdf', 'KX_CAZC020721.pdf', 'CN_CAZC020721.PDF', '1829c572ea2', 6, '2022-09-02 18:14:38', '2023-02-02 20:43:54'),
(249, 2223, 'ARCADIA MONSERRAT', 'PERAZA', 'PERAZA', 'PEPA000525MSLRRRA7', 'PEPA000525', '2000-05-25', '6941131821', 'monse.peraza05@hotmail.com', 1, 1, 1, 1, 1, 'ING. CIVIL', 5, 9.40, 'CU_PEPA000525.pdf', 'AC_PEPA000525.pdf', 'CO_PEPA000525.pdf', 'ID_PEPA000525.pdf', 'KX_PEPA000525.pdf', 'PENDIENTE', '1829c85db9c', 1, '2022-09-02 19:05:40', '2022-09-02 19:07:23'),
(250, 2223, 'XIMENA', 'VALDES', 'ONTIVEROS', 'VAOX020704MSLLNMA7', 'VAOX020704', '2002-07-04', '6691008596', 'ximena17valds@gmail.com', 1, 1, 1, 1000, 1, 'LIC. ODONTOLOGIA', 3, 9.10, 'CU_VAOX020704.pdf', 'AC_VAOX020704.pdf', 'CO_VAOX020704.pdf', 'ID_VAOX020704.pdf', 'KX_VAOX020704.pdf', 'CN_VAOX020704.PDF', '1829d7597c5', 6, '2022-09-02 23:27:47', '2023-01-23 21:38:58'),
(251, 2223, 'ADRIANA', 'CONTRERAS', 'PIMENTEL', 'COPA031106MSLNMDB8', 'COPA031106', '2003-11-06', '6699297772', 'adrianacontreraspimentel@gmail.com', 1, 1, 1, 1, 1, 'LIC. GASTRONOMIA', 1, 8.80, 'CU_COPA031106.pdf', 'AC_COPA031106.pdf', 'CO_COPA031106.pdf', 'ID_COPA031106.pdf', 'KX_COPA031106.pdf', 'CN_COPA031106.PDF', '182ab4860df', 6, '2022-09-05 15:56:57', '2023-01-26 21:23:48'),
(252, 2223, 'HANNIA GRACIELA', 'CONTRERAS', 'PIMENTEL', 'COPH000304MSLNMNA2', 'COPH000304', '2000-03-04', '6693290732', 'hanniacontreras1234@gmail.com', 1, 1, 1, 1, 1, 'LIC. MERCADOTECNIA', 5, 9.40, 'CU_COPH000304.pdf', 'AC_COPH000304.pdf', 'CO_COPH000304.pdf', 'ID_COPH000304.pdf', 'KX_COPH000304.pdf', 'CN_COPH000304.PDF', '182ab4f15e7', 6, '2022-09-05 16:04:17', '2023-02-07 16:40:13'),
(253, 2223, 'JESUS MANUEL', 'MADRIGAL', 'RUIZ', 'MARJ040822HSLDZSA2', 'MARJ040822', '2004-08-22', '6692747255', 'jesusm.m.ruiz@gmail.com', 1, 1, 2, 1, 2, 'ING. AGRONOMIA', 1, 8.50, 'CU__wZ1wvlCQy.pdf', 'AC__wZ1wvlCQy.pdf', 'CO__wZ1wvlCQy.pdf', 'ID__wZ1wvlCQy.pdf', 'KX__wZ1wvlCQy.pdf', 'CN_MARJ040822.PDF', '182ac5172ba', 6, '2022-09-05 20:46:46', '2023-01-27 16:23:53'),
(254, 2223, 'LUIS REY', 'GARZON', 'GALVAN', 'GAGL040817HSLRLSA2', 'GAGL040817', '2004-08-17', '6941164025', 'luidantobio@gmail.com', 1, 1, 1, 1, 1, 'LIC. MEDICINA GENERAL', 1, 9.90, 'CU_GAGL040817.pdf', 'AC_GAGL040817.pdf', 'CO_GAGL040817.pdf', 'ID_GAGL040817.pdf', 'KX_GAGL040817.pdf', 'CN_GAGL040817.PDF', '182b55fe5cc', 6, '2022-09-07 15:01:40', '2023-02-02 18:21:36'),
(255, 2223, 'FATIMA YANETH', 'TIRADO', 'MADRIGAL', 'TIMF011012MSLRDTA7', 'TIMF011012', '2001-10-12', '6691988042', 'tiradoft12@gmail.com', 1, 1, 1, 1, 1, 'ING. CIVIL', 4, 9.90, 'CU__9XjCxJ4A5.pdf', 'AC__9XjCxJ4A5.pdf', 'CO__9XjCxJ4A5.pdf', 'ID__9XjCxJ4A5.pdf', 'KX__9XjCxJ4A5.pdf', 'CN_TIMF011012.PDF', '182b6cf5f99', 6, '2022-09-07 21:43:27', '2023-01-31 20:19:54'),
(256, 2223, 'BRISSA YARLIN', 'REYES', 'MARTIN', 'REMB030824MSLYRRA2', 'REMB030824', '2003-08-24', '6691966623', 'brissa.rema03@gmail.com', 1, 1, 2, 21, 2, 'LIC. EDUCACION PREESCOLAR', 2, 10.00, 'CU_REMB030824.pdf', 'AC_REMB030824.pdf', 'CO_REMB030824.pdf', 'ID_REMB030824.pdf', 'KX_REMB030824.pdf', 'CN_REMB030824.PDF', '182baf4a4ac', 6, '2022-09-08 17:03:48', '2023-02-02 15:39:56'),
(257, 2223, 'LUIS ORLANDO', 'FLORES', 'CANIZALES', 'FOCL040718HBCLNSA8', 'FOCL040718', '2004-07-18', '6646998473', 'ocanizalito@gmail.com', 1, 1, 1, 1, 1, 'LIC. INFORMATICA', 1, 9.30, 'CU_FOCL040718.pdf', 'AC_FOCL040718.pdf', 'CO_FOCL040718.pdf', 'ID_FOCL040718.pdf', 'KX_FOCL040718.pdf', 'CN_FOCL040718.PDF', '182bb04f047', 6, '2022-09-08 17:21:37', '2023-01-31 20:20:29'),
(258, 2223, 'LUIS FERNANDO', 'HERNANDEZ', 'CASTELLANOS', 'HECL020511HSLRSSA1', 'HECL020511', '2002-05-11', '6691479348', 'fh494470@gmail.com', 1, 1, 1, 1, 1, 'LIC. INFORMÁTICA', 3, 7.60, 'CU_HECL020511.pdf', 'AC_HECL020511.PDF', 'CO_HECL020511.pdf', 'ID_HECL020511.PDF', 'KX_HECL020511.pdf', 'CN_HECL020511.PDF', '182bb8ef800', 6, '2022-09-08 19:52:32', '2023-01-30 21:20:54'),
(259, 2223, 'PAOLA', 'VALDEZ', 'VALDEZ', 'VAVP021106MSLLLLA2', 'VAVP021106', '2002-11-06', '6699200226', 'paovv067@gmail.com', 1, 1, 1, 1, 1, 'ING. CIVIL', 3, 9.20, 'CU_VAVP021106.pdf', 'AC_VAVP021106.pdf', 'CO_VAVP021106.pdf', 'ID_VAVP021106.pdf', 'KX_VAVP021106.pdf', 'CN_VAVP021106.PDF', '182bbb12127', 6, '2022-09-08 20:29:53', '2023-01-30 21:44:20'),
(260, 2223, 'DENISSE GUADALUPE', 'DIAZ', 'SALAZAR', 'DISD041223MSLZLNA0', 'DISD041223', '2004-12-23', '6941175948', 'diazdenisse59@gmail.com', 1, 1, 2, 1, 1, 'LIC. MEDICINA GENERAL', 1, 8.50, 'CU_DISD041223.pdf', 'AC_DISD041223.pdf', 'CO_DISD041223.pdf', 'ID_DISD041223.pdf', 'KX_DISD041223.pdf', 'PENDIENTE', '182bbc9a038', 1, '2022-09-08 20:56:40', '2022-10-13 17:43:18'),
(261, 2223, 'DANIELA GUADALUPE', 'VELARDE', 'RAMOS', 'VERD010328MSLLMNA8', 'VERD010328', '2001-03-28', '6692627511', 'kyokusama1@hotmail.com', 1, 1, 1, 1, 1, 'LIC. CIENCIAS DE COMUNICACION', 2, 8.10, 'CU_VERD010328.pdf', 'AC_VERD010328.pdf', 'CO_VERD010328.pdf', 'ID_VERD010328.pdf', 'KX_VERD010328.pdf', 'CN_VERD010328.PDF', '182cfda8ef1', 6, '2022-09-12 18:33:11', '2023-01-30 15:27:40'),
(262, 2223, 'MARYCARMEN', 'GARZON', 'ONTIVEROS', 'GAOM030725MBCRNRA0', '_MGoUh9iYT', '2003-07-25', '6949561177', 'marycarmen.gaon@gmail.com', 1, 1, 1, 1, 2, 'LIC. ENFERMERÍA', 2, 9.30, 'CU__MGoUh9iYT.pdf', 'AC__MGoUh9iYT.pdf', 'CO__MGoUh9iYT.pdf', 'ID__MGoUh9iYT.pdf', 'KX__MGoUh9iYT.pdf', 'CN__MGoUh9iYT.PDF', '182cfff8239', 6, '2022-09-12 19:13:35', '2023-01-28 20:48:06'),
(263, 2223, 'MARIO SEBASTIAN', 'PICOS', 'SALAZAR', 'PISM041216HSLCLRA9', 'PISM041216', '2004-12-16', '6692744878', 'mariosebastianpicossalazar@gmail.com', 1, 1, 2, 1, 2, 'ING. AGRONOMIA', 1, 7.90, 'CU_PISM041216.pdf', 'AC_PISM041216.pdf', 'CO_PISM041216.pdf', 'ID_PISM041216.pdf', 'KX_PISM041216.pdf', 'CN_PISM041216.PDF', '182d01931ac', 6, '2022-09-12 19:41:40', '2023-02-01 22:10:34');
INSERT INTO `estudiantes` (`id`, `id_ciclo`, `nombre`, `primer_apellido`, `segundo_apellido`, `curp`, `rfc`, `fecha_nac`, `celular`, `email`, `cve_localidad_origen`, `cve_localidad_actual`, `cve_ciudad_escuela`, `cve_escuela`, `cve_turno_escuela`, `carrera`, `ano_escolar`, `promedio`, `img_curp`, `img_acta_nac`, `img_comprobante_dom`, `img_identificacion`, `img_kardex`, `img_constancia`, `id_hex`, `cve_status`, `created_at`, `updated_at`) VALUES
(264, 2223, 'MARIA FERNANDA', 'TIRADO', 'VALDEZ', 'TIVF041117MSLRLRA6', '_DzLxDAxuy', '2004-11-17', '6694318599', 'fernandavaldez619@gmail.com', 3, 3, 2, 26, 1, 'ARQ. DISEÑO DE INTERIORES', 1, 9.90, 'CU__DzLxDAxuy.pdf', 'AC__DzLxDAxuy.pdf', 'CO__DzLxDAxuy.pdf', 'ID__DzLxDAxuy.pdf', 'KX__DzLxDAxuy.pdf', 'CN__DzLxDAxuy.PDF', '182d04b4cad', 6, '2022-09-12 20:36:27', '2023-01-31 20:21:57'),
(265, 2223, 'EDUARDO YAHIR', 'HERNANDEZ', 'RODRIGUEZ', 'HERE030509HSLRDDA7', 'HERE030509', '2003-05-09', '6693256931', 'eduardoyahirh0@gmail.com', 1, 1, 1, 2, 2, 'LIC. NUTRICIÓN', 1, 7.40, 'CU_HERE030509.pdf', 'AC_HERE030509.pdf', 'CO_HERE030509.pdf', 'ID_HERE030509.pdf', 'KX_HERE030509.pdf', 'CN_HERE030509.PDF', '182df370212', 6, '2022-09-15 18:12:46', '2023-02-02 17:30:19'),
(266, 2223, 'JAZMIN MARISOL', 'ALVARADO', 'RODRIGUEZ', 'AARJ031113MSLLDZA8', 'AARJ031113', '2003-11-13', '6941175899', 'jasminmarisolalvaradorodriguez@gmail.com', 9, 1, 1, 1, 1, 'ING. PROCESOS INDUSTRIALES', 2, 8.50, 'CU_AARJ031113.pdf', 'AC_AARJ031113.pdf', 'CO_AARJ031113.pdf', 'ID_AARJ031113.pdf', 'KX_AARJ031113.pdf', 'CN_AARJ031113.PDF', '182f416a87a', 7, '2022-09-19 19:35:18', '2023-01-28 18:45:55'),
(267, 2223, 'DANNA MARIANA', 'VALDES', 'TIRADO', 'VATD031229MSLLRNA4', 'VATD031229', '2003-12-29', '6941191334', 'danna.karol@hotmail.com', 1, 1, 1, 29, 2, 'PILOTO', 1, 6.90, 'CU_VATD031229.pdf', 'AC_VATD031229.pdf', 'CO_VATD031229.pdf', 'ID_VATD031229.pdf', 'KX_VATD031229.pdf', 'CN_VATD031229.PDF', '182fe63c60b', 6, '2022-09-21 19:38:37', '2023-02-08 21:11:05'),
(268, 2223, 'LUIS REY', 'PASOS', 'VIZCARRA', 'PAVL041022HSLSZSA2', 'PAVL041022', '2004-10-22', '6691668766', 'luisrey22_pv@hotmail.com', 1, 1, 2, 1, 2, 'ING. AGRONOMIA', 1, 6.60, 'CU_PAVL041022.pdf', 'AC_PAVL041022.pdf', 'CO_PAVL041022.pdf', 'ID_PAVL041022.pdf', 'KX_PAVL041022.pdf', 'CN_PAVL041022.PDF', '183033e903a', 6, '2022-09-22 18:17:26', '2023-02-07 16:40:27'),
(269, 2223, 'PAOLA GUADALUPE', 'RODRIGUEZ', 'MORALES', 'ROMP020127MSLDRLA4', 'ROMP020127', '2002-01-27', '6941646049', 'paolarm2277@gmail.com', 1, 1, 1, 1, 1, 'LIC. BIOLOGO ACUICULTOR', 3, 8.50, 'CU_ROMP020127.pdf', 'AC_ROMP020127.pdf', 'CO_ROMP020127.pdf', 'ID_ROMP020127.pdf', 'KX_ROMP020127.pdf', 'CN_ROMP020127.PDF', '183034bee95', 7, '2022-09-22 18:32:03', '2023-04-25 20:35:35'),
(270, 2223, 'GERMAN MISAEL', 'ONTIVEROS', 'DIAZ', 'OIDG031026HSLNZRA3', 'OIDG031026', '2003-10-26', '6941160962', 'german.ondi@gmail.com', 1, 1, 1, 1, 1, 'LIC. BIOLOGO ACUICULTOR', 2, 8.00, 'CU_OIDG031026.pdf', 'AC_OIDG031026.pdf', 'CO_OIDG031026.pdf', 'ID_OIDG031026.pdf', 'KX_OIDG031026.pdf', 'CN_OIDG031026.PDF', '1830e9354bb', 6, '2022-09-24 23:09:01', '2023-01-31 20:23:10'),
(271, 2223, 'VICTOR JESUS', 'DIAZ', 'CATALAN', 'DICV040123HSLZTCA7', 'DICV040123', '2004-01-23', '6941173311', 'victorjd677@gmail.com', 1, 1, 2, 1, 2, 'ING. AGRONÓMIA', 1, 7.70, 'CU_DICV040123.pdf', 'AC_DICV040123.pdf', 'CO_DICV040123.pdf', 'ID_DICV040123.pdf', 'KX_DICV040123.pdf', 'CN_DICV040123.PDF', '1830ec6233e', 6, '2022-09-25 00:04:34', '2023-02-02 15:40:35'),
(272, 2223, 'PAULINA', 'PIÑA', 'BARRAZA', 'PIBP031015MSLXRLA4', 'PIBP031015', '2003-10-15', '6691887217', 'paulinamor.piba@gmail.com', 1, 1, 1, 1, 1, 'LIC. TURISMO', 2, 9.30, 'CU_PIBP031015.pdf', 'AC_PIBP031015.pdf', 'CO_PIBP031015.pdf', 'ID_PIBP031015.pdf', 'KX_PIBP031015.pdf', 'CN_PIBP031015.PDF', '1830ed1d457', 6, '2022-09-25 00:17:21', '2023-01-28 18:44:25'),
(273, 2223, 'MICHELL GUADALUPE', 'GONZALEZ', 'BRITO', 'GOBM011002MSLNRCA0', 'GOBM011002', '2001-10-02', '6941177657', 'michiigonbri@gmail.com', 1, 1, 1, 1, 1, 'LIC. TRABAJO SOCIAL', 4, 9.40, 'CU_GOBM011002.pdf', 'AC_GOBM011002.pdf', 'CO_GOBM011002.pdf', 'ID_GOBM011002.pdf', 'KX_GOBM011002.pdf', 'CN_GOBM011002.PDF', '183d1a7ba41', 6, '2022-11-01 21:11:51', '2023-03-01 02:11:36'),
(274, 2223, 'BRIANDA LIZETH', 'PERAZA', 'LOPEZ', 'PELB011110MSLRPRA4', 'PELB011110', '2001-11-10', '6941197793', 'lizethperazalopez@gmail.com', 1, 1, 1, 1, 2, 'LIC. COMERCIO INTERNACIONAL', 1, 9.50, 'CU_PELB011110.pdf', 'AC_PELB011110.pdf', 'CO_PELB011110.pdf', 'ID_PELB011110.pdf', 'KX_PELB011110.pdf', 'CN_PELB011110.PDF', '18404bdbb3f', 6, '2022-11-11 19:30:49', '2023-02-02 20:44:33'),
(275, 2223, 'CARLOS ANTONIO', 'CASTRO', 'BRITO', 'CABC960223HSLSRR09', 'CABC960223', '1996-02-23', '6941108309', 'charli_cb@hotmail.com', 1, 1, 1, 1, 2, 'ING. CIVIL', 1, 8.00, 'CU_CABC960223.pdf', 'AC_CABC960223.pdf', 'CO_CABC960223.pdf', 'ID_CABC960223.pdf', 'KX_CABC960223.pdf', 'CN_CABC960223.PDF', '1841a70dade', 6, '2022-11-16 00:44:34', '2023-02-02 15:41:29'),
(276, 2223, 'OSCAR', 'ZAMUDIO', 'VALDEZ', 'ZAVO030925HSLMLSA6', 'ZAVO030925', '2003-09-25', '9999999999', 'nomelose@gmail.com', 1, 1, 1, 1, 1, 'LIC. COMERCIO INTERNACIONAL', 1, 8.40, 'CU__e9TlmLc7v.pdf', 'AC__e9TlmLc7v.pdf', 'CO__e9TlmLc7v.pdf', 'ID__e9TlmLc7v.pdf', 'KX__e9TlmLc7v.pdf', 'CN_ZAVO030925.PDF', '1845c68472c', 6, '2022-11-28 20:26:37', '2023-02-09 21:14:14'),
(277, 2223, 'HECTOR', 'VIZCARRA', 'SOTO', 'AAAA999999HSLAAAA9', 'AAAA999999', '1900-01-01', '9999999999', 'correo@mail.com', 1, 1, 2, 1, 1, 'MEDICO VETERINARIO ZOOTECNISTA', 1, 0.00, 'CU_AAAA999999.pdf', 'AC_AAAA999999.PDF', 'CO_AAAA999999.PDF', 'ID_AAAA999999.PDF', 'KX_AAAA999999.PDF', 'CN_AAAA999999.PDF', '1846c9dcbad', 6, '2022-12-02 00:05:31', '2023-03-13 21:12:19'),
(278, 2223, 'JAIME ALEXIS', 'OSUNA', 'ARELLANO', 'OUAJ040320HSLSRMA5', 'OUAJ040320', '2004-03-20', '9999999999', 'correo@email.com', 6, 6, 2, 27, 1, 'TÉCNICO MECÁNICO A GASOLINA', 1, 9.20, 'CU__Ihe14UY4D.pdf', 'AC__Ihe14UY4D.pdf', 'CO__Ihe14UY4D.pdf', 'ID__Ihe14UY4D.pdf', 'KX__Ihe14UY4D.pdf', 'CN_OUAJ040320.PDF', '184c84140db', 6, '2022-12-19 19:35:09', '2023-02-17 20:34:54'),
(279, 2223, 'LUIS ANTONIO', 'SANCHEZ', 'RODRIGUEZ', 'SARL030817HSLNDSA6', 'SARL030817', '2003-08-17', '9999999999', 'email@email.com', 14, 1, 1, 1, 1, 'LIC. EN GASTRONOMÍA', 2, 8.00, 'CU__8HVD11fbs.pdf', 'AC__8HVD11fbs.pdf', 'CO_SARL030817.PDF', 'ID__8HVD11fbs.pdf', 'KX__8HVD11fbs.pdf', 'CN_SARL030817.PDF', '18524fe78f5', 6, '2023-01-06 20:12:51', '2023-03-02 21:24:21'),
(280, 2223, 'FERNANDA GUADALUPE', 'ROSAS', 'VALDES', 'ROVF030608MSLSLRA9', 'ROVF030608', '2003-06-08', '9999999999', 'email@email.com', 1, 1, 1, 5, 1, 'LIC. EN EDUCACIÓN', 2, 9.10, 'CU__5wstyCmZR.pdf', 'AC__5wstyCmZR.pdf', 'CO__5wstyCmZR.pdf', 'ID__5wstyCmZR.pdf', 'KX__5wstyCmZR.pdf', 'CN_ROVF030608.PDF', '1853db5e105', 6, '2023-01-11 15:30:59', '2023-02-08 21:18:01'),
(281, 2223, 'SANDRA GUADALUPE', 'BRITO', 'SARABIA', 'BISS000211MSLRRNA0', 'BISS000211', '2000-02-11', '6941179325', 'sandrabritosariabia189@gmail.com', 1, 1, 1, 1, 1, 'ADMINISTRACIÒN DE EMPRESAS', 4, 9.70, 'CU_BISS000211.pdf', 'AC_BISS000211.pdf', 'CO_BISS000211.pdf', 'ID_BISS000211.pdf', 'KX_BISS000211.pdf', 'CN_BISS000211.PDF', '18558145ea2', 6, '2023-01-16 18:31:42', '2023-02-03 17:54:56'),
(282, 2223, 'ROSA JAZMIN', 'ZATARAIN', 'RAMOS', 'ZARR030830MSLTMSA7', 'ZARR030830', '2003-08-30', '9999999999', 'elplaka@hotmail.com', 1, 2, 1, 1, 1, 'LIC. EN NUTRICIÓN', 2, 8.00, 'CU_ZARR030830.pdf', 'AC_ZARR030830.PDF', 'CO_ZARR030830.PDF', 'ID_ZARR030830.PDF', 'KX_ZARR030830.PDF', 'CN_ZARR030830.PDF', '185f314b63c', 6, '2023-02-15 21:36:36', '2023-02-20 20:56:26'),
(283, 2223, 'JUAN DE DIOS', 'GARCIA', 'TIRADO', 'AAAA999999HSLNZ066', '_ZcUJ4Pig1', '1900-01-01', '9999999999', 'elplaka@hotmail.com', 1, 1, 1, 1, 4, 'LIC. EN DERECHO', 2, 8.50, 'CU__ZcUJ4Pig1.pdf', 'AC__ZcUJ4Pig1.pdf', 'CO__ZcUJ4Pig1.pdf', 'ID__ZcUJ4Pig1.pdf', 'KX__ZcUJ4Pig1.pdf', 'PENDIENTE', '1863f7a7750', 7, '2023-03-02 18:00:16', '2023-03-02 18:07:59'),
(284, 2223, 'RAMON', 'VIZCARRA', 'HERNANDEZ', 'AAAA999999HSLNZN06', '_KI9vDN3sn', '1900-01-01', '9999999999', 'elplaka@hotmail.com', 1, 1, 1, 1, 4, 'LIC. EN DERECHO', 4, 8.30, 'CU__KI9vDN3sn.pdf', 'AC__KI9vDN3sn.pdf', 'CO__KI9vDN3sn.pdf', 'ID__KI9vDN3sn.pdf', 'KX__KI9vDN3sn.pdf', 'PENDIENTE', '1863f7d510d', 7, '2023-03-02 18:03:23', '2023-03-02 18:08:24'),
(285, 2223, 'JESUS ESTEBAN', 'MARTIN', 'SANCHEZ', 'MASJ021231HSLRNSA2', '_6MIT3T6ns', '2002-12-31', '9999999999', 'elplaka@hotmail.com', 1, 1, 1, 4, 1, 'ING. NAVAL', 3, 8.20, 'CU__6MIT3T6ns.pdf', 'AC__6MIT3T6ns.pdf', 'CO__6MIT3T6ns.pdf', 'ID__6MIT3T6ns.pdf', 'KX__6MIT3T6ns.pdf', 'CN__6MIT3T6ns.PDF', '186c055b5a0', 6, '2023-03-27 19:07:12', '2023-03-29 16:53:36'),
(286, 2223, 'KIMBERLY GUADALUPE', 'TOSTADO', 'LIZARRAGA', 'TOLK020313MSLSZMA3', 'TOLK020313', '2002-03-13', '9999999999', 'elplaka@hotmail.com', 14, 1, 1, 4, 1, 'ING. BIOQUÍMICA', 3, 9.70, 'CU_TOLK020313.pdf', 'AC_TOLK020313.pdf', 'CO_TOLK020313.pdf', 'ID_TOLK020313.pdf', 'KX_TOLK020313.pdf', 'CN_TOLK020313.PDF', '1875f619b0c', 7, '2023-04-27 17:04:20', '2023-05-03 18:03:09'),
(287, 2223, 'MARIA DEL ROSARIO', 'PEREZ', 'PALOMARES', 'PEPR840701MSLRLS02', 'PEPR840701', '1984-07-01', '9999999999', 'elplaka@hotmail.com', 1, 1, 1, 999, 1, 'AUX. ENFERMERÍA', 1, 8.00, 'CU__iZssHeWcj.pdf', 'AC__iZssHeWcj.pdf', 'CO__iZssHeWcj.pdf', 'ID__iZssHeWcj.pdf', 'KX__iZssHeWcj.pdf', 'CN_PEPR840701.PDF', '187603c1b3e', 7, '2023-04-27 21:03:14', '2023-04-27 21:05:46'),
(288, 2223, 'LUIS EMILIO', 'ALVAREZ', 'GARZON', 'AAGL030525HSLLRSA1', 'AAGL030525', '2003-05-25', '9999999999', 'elplaka@hotmail.com', 1, 1, 2, 1, 1, 'ING. AGRONOMIA', 2, 7.40, 'CU_AAGL030525.pdf', 'AC_AAGL030525.pdf', 'CO_AAGL030525.pdf', 'ID_AAGL030525.pdf', 'KX_AAGL030525.pdf', 'PENDIENTE', '18764aaf4ee', 6, '2023-04-28 17:44:02', '2023-04-28 17:45:56'),
(289, 2223, 'BRANDON ANTONIO', 'PASOS', 'MARTINEZ', 'PAMB030822HSLSRRA4', 'PAMB030822', '2003-08-22', '9999999999', 'elplaka@hotmail.com', 1, 1, 1, 1, 1, 'CIENCIAS DEL MAR', 3, 8.80, 'CU__fGWR6qtiK.pdf', 'AC__fGWR6qtiK.pdf', 'CO__fGWR6qtiK.pdf', 'ID__fGWR6qtiK.pdf', 'KX__fGWR6qtiK.pdf', 'CN_PAMB030822.PDF', '1878918db6c', 6, '2023-05-05 19:40:36', '2023-05-05 21:28:09'),
(290, 2223, 'JESUS ALEJANDRO', 'SALAZAR', 'RODRIGUEZ', 'SARJ020215HSLLDSA3', 'SARJ020215', '2002-02-15', '9999999999', 'elplaka@hotmail.com', 1, 1, 1, 1, 1, 'ING. CIVIL', 3, 8.00, 'CU__NPHC0P6vv.pdf', 'AC__NPHC0P6vv.pdf', 'CO__NPHC0P6vv.pdf', 'ID__NPHC0P6vv.pdf', 'KX__NPHC0P6vv.pdf', 'CN_SARJ020215.PDF', '1878969ccde', 6, '2023-05-05 21:09:06', '2023-05-05 21:28:18'),
(291, 2223, 'TRINIDAD', 'GARCIA', 'LEYVA', 'GALT730418MDGRYR06', 'GALT730418', '1973-04-18', '9999999999', 'elplaka@hotmail.com', 1, 1, 1, 1, 1, 'ING. CIVIL', 1, 7.70, 'CU__IcZT0FSLX.pdf', 'AC__IcZT0FSLX.pdf', 'CO__IcZT0FSLX.pdf', 'ID__IcZT0FSLX.pdf', 'KX__IcZT0FSLX.pdf', 'CN_GALT730418.PDF', '187897265ca', 6, '2023-05-05 21:18:30', '2023-05-05 21:28:27'),
(292, 2223, 'CRISTIAN', 'ORTIZ', 'LIZARRAGA', 'OILC020919HSLRZRA9', 'OILC020919', '2002-09-19', '9999999999', 'elplaka@hotmail.com', 3, 1, 1, 1, 1, 'LIC. CONTADURÍA PÚBLICA', 3, 8.30, 'CU__Gse6umAwc.pdf', 'AC__Gse6umAwc.pdf', 'CO__Gse6umAwc.pdf', 'ID__Gse6umAwc.pdf', 'KX__Gse6umAwc.pdf', 'CN_OILC020919.PDF', '18789785b9b', 6, '2023-05-05 21:25:01', '2023-05-05 21:28:36'),
(293, 2223, 'LEONARDO TADEO', 'ZAMUDIO', 'CASTELLANOS', 'ZACL031026HSLMSNA0', '_MxEgqOvap', '2003-10-23', '6692695704', 'elplaka@hotmail.com', 1, 1, 1, 14, 4, 'LIC. PILOTO NAVAL', 2, 9.70, 'CU__MxEgqOvap.pdf', 'AC__MxEgqOvap.pdf', 'CO__MxEgqOvap.pdf', 'ID__MxEgqOvap.pdf', 'KX__MxEgqOvap.pdf', 'PENDIENTE', '18804abb99a', 7, '2023-05-29 20:08:54', '2023-05-29 20:12:51'),
(294, 2223, 'DULCE GERALDINNE', 'HERNANDEZ', 'MOLINA', 'HEMD010531MSLRLLA0', 'HEMD010531', '2001-05-31', '9999999999', 'elplaka@hotmail.com', 1, 1, 1, 1000, 1, 'LIC. EN DERECHO', 1, 9.10, 'CU__KlumsZDdz.pdf', 'AC__KlumsZDdz.pdf', 'CO__KlumsZDdz.pdf', 'ID__KlumsZDdz.pdf', 'KX__KlumsZDdz.pdf', 'CN_HEMD010531.PDF', '1880f339ab4', 6, '2023-05-31 21:16:28', '2023-05-31 21:20:52');

-- --------------------------------------------------------

--
-- Estructura de tabla para la tabla `failed_jobs`
--

CREATE TABLE `failed_jobs` (
  `id` bigint(20) UNSIGNED NOT NULL,
  `uuid` varchar(255) NOT NULL,
  `connection` text NOT NULL,
  `queue` text NOT NULL,
  `payload` longtext NOT NULL,
  `exception` longtext NOT NULL,
  `failed_at` timestamp NOT NULL DEFAULT current_timestamp()
) ENGINE=InnoDB DEFAULT CHARSET=utf8mb4 COLLATE=utf8mb4_unicode_ci;

-- --------------------------------------------------------

--
-- Estructura de tabla para la tabla `localidades`
--

CREATE TABLE `localidades` (
  `cve_localidad` int(10) UNSIGNED NOT NULL,
  `localidad` varchar(20) NOT NULL
) ENGINE=InnoDB DEFAULT CHARSET=utf8mb4 COLLATE=utf8mb4_unicode_ci;

--
-- Volcado de datos para la tabla `localidades`
--

INSERT INTO `localidades` (`cve_localidad`, `localidad`) VALUES
(1, 'CONCORDIA'),
(2, 'MALPICA'),
(3, 'MESILLAS'),
(4, 'AGUACALIENTE GÁRATE'),
(5, 'EL HUAJOTE'),
(6, 'LA EMBOCADA'),
(7, 'COPALA'),
(8, 'CHUPADEROS'),
(9, 'EL PALMITO'),
(10, 'POTRERILLOS'),
(11, 'SANTA LUCÍA'),
(12, 'LA PETACA'),
(13, 'EL VERDE'),
(14, 'ZAVALA'),
(15, 'LA CONCEPCIÓN'),
(16, 'TEPUXTA'),
(17, 'CERRITOS'),
(18, 'SANTA CATARINA'),
(19, 'LOS NARANJOS'),
(20, 'SAN JUAN DE JACOBO'),
(21, 'AGUACALIENTE JACOBO'),
(22, 'LOS CIRUELOS'),
(23, 'SAN LORENZO'),
(24, 'EL MAGISTRAL'),
(25, 'LA GUÁSIMA'),
(26, 'PÁNUCO'),
(27, 'LA GUAYANERA'),
(28, 'EL HABAL DE COPALA'),
(29, 'MEZA DEL CARRIZAL'),
(30, 'CAPILLA DEL TAXTE'),
(31, 'LOBERAS'),
(32, 'EL BATEL'),
(33, 'LA PASTORÍA'),
(34, 'LAS GUACAMAYAS'),
(35, 'EL COCO'),
(36, 'LAS IGUANAS'),
(37, 'PALMILLAS'),
(38, 'CHIRIMOYOS PETACA'),
(39, 'SANTA RITA'),
(40, 'EL CUATANTAL');

-- --------------------------------------------------------

--
-- Estructura de tabla para la tabla `migrations`
--

CREATE TABLE `migrations` (
  `id` int(10) UNSIGNED NOT NULL,
  `migration` varchar(255) NOT NULL,
  `batch` int(11) NOT NULL
) ENGINE=InnoDB DEFAULT CHARSET=utf8mb4 COLLATE=utf8mb4_unicode_ci;

--
-- Volcado de datos para la tabla `migrations`
--

INSERT INTO `migrations` (`id`, `migration`, `batch`) VALUES
(1, '2014_10_12_000000_create_users_table', 1),
(2, '2014_10_12_100000_create_password_resets_table', 1),
(3, '2019_08_19_000000_create_failed_jobs_table', 1),
(14, '2019_12_14_000001_create_personal_access_tokens_table', 2),
(18, '2022_06_23_173112_create_estudiantes_table', 3),
(57, '2022_06_27_191115_create_localidades_table', 4),
(58, '2022_06_27_191535_create_escuelas_table', 4),
(59, '2022_06_27_191759_create_ciudades_table', 4),
(60, '2022_06_27_191820_create_turnos_table', 4),
(62, '2022_07_04_202357_add_lugar_nac_estudiantes', 5),
(90, '2022_06_28_191612_create_estudiantes_table', 6),
(91, '2022_07_05_224901_create_techos_table', 6),
(92, '2022_07_05_225117_create_montos_mensuales_table', 6),
(94, '2022_07_05_233414_create_datos_socioeconomicos_table', 7),
(95, '2022_07_13_130104_add_id_hex_estudiantes', 8),
(96, '2022_07_13_132025_create_status_estudiantes_table', 9),
(98, '2022_07_13_132729_add_status_estudiantes', 10);

-- --------------------------------------------------------

--
-- Estructura de tabla para la tabla `montos_mensuales`
--

CREATE TABLE `montos_mensuales` (
  `cve_monto` int(10) UNSIGNED NOT NULL,
  `monto` varchar(25) NOT NULL
) ENGINE=InnoDB DEFAULT CHARSET=utf8mb4 COLLATE=utf8mb4_unicode_ci;

--
-- Volcado de datos para la tabla `montos_mensuales`
--

INSERT INTO `montos_mensuales` (`cve_monto`, `monto`) VALUES
(1, 'Menos de $6,000'),
(2, '$6,000 - $8,000'),
(3, '$8,000 - $10,000'),
(4, '$10,000 - $12,000'),
(5, '$12,000 - $14,000'),
(6, 'Más de $14,000');

-- --------------------------------------------------------

--
-- Estructura de tabla para la tabla `password_resets`
--

CREATE TABLE `password_resets` (
  `email` varchar(255) NOT NULL,
  `token` varchar(255) NOT NULL,
  `created_at` timestamp NULL DEFAULT NULL
) ENGINE=InnoDB DEFAULT CHARSET=utf8mb4 COLLATE=utf8mb4_unicode_ci;

-- --------------------------------------------------------

--
-- Estructura de tabla para la tabla `personal_access_tokens`
--

CREATE TABLE `personal_access_tokens` (
  `id` bigint(20) UNSIGNED NOT NULL,
  `tokenable_type` varchar(255) NOT NULL,
  `tokenable_id` bigint(20) UNSIGNED NOT NULL,
  `name` varchar(255) NOT NULL,
  `token` varchar(64) NOT NULL,
  `abilities` text DEFAULT NULL,
  `last_used_at` timestamp NULL DEFAULT NULL,
  `created_at` timestamp NULL DEFAULT NULL,
  `updated_at` timestamp NULL DEFAULT NULL
) ENGINE=InnoDB DEFAULT CHARSET=utf8mb4 COLLATE=utf8mb4_unicode_ci;

-- --------------------------------------------------------

--
-- Estructura de tabla para la tabla `status_estudiantes`
--

CREATE TABLE `status_estudiantes` (
  `cve_status` int(10) UNSIGNED NOT NULL,
  `descripcion` varchar(30) NOT NULL
) ENGINE=InnoDB DEFAULT CHARSET=utf8mb4 COLLATE=utf8mb4_unicode_ci;

--
-- Volcado de datos para la tabla `status_estudiantes`
--

INSERT INTO `status_estudiantes` (`cve_status`, `descripcion`) VALUES
(1, 'RECIBIDO'),
(2, 'REVISADO'),
(3, 'CENSADO'),
(4, 'RECHAZADO'),
(5, 'PENDIENTE'),
(6, 'ACEPTADO'),
(7, 'ESPECIAL');

-- --------------------------------------------------------

--
-- Estructura de tabla para la tabla `techos`
--

CREATE TABLE `techos` (
  `cve_techo` int(10) UNSIGNED NOT NULL,
  `techo` varchar(20) NOT NULL
) ENGINE=InnoDB DEFAULT CHARSET=utf8mb4 COLLATE=utf8mb4_unicode_ci;

--
-- Volcado de datos para la tabla `techos`
--

INSERT INTO `techos` (`cve_techo`, `techo`) VALUES
(1, 'CEMENTO'),
(3, 'LÁMINA'),
(4, 'TEJAS'),
(5, 'OTRO');

-- --------------------------------------------------------

--
-- Estructura de tabla para la tabla `turnos`
--

CREATE TABLE `turnos` (
  `cve_turno` int(10) UNSIGNED NOT NULL,
  `turno` varchar(20) NOT NULL
) ENGINE=InnoDB DEFAULT CHARSET=utf8mb4 COLLATE=utf8mb4_unicode_ci;

--
-- Volcado de datos para la tabla `turnos`
--

INSERT INTO `turnos` (`cve_turno`, `turno`) VALUES
(1, 'MATUTINO'),
(2, 'VESPERTINO'),
(3, 'NOCTURNO'),
(4, 'MIXTO');

-- --------------------------------------------------------

--
-- Estructura de tabla para la tabla `users`
--

CREATE TABLE `users` (
  `id` bigint(20) UNSIGNED NOT NULL,
  `name` varchar(255) NOT NULL,
  `email` varchar(255) NOT NULL,
  `email_verified_at` timestamp NULL DEFAULT NULL,
  `usertype` int(11) NOT NULL DEFAULT 0,
  `password` varchar(255) NOT NULL,
  `remember_token` varchar(100) DEFAULT NULL,
  `created_at` timestamp NULL DEFAULT NULL,
  `updated_at` timestamp NULL DEFAULT NULL
) ENGINE=InnoDB DEFAULT CHARSET=utf8mb4 COLLATE=utf8mb4_unicode_ci;

--
-- Volcado de datos para la tabla `users`
--

INSERT INTO `users` (`id`, `name`, `email`, `email_verified_at`, `usertype`, `password`, `remember_token`, `created_at`, `updated_at`) VALUES
(1, 'ANGEL', 'asd@gmail.com', NULL, 1, '$2y$10$O0CTqw1fieyRuTSsYKOB0.fGOXT6mAloJryHj2zU5Zk5db5mVggIy', NULL, '2022-06-23 21:26:11', '2022-06-23 21:26:11'),
(2, 'ALIVIANATE', 'alivianate@concordia.gob.mx', NULL, 2, '$2y$10$M0BuBpiK46b9i209cERNE.DCBgH7amNRUuqU8XMgDw8GDBS1d518O', NULL, '2022-07-26 00:53:55', '2023-01-27 20:34:14'),
(3, 'REBECA', 'rvelarde@concordia.gob.mx', NULL, 3, '$2y$10$Zlxas2EXFhLaZ4Umo/ASkudGrhSf01AOs9HqForD8/7kaX4gw5Diy', NULL, '2022-07-26 00:58:00', '2022-11-25 01:14:52'),
(4, 'DESCARGA', 'descarga@concordia.gob.mx', NULL, 4, '$2y$10$fBUYba0iWWJLtVs6e7NAD.taKOftV5yzMrtQtCQ/44OuArOD3Ntfm', NULL, '2022-11-25 16:46:07', '2022-11-25 16:46:07');

--
-- Índices para tablas volcadas
--

--
-- Indices de la tabla `apoyos_asignados`
--
ALTER TABLE `apoyos_asignados`
  ADD UNIQUE KEY `apoyos_asignados_pk` (`id_remesa`,`id_ciclo`,`id_estudiante`),
  ADD KEY `apoyos_asignados_id_ciclo_foreign` (`id_ciclo`),
  ADD KEY `apoyos_asignados_id_estudiante_foreign` (`id_estudiante`);

--
-- Indices de la tabla `apoyos_montos`
--
ALTER TABLE `apoyos_montos`
  ADD UNIQUE KEY `apoyos_montos_pk` (`id_remesa`,`id_ciclo`,`cve_ciudad_escuela`,`cve_escuela`),
  ADD KEY `apoyos_montos_id_ciclo_foreign` (`id_ciclo`),
  ADD KEY `apoyos_montos_cve_ciudad_escuela_foreign` (`cve_ciudad_escuela`),
  ADD KEY `apoyos_montos_cve_escuela_foreign` (`cve_escuela`);

--
-- Indices de la tabla `boletos_asignados`
--
ALTER TABLE `boletos_asignados`
  ADD UNIQUE KEY `boletos_asignados_pk` (`id_remesa`,`id_paquete`,`id_ciclo`,`id_estudiante`),
  ADD KEY `boletos_asignados_id_ciclo_foreign` (`id_ciclo`),
  ADD KEY `boletos_asignados_id_paquete_foreign` (`id_paquete`),
  ADD KEY `boletos_asignados_id_estudiante_foreign` (`id_estudiante`);

--
-- Indices de la tabla `boletos_paquetes`
--
ALTER TABLE `boletos_paquetes`
  ADD UNIQUE KEY `boletos_paquetes_id_paquete_id_ciclo_unique` (`id_paquete`,`id_ciclo`),
  ADD KEY `boletos_paquetes_id_ciclo_foreign` (`id_ciclo`);

--
-- Indices de la tabla `boletos_remesas`
--
ALTER TABLE `boletos_remesas`
  ADD UNIQUE KEY `boletos_remesas_id_remesa_id_ciclo_unique` (`id_remesa`,`id_ciclo`),
  ADD KEY `boletos_remesas_id_ciclo_foreign` (`id_ciclo`);

--
-- Indices de la tabla `boletos_tantos`
--
ALTER TABLE `boletos_tantos`
  ADD UNIQUE KEY `boletos_tantos_id_remesa_id_ciclo_cve_escuela_unique` (`id_remesa`,`id_ciclo`,`cve_escuela`),
  ADD KEY `boletos_tantos_id_ciclo_foreign` (`id_ciclo`),
  ADD KEY `boletos_tantos_cve_escuela_foreign` (`cve_escuela`);

--
-- Indices de la tabla `ciclos`
--
ALTER TABLE `ciclos`
  ADD PRIMARY KEY (`id_ciclo`);

--
-- Indices de la tabla `ciudades`
--
ALTER TABLE `ciudades`
  ADD PRIMARY KEY (`cve_ciudad`);

--
-- Indices de la tabla `datos_socioeconomicos`
--
ALTER TABLE `datos_socioeconomicos`
  ADD PRIMARY KEY (`id_estudiante`),
  ADD KEY `datos_socioeconomicos_cve_techo_vivienda_foreign` (`cve_techo_vivienda`),
  ADD KEY `datos_socioeconomicos_cve_monto_mensual_foreign` (`cve_monto_mensual`);

--
-- Indices de la tabla `escuelas`
--
ALTER TABLE `escuelas`
  ADD PRIMARY KEY (`cve_escuela`);

--
-- Indices de la tabla `estudiantes`
--
ALTER TABLE `estudiantes`
  ADD PRIMARY KEY (`id`),
  ADD KEY `estudiantes_cve_localidad_origen_foreign` (`cve_localidad_origen`),
  ADD KEY `estudiantes_cve_localidad_actual_foreign` (`cve_localidad_actual`),
  ADD KEY `estudiantes_cve_escuela_foreign` (`cve_escuela`),
  ADD KEY `estudiantes_cve_ciudad_escuela_foreign` (`cve_ciudad_escuela`),
  ADD KEY `estudiantes_cve_turno_escuela_foreign` (`cve_turno_escuela`),
  ADD KEY `estudiantes_id_hex_index` (`id_hex`),
  ADD KEY `estudiantes_cve_status_foreign` (`cve_status`),
  ADD KEY `estudiantes_id_ciclo_foreign` (`id_ciclo`);

--
-- Indices de la tabla `failed_jobs`
--
ALTER TABLE `failed_jobs`
  ADD PRIMARY KEY (`id`),
  ADD UNIQUE KEY `failed_jobs_uuid_unique` (`uuid`);

--
-- Indices de la tabla `localidades`
--
ALTER TABLE `localidades`
  ADD PRIMARY KEY (`cve_localidad`);

--
-- Indices de la tabla `migrations`
--
ALTER TABLE `migrations`
  ADD PRIMARY KEY (`id`);

--
-- Indices de la tabla `montos_mensuales`
--
ALTER TABLE `montos_mensuales`
  ADD PRIMARY KEY (`cve_monto`);

--
-- Indices de la tabla `password_resets`
--
ALTER TABLE `password_resets`
  ADD KEY `password_resets_email_index` (`email`);

--
-- Indices de la tabla `personal_access_tokens`
--
ALTER TABLE `personal_access_tokens`
  ADD PRIMARY KEY (`id`),
  ADD UNIQUE KEY `personal_access_tokens_token_unique` (`token`),
  ADD KEY `personal_access_tokens_tokenable_type_tokenable_id_index` (`tokenable_type`,`tokenable_id`);

--
-- Indices de la tabla `status_estudiantes`
--
ALTER TABLE `status_estudiantes`
  ADD PRIMARY KEY (`cve_status`);

--
-- Indices de la tabla `techos`
--
ALTER TABLE `techos`
  ADD PRIMARY KEY (`cve_techo`);

--
-- Indices de la tabla `turnos`
--
ALTER TABLE `turnos`
  ADD PRIMARY KEY (`cve_turno`);

--
-- Indices de la tabla `users`
--
ALTER TABLE `users`
  ADD PRIMARY KEY (`id`),
  ADD UNIQUE KEY `users_email_unique` (`email`);

--
-- AUTO_INCREMENT de las tablas volcadas
--

--
-- AUTO_INCREMENT de la tabla `boletos_paquetes`
--
ALTER TABLE `boletos_paquetes`
  MODIFY `id_paquete` int(10) UNSIGNED NOT NULL AUTO_INCREMENT, AUTO_INCREMENT=10;

--
-- AUTO_INCREMENT de la tabla `boletos_remesas`
--
ALTER TABLE `boletos_remesas`
  MODIFY `id_remesa` int(10) UNSIGNED NOT NULL AUTO_INCREMENT, AUTO_INCREMENT=9;

--
-- AUTO_INCREMENT de la tabla `ciudades`
--
ALTER TABLE `ciudades`
  MODIFY `cve_ciudad` int(10) UNSIGNED NOT NULL AUTO_INCREMENT, AUTO_INCREMENT=3;

--
-- AUTO_INCREMENT de la tabla `escuelas`
--
ALTER TABLE `escuelas`
  MODIFY `cve_escuela` int(10) UNSIGNED NOT NULL AUTO_INCREMENT, AUTO_INCREMENT=1001;

--
-- AUTO_INCREMENT de la tabla `estudiantes`
--
ALTER TABLE `estudiantes`
  MODIFY `id` bigint(20) UNSIGNED NOT NULL AUTO_INCREMENT, AUTO_INCREMENT=295;

--
-- AUTO_INCREMENT de la tabla `failed_jobs`
--
ALTER TABLE `failed_jobs`
  MODIFY `id` bigint(20) UNSIGNED NOT NULL AUTO_INCREMENT;

--
-- AUTO_INCREMENT de la tabla `localidades`
--
ALTER TABLE `localidades`
  MODIFY `cve_localidad` int(10) UNSIGNED NOT NULL AUTO_INCREMENT, AUTO_INCREMENT=41;

--
-- AUTO_INCREMENT de la tabla `migrations`
--
ALTER TABLE `migrations`
  MODIFY `id` int(10) UNSIGNED NOT NULL AUTO_INCREMENT, AUTO_INCREMENT=99;

--
-- AUTO_INCREMENT de la tabla `montos_mensuales`
--
ALTER TABLE `montos_mensuales`
  MODIFY `cve_monto` int(10) UNSIGNED NOT NULL AUTO_INCREMENT, AUTO_INCREMENT=7;

--
-- AUTO_INCREMENT de la tabla `personal_access_tokens`
--
ALTER TABLE `personal_access_tokens`
  MODIFY `id` bigint(20) UNSIGNED NOT NULL AUTO_INCREMENT;

--
-- AUTO_INCREMENT de la tabla `status_estudiantes`
--
ALTER TABLE `status_estudiantes`
  MODIFY `cve_status` int(10) UNSIGNED NOT NULL AUTO_INCREMENT, AUTO_INCREMENT=10;

--
-- AUTO_INCREMENT de la tabla `techos`
--
ALTER TABLE `techos`
  MODIFY `cve_techo` int(10) UNSIGNED NOT NULL AUTO_INCREMENT, AUTO_INCREMENT=6;

--
-- AUTO_INCREMENT de la tabla `turnos`
--
ALTER TABLE `turnos`
  MODIFY `cve_turno` int(10) UNSIGNED NOT NULL AUTO_INCREMENT, AUTO_INCREMENT=5;

--
-- AUTO_INCREMENT de la tabla `users`
--
ALTER TABLE `users`
  MODIFY `id` bigint(20) UNSIGNED NOT NULL AUTO_INCREMENT, AUTO_INCREMENT=5;

--
-- Restricciones para tablas volcadas
--

--
-- Filtros para la tabla `apoyos_asignados`
--
ALTER TABLE `apoyos_asignados`
  ADD CONSTRAINT `apoyos_asignados_id_ciclo_foreign` FOREIGN KEY (`id_ciclo`) REFERENCES `ciclos` (`id_ciclo`) ON DELETE CASCADE ON UPDATE CASCADE,
  ADD CONSTRAINT `apoyos_asignados_id_estudiante_foreign` FOREIGN KEY (`id_estudiante`) REFERENCES `estudiantes` (`id`) ON DELETE CASCADE ON UPDATE CASCADE,
  ADD CONSTRAINT `apoyos_asignados_id_remesa_foreign` FOREIGN KEY (`id_remesa`) REFERENCES `boletos_remesas` (`id_remesa`) ON DELETE CASCADE ON UPDATE CASCADE;

--
-- Filtros para la tabla `apoyos_montos`
--
ALTER TABLE `apoyos_montos`
  ADD CONSTRAINT `apoyos_montos_cve_ciudad_escuela_foreign` FOREIGN KEY (`cve_ciudad_escuela`) REFERENCES `ciudades` (`cve_ciudad`) ON DELETE CASCADE ON UPDATE CASCADE,
  ADD CONSTRAINT `apoyos_montos_cve_escuela_foreign` FOREIGN KEY (`cve_escuela`) REFERENCES `escuelas` (`cve_escuela`) ON DELETE CASCADE ON UPDATE CASCADE,
  ADD CONSTRAINT `apoyos_montos_id_ciclo_foreign` FOREIGN KEY (`id_ciclo`) REFERENCES `ciclos` (`id_ciclo`) ON DELETE CASCADE ON UPDATE CASCADE,
  ADD CONSTRAINT `apoyos_montos_id_remesa_foreign` FOREIGN KEY (`id_remesa`) REFERENCES `boletos_remesas` (`id_remesa`) ON DELETE CASCADE ON UPDATE CASCADE;

--
-- Filtros para la tabla `boletos_asignados`
--
ALTER TABLE `boletos_asignados`
  ADD CONSTRAINT `boletos_asignados_id_ciclo_foreign` FOREIGN KEY (`id_ciclo`) REFERENCES `ciclos` (`id_ciclo`) ON DELETE CASCADE ON UPDATE CASCADE,
  ADD CONSTRAINT `boletos_asignados_id_estudiante_foreign` FOREIGN KEY (`id_estudiante`) REFERENCES `estudiantes` (`id`) ON DELETE CASCADE ON UPDATE CASCADE,
  ADD CONSTRAINT `boletos_asignados_id_paquete_foreign` FOREIGN KEY (`id_paquete`) REFERENCES `boletos_paquetes` (`id_paquete`) ON DELETE CASCADE ON UPDATE CASCADE,
  ADD CONSTRAINT `boletos_asignados_id_remesa_foreign` FOREIGN KEY (`id_remesa`) REFERENCES `boletos_remesas` (`id_remesa`) ON DELETE CASCADE ON UPDATE CASCADE;

--
-- Filtros para la tabla `boletos_paquetes`
--
ALTER TABLE `boletos_paquetes`
  ADD CONSTRAINT `boletos_paquetes_id_ciclo_foreign` FOREIGN KEY (`id_ciclo`) REFERENCES `ciclos` (`id_ciclo`) ON DELETE CASCADE ON UPDATE CASCADE;

--
-- Filtros para la tabla `boletos_remesas`
--
ALTER TABLE `boletos_remesas`
  ADD CONSTRAINT `boletos_remesas_id_ciclo_foreign` FOREIGN KEY (`id_ciclo`) REFERENCES `ciclos` (`id_ciclo`) ON DELETE CASCADE ON UPDATE CASCADE;

--
-- Filtros para la tabla `boletos_tantos`
--
ALTER TABLE `boletos_tantos`
  ADD CONSTRAINT `boletos_tantos_cve_escuela_foreign` FOREIGN KEY (`cve_escuela`) REFERENCES `escuelas` (`cve_escuela`) ON DELETE CASCADE ON UPDATE CASCADE,
  ADD CONSTRAINT `boletos_tantos_id_ciclo_foreign` FOREIGN KEY (`id_ciclo`) REFERENCES `ciclos` (`id_ciclo`) ON DELETE CASCADE ON UPDATE CASCADE,
  ADD CONSTRAINT `boletos_tantos_id_remesa_foreign` FOREIGN KEY (`id_remesa`) REFERENCES `boletos_remesas` (`id_remesa`) ON DELETE CASCADE ON UPDATE CASCADE;

--
-- Filtros para la tabla `datos_socioeconomicos`
--
ALTER TABLE `datos_socioeconomicos`
  ADD CONSTRAINT `datos_socioeconomicos_cve_monto_mensual_foreign` FOREIGN KEY (`cve_monto_mensual`) REFERENCES `montos_mensuales` (`cve_monto`) ON DELETE CASCADE ON UPDATE CASCADE,
  ADD CONSTRAINT `datos_socioeconomicos_cve_techo_vivienda_foreign` FOREIGN KEY (`cve_techo_vivienda`) REFERENCES `techos` (`cve_techo`) ON DELETE CASCADE ON UPDATE CASCADE;

--
-- Filtros para la tabla `estudiantes`
--
ALTER TABLE `estudiantes`
  ADD CONSTRAINT `estudiantes_cve_ciudad_escuela_foreign` FOREIGN KEY (`cve_ciudad_escuela`) REFERENCES `ciudades` (`cve_ciudad`) ON DELETE CASCADE ON UPDATE CASCADE,
  ADD CONSTRAINT `estudiantes_cve_escuela_foreign` FOREIGN KEY (`cve_escuela`) REFERENCES `escuelas` (`cve_escuela`) ON DELETE CASCADE ON UPDATE CASCADE,
  ADD CONSTRAINT `estudiantes_cve_localidad_actual_foreign` FOREIGN KEY (`cve_localidad_actual`) REFERENCES `localidades` (`cve_localidad`) ON DELETE CASCADE ON UPDATE CASCADE,
  ADD CONSTRAINT `estudiantes_cve_localidad_origen_foreign` FOREIGN KEY (`cve_localidad_origen`) REFERENCES `localidades` (`cve_localidad`) ON DELETE CASCADE ON UPDATE CASCADE,
  ADD CONSTRAINT `estudiantes_cve_status_foreign` FOREIGN KEY (`cve_status`) REFERENCES `status_estudiantes` (`cve_status`) ON DELETE CASCADE ON UPDATE CASCADE,
  ADD CONSTRAINT `estudiantes_cve_turno_escuela_foreign` FOREIGN KEY (`cve_turno_escuela`) REFERENCES `turnos` (`cve_turno`) ON DELETE CASCADE ON UPDATE CASCADE,
  ADD CONSTRAINT `estudiantes_id_ciclo_foreign` FOREIGN KEY (`id_ciclo`) REFERENCES `ciclos` (`id_ciclo`) ON DELETE CASCADE ON UPDATE CASCADE;
COMMIT;

/*!40101 SET CHARACTER_SET_CLIENT=@OLD_CHARACTER_SET_CLIENT */;
/*!40101 SET CHARACTER_SET_RESULTS=@OLD_CHARACTER_SET_RESULTS */;
/*!40101 SET COLLATION_CONNECTION=@OLD_COLLATION_CONNECTION */;
